<?xml version="1.0" encoding="UTF-8" standalone="no"?>
<!DOCTYPE score-partwise PUBLIC "-//Recordare//DTD MusicXML 4.0 Partwise//EN" "http://www.musicxml.org/dtds/partwise.dtd">
<score-partwise version="4.0">
  <identification>
    <encoding>
      <software>Finale v27.3 for Windows</software>
      <encoding-date>2024-08-14</encoding-date>
      <supports attribute="new-system" element="print" type="yes" value="yes"/>
      <supports attribute="new-page" element="print" type="yes" value="yes"/>
      <supports element="accidental" type="yes"/>
      <supports element="beam" type="yes"/>
      <supports element="stem" type="yes"/>
    </encoding>
  </identification>
  <defaults>
    <scaling>
      <millimeters>8.4667</millimeters>
      <tenths>40</tenths>
    </scaling>
    <page-layout>
      <page-height>1320</page-height>
      <page-width>1020</page-width>
      <page-margins type="both">
        <left-margin>60</left-margin>
        <right-margin>60</right-margin>
        <top-margin>60</top-margin>
        <bottom-margin>60</bottom-margin>
      </page-margins>
    </page-layout>
    <system-layout>
      <system-margins>
        <left-margin>0</left-margin>
        <right-margin>0</right-margin>
      </system-margins>
      <system-distance>110</system-distance>
      <top-system-distance>67</top-system-distance>
    </system-layout>
    <appearance>
      <line-width type="stem">0.7682</line-width>
      <line-width type="beam">5</line-width>
      <line-width type="staff">0.7682</line-width>
      <line-width type="light barline">0.7682</line-width>
      <line-width type="heavy barline">5</line-width>
      <line-width type="leger">0.7682</line-width>
      <line-width type="ending">0.7682</line-width>
      <line-width type="wedge">0.7682</line-width>
      <line-width type="enclosure">0.7682</line-width>
      <line-width type="tuplet bracket">0.7682</line-width>
      <note-size type="grace">50</note-size>
      <note-size type="cue">50</note-size>
      <distance type="hyphen">60</distance>
      <distance type="beam">7.5</distance>
    </appearance>
    <music-font font-family="Finale Maestro,engraved" font-size="24"/>
    <word-font font-family="Times New Roman" font-size="12"/>
    <lyric-font font-family="Times New Roman" font-size="12"/>
  </defaults>
  <credit page="1">
    <credit-words default-x="120" default-y="319" valign="top" xml:space="preserve">Зап. 1971 р. Струтинський О. Д. від Осінської Броніслави Мартинівни з м. Шепетівки Шепетів-
ського р-ну Хмельницької обл. – ІМФЕ, ф. 14-3, од. зб. 860, арк. 41.</credit-words>
  </credit>
  <credit page="1">
    <credit-words default-x="116" default-y="746" font-size="17" valign="top" xml:space="preserve">1. Чорна хмара наступає, (2)
А син матір проганяє:
2. – Ідіть, мамо, ви від мене, (2)
Будуть гостоньки у мене.
3. – Буду, сину, у запічку, (2)
Малим діткам за наймичку.
4. – Дітки самі будуть спати, (2)
А ти, мати, пріч із хати.
5. Пішла мати стежичкою, (2)
Зустрілася із дочкою:</credit-words>
  </credit>
  <credit page="1">
    <credit-words default-x="522" default-y="749" font-size="17" valign="top" xml:space="preserve">6. – Ой куди ж ви, мамцю, йдете, (2)
Що так дрібні сльози ллєте?
7. – Моя доню, йду до тебе, (2)
Прогнав мене син від себе!
8. – Я вас, мамо, не приймаю, (2)
Бо лихую долю маю.
9. – Будем, доню, заробляти, (2)
Лихій долі догоджати.
10. – Ручки-ніжки одробила, (2)
Лихій долі не вгодила.</credit-words>
  </credit>
  <credit page="1">
    <credit-words default-x="526" default-y="45" valign="top">431</credit-words>
  </credit>
  <credit page="1">
    <credit-words default-x="354" default-y="1146" font-size="19" valign="top">610. Чорна хмара наступає (15-БР-07)</credit-words>
  </credit>
  <credit page="1">
    <credit-words default-x="285" default-y="1099" valign="top">Помірно</credit-words>
  </credit>
  <part-list>
    <score-part id="P1">
      <part-name print-object="no">MusicXML Part</part-name>
      <group>score</group>
      <score-instrument id="P1-I1">
        <instrument-name>Čķńņšóģåķņ 1</instrument-name>
      </score-instrument>
      <midi-instrument id="P1-I1">
        <midi-channel>1</midi-channel>
        <midi-program>1</midi-program>
        <volume>80</volume>
        <pan>0</pan>
      </midi-instrument>
    </score-part>
  </part-list>
  <!--=========================================================-->
  <part id="P1">
    <measure number="1" width="311">
      <print>
        <page-layout>
          <page-height>1320</page-height>
          <page-width>1020</page-width>
          <page-margins>
            <left-margin>120</left-margin>
            <right-margin>60</right-margin>
            <top-margin>60</top-margin>
            <bottom-margin>60</bottom-margin>
          </page-margins>
        </page-layout>
        <system-layout>
          <system-margins>
            <left-margin>62</left-margin>
            <right-margin>0</right-margin>
          </system-margins>
          <top-system-distance>193</top-system-distance>
        </system-layout>
        <measure-numbering>none</measure-numbering>
      </print>
      <attributes>
        <divisions>4</divisions>
        <key>
          <fifths>-3</fifths>
          <mode>major</mode>
        </key>
        <time>
          <beats>2</beats>
          <beat-type>4</beat-type>
        </time>
        <clef>
          <sign>G</sign>
          <line>2</line>
        </clef>
      </attributes>
      <sound tempo="96">
        <swing>
          <straight/>
        </swing>
      </sound>
      <note default-x="131">
        <pitch>
          <step>G</step>
          <octave>3</octave>
        </pitch>
        <duration>2</duration>
        <voice>1</voice>
        <type>eighth</type>
        <stem default-y="-20">up</stem>
        <lyric default-y="-97" number="2">
          <syllabic>single</syllabic>
          <text>1.</text>
          <elision> </elision>
          <syllabic>begin</syllabic>
          <text>Чор</text>
        </lyric>
      </note>
      <note default-x="180">
        <pitch>
          <step>C</step>
          <octave>4</octave>
        </pitch>
        <duration>2</duration>
        <voice>1</voice>
        <type>eighth</type>
        <stem default-y="-15">up</stem>
        <lyric default-y="-97" number="2">
          <syllabic>end</syllabic>
          <text>на</text>
        </lyric>
      </note>
      <note default-x="224">
        <pitch>
          <step>C</step>
          <octave>4</octave>
        </pitch>
        <duration>2</duration>
        <voice>1</voice>
        <type>eighth</type>
        <stem default-y="-15">up</stem>
        <lyric default-y="-97" number="2">
          <syllabic>begin</syllabic>
          <text>хма</text>
        </lyric>
      </note>
      <note default-x="268">
        <pitch>
          <step>E</step>
          <alter>-1</alter>
          <octave>4</octave>
        </pitch>
        <duration>2</duration>
        <voice>1</voice>
        <type>eighth</type>
        <stem default-y="-5">up</stem>
        <lyric default-y="-97" number="2">
          <syllabic>end</syllabic>
          <text>ра</text>
        </lyric>
      </note>
      <backup>
        <duration>8</duration>
      </backup>
      <note default-x="131">
        <rest>
          <display-step>C</display-step>
          <display-octave>4</display-octave>
        </rest>
        <duration>4</duration>
        <voice>2</voice>
        <type>quarter</type>
      </note>
      <note default-x="224">
        <rest>
          <display-step>C</display-step>
          <display-octave>4</display-octave>
        </rest>
        <duration>2</duration>
        <voice>2</voice>
        <type>eighth</type>
      </note>
      <note default-x="268">
        <pitch>
          <step>C</step>
          <octave>4</octave>
        </pitch>
        <duration>2</duration>
        <voice>2</voice>
        <type>eighth</type>
        <stem default-y="-85">down</stem>
      </note>
    </measure>
    <!--=======================================================-->
    <measure number="2" width="178">
      <note default-x="13">
        <pitch>
          <step>A</step>
          <alter>-1</alter>
          <octave>4</octave>
        </pitch>
        <duration>1</duration>
        <voice>1</voice>
        <type>16th</type>
        <stem default-y="10">up</stem>
        <beam number="1">begin</beam>
        <beam number="2">begin</beam>
        <notations>
          <slur bezier-x="8" bezier-y="6" default-x="13" default-y="15" number="1" placement="above" type="start"/>
        </notations>
        <lyric default-y="-97" number="2">
          <syllabic>begin</syllabic>
          <text>на</text>
        </lyric>
      </note>
      <note default-x="36">
        <pitch>
          <step>G</step>
          <octave>4</octave>
        </pitch>
        <duration>1</duration>
        <voice>1</voice>
        <type>16th</type>
        <stem default-y="5">up</stem>
        <beam number="1">end</beam>
        <beam number="2">end</beam>
        <notations>
          <slur bezier-x="-5" bezier-y="9" default-x="12" default-y="10" number="1" type="stop"/>
        </notations>
      </note>
      <note default-x="58">
        <pitch>
          <step>A</step>
          <alter>-1</alter>
          <octave>4</octave>
        </pitch>
        <duration>1</duration>
        <voice>1</voice>
        <type>16th</type>
        <stem default-y="10">up</stem>
        <beam number="1">begin</beam>
        <beam number="2">begin</beam>
        <notations>
          <slur bezier-x="8" bezier-y="6" default-x="13" default-y="15" number="1" placement="above" type="start"/>
        </notations>
        <lyric default-y="-97" number="2" relative-x="5">
          <syllabic>middle</syllabic>
          <text>сту</text>
        </lyric>
      </note>
      <note default-x="81">
        <pitch>
          <step>F</step>
          <octave>4</octave>
        </pitch>
        <duration>1</duration>
        <voice>1</voice>
        <type>16th</type>
        <stem default-y="5">up</stem>
        <beam number="1">end</beam>
        <beam number="2">end</beam>
        <notations>
          <slur bezier-x="-5" bezier-y="9" default-x="12" default-y="10" number="1" type="stop"/>
        </notations>
      </note>
      <note default-x="104">
        <pitch>
          <step>G</step>
          <octave>4</octave>
        </pitch>
        <duration>2</duration>
        <voice>1</voice>
        <type>eighth</type>
        <stem default-y="5">up</stem>
        <lyric default-y="-97" number="2">
          <syllabic>middle</syllabic>
          <text>па</text>
        </lyric>
      </note>
      <note default-x="140">
        <pitch>
          <step>B</step>
          <alter>-1</alter>
          <octave>4</octave>
        </pitch>
        <duration>2</duration>
        <voice>1</voice>
        <type>eighth</type>
        <stem default-y="15">up</stem>
        <lyric default-y="-97" number="2">
          <syllabic>end</syllabic>
          <text>є,/</text>
        </lyric>
      </note>
      <backup>
        <duration>8</duration>
      </backup>
      <note default-x="13">
        <pitch>
          <step>F</step>
          <octave>4</octave>
        </pitch>
        <duration>1</duration>
        <voice>2</voice>
        <type>16th</type>
        <stem default-y="-70">down</stem>
        <beam number="1">begin</beam>
        <beam number="2">begin</beam>
        <notations>
          <slur bezier-x="5" bezier-y="-9" default-x="1" default-y="-75" number="1" placement="below" type="start"/>
        </notations>
      </note>
      <note default-x="36">
        <pitch>
          <step>E</step>
          <alter>-1</alter>
          <octave>4</octave>
        </pitch>
        <duration>1</duration>
        <voice>2</voice>
        <type>16th</type>
        <stem default-y="-75">down</stem>
        <beam number="1">end</beam>
        <beam number="2">end</beam>
        <notations>
          <slur bezier-x="-8" bezier-y="-6" default-x="0" default-y="-80" number="1" type="stop"/>
        </notations>
      </note>
      <note default-x="58">
        <pitch>
          <step>F</step>
          <octave>4</octave>
        </pitch>
        <duration>1</duration>
        <voice>2</voice>
        <type>16th</type>
        <stem default-y="-75">down</stem>
        <beam number="1">begin</beam>
        <beam number="2">begin</beam>
        <notations>
          <slur bezier-x="5" bezier-y="-9" default-x="1" default-y="-80" number="1" placement="below" type="start"/>
        </notations>
      </note>
      <note default-x="81">
        <pitch>
          <step>D</step>
          <octave>4</octave>
        </pitch>
        <duration>1</duration>
        <voice>2</voice>
        <type>16th</type>
        <stem default-y="-80">down</stem>
        <beam number="1">end</beam>
        <beam number="2">end</beam>
        <notations>
          <slur bezier-x="-8" bezier-y="-6" default-x="0" default-y="-85" number="1" type="stop"/>
        </notations>
      </note>
      <note default-x="104">
        <pitch>
          <step>E</step>
          <alter>-1</alter>
          <octave>4</octave>
        </pitch>
        <duration>2</duration>
        <voice>2</voice>
        <type>eighth</type>
        <stem default-y="-75">down</stem>
      </note>
      <note default-x="140">
        <pitch>
          <step>G</step>
          <octave>4</octave>
        </pitch>
        <duration>2</duration>
        <voice>2</voice>
        <type>eighth</type>
        <stem default-y="-65">down</stem>
      </note>
    </measure>
    <!--=======================================================-->
    <measure number="3" width="182">
      <note default-x="13">
        <pitch>
          <step>B</step>
          <alter>-1</alter>
          <octave>4</octave>
        </pitch>
        <duration>1</duration>
        <voice>1</voice>
        <type>16th</type>
        <stem default-y="15">up</stem>
        <beam number="1">begin</beam>
        <beam number="2">begin</beam>
        <notations>
          <slur bezier-x="8" bezier-y="6" default-x="13" default-y="20" number="1" placement="above" type="start"/>
        </notations>
        <lyric default-y="-97" number="2">
          <syllabic>begin</syllabic>
          <text>чор</text>
        </lyric>
      </note>
      <note default-x="36">
        <pitch>
          <step>A</step>
          <alter>-1</alter>
          <octave>4</octave>
        </pitch>
        <duration>1</duration>
        <voice>1</voice>
        <type>16th</type>
        <stem default-y="10">up</stem>
        <beam number="1">end</beam>
        <beam number="2">end</beam>
        <notations>
          <slur bezier-x="-5" bezier-y="9" default-x="12" default-y="15" number="1" type="stop"/>
        </notations>
      </note>
      <note default-x="60">
        <pitch>
          <step>A</step>
          <alter>-1</alter>
          <octave>4</octave>
        </pitch>
        <duration>2</duration>
        <voice>1</voice>
        <type>eighth</type>
        <stem default-y="10">up</stem>
        <lyric default-y="-97" number="2">
          <syllabic>end</syllabic>
          <text>на</text>
        </lyric>
      </note>
      <note default-x="106">
        <pitch>
          <step>B</step>
          <alter>-1</alter>
          <octave>4</octave>
        </pitch>
        <duration>2</duration>
        <voice>1</voice>
        <type>eighth</type>
        <stem default-y="15">up</stem>
        <lyric default-y="-97" number="2">
          <syllabic>begin</syllabic>
          <text>хма</text>
        </lyric>
      </note>
      <note default-x="143">
        <pitch>
          <step>C</step>
          <octave>5</octave>
        </pitch>
        <duration>2</duration>
        <voice>1</voice>
        <type>eighth</type>
        <stem default-y="20">up</stem>
        <lyric default-y="-97" number="2">
          <syllabic>end</syllabic>
          <text>ра</text>
        </lyric>
      </note>
      <backup>
        <duration>8</duration>
      </backup>
      <note default-x="13">
        <pitch>
          <step>G</step>
          <octave>4</octave>
        </pitch>
        <duration>2</duration>
        <voice>2</voice>
        <type>eighth</type>
        <stem default-y="-65">down</stem>
      </note>
      <note default-x="60">
        <pitch>
          <step>F</step>
          <octave>4</octave>
        </pitch>
        <duration>1</duration>
        <voice>2</voice>
        <type>16th</type>
        <stem default-y="-75">down</stem>
        <beam number="1">begin</beam>
        <beam number="2">begin</beam>
        <notations>
          <slur bezier-x="5" bezier-y="-9" default-x="1" default-y="-80" number="1" placement="below" type="start"/>
        </notations>
      </note>
      <note default-x="83">
        <pitch>
          <step>D</step>
          <octave>4</octave>
        </pitch>
        <duration>1</duration>
        <voice>2</voice>
        <type>16th</type>
        <stem default-y="-80">down</stem>
        <beam number="1">end</beam>
        <beam number="2">end</beam>
        <notations>
          <slur bezier-x="-8" bezier-y="-6" default-x="0" default-y="-85" number="1" type="stop"/>
        </notations>
      </note>
      <note default-x="106">
        <pitch>
          <step>G</step>
          <octave>4</octave>
        </pitch>
        <duration>2</duration>
        <voice>2</voice>
        <type>eighth</type>
        <stem default-y="-65">down</stem>
      </note>
      <note default-x="143">
        <pitch>
          <step>E</step>
          <alter>-1</alter>
          <octave>4</octave>
        </pitch>
        <duration>2</duration>
        <voice>2</voice>
        <type>eighth</type>
        <stem default-y="-75">down</stem>
      </note>
    </measure>
    <!--=======================================================-->
    <measure number="4" width="108">
      <note default-x="13">
        <pitch>
          <step>G</step>
          <octave>4</octave>
        </pitch>
        <duration>4</duration>
        <voice>1</voice>
        <type>quarter</type>
        <stem default-y="5">up</stem>
        <lyric default-y="-97" number="2">
          <syllabic>begin</syllabic>
          <text>на</text>
        </lyric>
      </note>
      <note default-x="55">
        <pitch>
          <step>D</step>
          <octave>5</octave>
        </pitch>
        <duration>4</duration>
        <voice>1</voice>
        <type>quarter</type>
        <stem default-y="18.5">up</stem>
        <lyric default-y="-97" number="2">
          <syllabic>middle</syllabic>
          <text>сту</text>
        </lyric>
      </note>
      <backup>
        <duration>8</duration>
      </backup>
      <note default-x="25">
        <pitch>
          <step>F</step>
          <octave>4</octave>
        </pitch>
        <duration>4</duration>
        <voice>2</voice>
        <type>quarter</type>
        <stem default-y="-63">down</stem>
      </note>
      <note default-x="55">
        <pitch>
          <step>F</step>
          <octave>4</octave>
        </pitch>
        <duration>2</duration>
        <voice>2</voice>
        <type>eighth</type>
        <stem default-y="-75">down</stem>
        <beam number="1">begin</beam>
        <notations>
          <slur bezier-x="6" bezier-y="-10" default-x="1" default-y="-80" number="1" placement="below" type="start"/>
        </notations>
      </note>
      <note default-x="81">
        <pitch>
          <step>D</step>
          <octave>4</octave>
        </pitch>
        <duration>2</duration>
        <voice>2</voice>
        <type>eighth</type>
        <stem default-y="-80">down</stem>
        <beam number="1">end</beam>
        <notations>
          <slur bezier-x="-9" bezier-y="-7" default-x="0" default-y="-85" number="1" type="stop"/>
        </notations>
      </note>
      <barline location="right">
        <bar-style>none</bar-style>
      </barline>
    </measure>
    <!--=======================================================-->
    <measure number="5" width="269">
      <print new-system="yes">
        <system-layout>
          <system-distance>78</system-distance>
        </system-layout>
      </print>
      <note default-x="98">
        <pitch>
          <step>C</step>
          <octave>5</octave>
        </pitch>
        <duration>4</duration>
        <voice>1</voice>
        <type>quarter</type>
        <stem default-y="13.5">up</stem>
        <notations>
          <slur bezier-x="20" bezier-y="13" default-x="18" default-y="3" number="1" orientation="over" type="start"/>
        </notations>
        <lyric default-y="-97" number="2">
          <syllabic>middle</syllabic>
          <text>па</text>
        </lyric>
      </note>
      <note default-x="174">
        <pitch>
          <step>G</step>
          <octave>4</octave>
        </pitch>
        <duration>2</duration>
        <voice>1</voice>
        <type>eighth</type>
        <stem default-y="5">up</stem>
        <notations>
          <slur bezier-x="-16" bezier-y="18" default-x="7" default-y="-5" number="1" type="stop"/>
        </notations>
      </note>
      <note default-x="221">
        <pitch>
          <step>A</step>
          <alter>-1</alter>
          <octave>4</octave>
        </pitch>
        <duration>2</duration>
        <voice>1</voice>
        <type>eighth</type>
        <stem default-y="10">up</stem>
        <lyric default-y="-97" number="2">
          <syllabic>end</syllabic>
          <text>є,/</text>
        </lyric>
      </note>
      <backup>
        <duration>8</duration>
      </backup>
      <note default-x="98">
        <pitch>
          <step>C</step>
          <octave>4</octave>
        </pitch>
        <duration>4</duration>
        <voice>2</voice>
        <type>quarter</type>
        <stem default-y="-78">down</stem>
        <notations>
          <slur bezier-x="19" bezier-y="-15" default-x="6" default-y="-68" number="1" placement="below" type="start"/>
        </notations>
      </note>
      <note default-x="174">
        <pitch>
          <step>E</step>
          <alter>-1</alter>
          <octave>4</octave>
        </pitch>
        <duration>2</duration>
        <voice>2</voice>
        <type>eighth</type>
        <stem default-y="-75">down</stem>
        <notations>
          <slur bezier-x="-17" bezier-y="-16" default-x="-5" default-y="-65" number="1" type="stop"/>
        </notations>
      </note>
      <note default-x="221">
        <pitch>
          <step>F</step>
          <octave>4</octave>
        </pitch>
        <duration>2</duration>
        <voice>2</voice>
        <type>eighth</type>
        <stem default-y="-70">down</stem>
      </note>
    </measure>
    <!--=======================================================-->
    <measure number="6" width="263">
      <note default-x="13">
        <pitch>
          <step>B</step>
          <alter>-1</alter>
          <octave>4</octave>
        </pitch>
        <duration>1</duration>
        <voice>1</voice>
        <type>16th</type>
        <stem default-y="15">up</stem>
        <beam number="1">begin</beam>
        <beam number="2">begin</beam>
        <notations>
          <slur bezier-x="11" bezier-y="8" default-x="13" default-y="20" number="1" placement="above" type="start"/>
        </notations>
        <lyric default-y="-97" number="2">
          <syllabic>single</syllabic>
          <text>а</text>
        </lyric>
      </note>
      <note default-x="48">
        <pitch>
          <step>G</step>
          <octave>4</octave>
        </pitch>
        <duration>1</duration>
        <voice>1</voice>
        <type>16th</type>
        <stem default-y="10">up</stem>
        <beam number="1">end</beam>
        <beam number="2">end</beam>
        <notations>
          <slur bezier-x="-8" bezier-y="11" default-x="12" default-y="15" number="1" type="stop"/>
        </notations>
      </note>
      <note default-x="82">
        <pitch>
          <step>C</step>
          <octave>5</octave>
        </pitch>
        <duration>2</duration>
        <voice>1</voice>
        <type>eighth</type>
        <stem default-y="20">up</stem>
        <lyric default-y="-97" number="2">
          <syllabic>single</syllabic>
          <text>син</text>
        </lyric>
      </note>
      <note default-x="151">
        <pitch>
          <step>B</step>
          <alter>-1</alter>
          <octave>4</octave>
        </pitch>
        <duration>2</duration>
        <voice>1</voice>
        <type>eighth</type>
        <stem default-y="15">up</stem>
        <lyric default-y="-97" number="2">
          <syllabic>begin</syllabic>
          <text>ма</text>
        </lyric>
      </note>
      <note default-x="207">
        <pitch>
          <step>C</step>
          <octave>5</octave>
        </pitch>
        <duration>2</duration>
        <voice>1</voice>
        <type>eighth</type>
        <stem default-y="20">up</stem>
        <lyric default-y="-97" number="2">
          <syllabic>end</syllabic>
          <text>тір</text>
        </lyric>
      </note>
      <backup>
        <duration>8</duration>
      </backup>
      <note default-x="13">
        <pitch>
          <step>G</step>
          <octave>4</octave>
        </pitch>
        <duration>2</duration>
        <voice>2</voice>
        <type>eighth</type>
        <stem default-y="-65">down</stem>
      </note>
      <note default-x="82">
        <pitch>
          <step>A</step>
          <alter>-1</alter>
          <octave>4</octave>
        </pitch>
        <duration>1</duration>
        <voice>2</voice>
        <type>16th</type>
        <stem default-y="-65">down</stem>
        <beam number="1">begin</beam>
        <beam number="2">begin</beam>
        <notations>
          <slur bezier-x="8" bezier-y="-11" default-x="1" default-y="-70" number="1" placement="below" type="start"/>
        </notations>
      </note>
      <note default-x="116">
        <pitch>
          <step>F</step>
          <octave>4</octave>
        </pitch>
        <duration>1</duration>
        <voice>2</voice>
        <type>16th</type>
        <stem default-y="-70">down</stem>
        <beam number="1">end</beam>
        <beam number="2">end</beam>
        <notations>
          <slur bezier-x="-11" bezier-y="-8" default-x="0" default-y="-75" number="1" type="stop"/>
        </notations>
      </note>
      <note default-x="151">
        <pitch>
          <step>G</step>
          <octave>4</octave>
        </pitch>
        <duration>2</duration>
        <voice>2</voice>
        <type>eighth</type>
        <stem default-y="-65">down</stem>
      </note>
      <note default-x="207">
        <pitch>
          <step>F</step>
          <octave>4</octave>
        </pitch>
        <duration>2</duration>
        <voice>2</voice>
        <type>eighth</type>
        <stem default-y="-70">down</stem>
      </note>
    </measure>
    <!--=======================================================-->
    <measure number="7" width="155">
      <note default-x="13">
        <pitch>
          <step>G</step>
          <octave>4</octave>
        </pitch>
        <duration>4</duration>
        <voice>1</voice>
        <type>quarter</type>
        <stem default-y="5">up</stem>
        <lyric default-y="-97" number="2">
          <syllabic>begin</syllabic>
          <text>про</text>
        </lyric>
      </note>
      <note default-x="76">
        <pitch>
          <step>D</step>
          <octave>5</octave>
        </pitch>
        <duration>4</duration>
        <voice>1</voice>
        <type>quarter</type>
        <stem default-y="18.5">up</stem>
        <lyric default-y="-97" number="2">
          <syllabic>middle</syllabic>
          <text>га</text>
        </lyric>
      </note>
      <backup>
        <duration>8</duration>
      </backup>
      <note default-x="25">
        <pitch>
          <step>F</step>
          <octave>4</octave>
        </pitch>
        <duration>4</duration>
        <voice>2</voice>
        <type>quarter</type>
        <stem default-y="-63">down</stem>
      </note>
      <note default-x="76">
        <pitch>
          <step>E</step>
          <alter>-1</alter>
          <octave>4</octave>
        </pitch>
        <duration>2</duration>
        <voice>2</voice>
        <type>eighth</type>
        <stem default-y="-75">down</stem>
        <beam number="1">begin</beam>
        <notations>
          <slur bezier-x="10" bezier-y="-12" default-x="1" default-y="-80" number="1" placement="below" type="start"/>
        </notations>
      </note>
      <note default-x="115">
        <pitch>
          <step>D</step>
          <octave>4</octave>
        </pitch>
        <duration>2</duration>
        <voice>2</voice>
        <type>eighth</type>
        <stem default-y="-80">down</stem>
        <beam number="1">end</beam>
        <notations>
          <slur bezier-x="-12" bezier-y="-9" default-x="0" default-y="-85" number="1" type="stop"/>
        </notations>
      </note>
    </measure>
    <!--=======================================================-->
    <measure number="8" width="153">
      <note default-x="16">
        <pitch>
          <step>C</step>
          <octave>5</octave>
        </pitch>
        <duration>4</duration>
        <voice>1</voice>
        <type>quarter</type>
        <stem default-y="13.5">up</stem>
        <lyric default-y="-97" number="2">
          <syllabic>middle</syllabic>
          <text>ня</text>
        </lyric>
      </note>
      <note default-x="80">
        <pitch>
          <step>C</step>
          <octave>5</octave>
        </pitch>
        <duration>4</duration>
        <voice>1</voice>
        <type>quarter</type>
        <stem default-y="13.5">up</stem>
        <lyric default-y="-97" number="2">
          <syllabic>end</syllabic>
          <text>є.</text>
        </lyric>
      </note>
      <backup>
        <duration>8</duration>
      </backup>
      <note default-x="16">
        <pitch>
          <step>C</step>
          <octave>4</octave>
        </pitch>
        <duration>4</duration>
        <voice>2</voice>
        <type>quarter</type>
        <stem default-y="-78">down</stem>
      </note>
      <note default-x="80">
        <pitch>
          <step>C</step>
          <octave>4</octave>
        </pitch>
        <duration>4</duration>
        <voice>2</voice>
        <type>quarter</type>
        <stem default-y="-78">down</stem>
      </note>
      <barline location="right">
        <bar-style>light-heavy</bar-style>
      </barline>
    </measure>
  </part>
  <!--=========================================================-->
</score-partwise>
