<?xml version="1.0" encoding="UTF-8" standalone="no"?>
<!DOCTYPE score-partwise PUBLIC "-//Recordare//DTD MusicXML 4.0 Partwise//EN" "http://www.musicxml.org/dtds/partwise.dtd">
<score-partwise version="4.0">
  <identification>
    <encoding>
      <software>Finale v27.3 for Windows</software>
      <encoding-date>2024-10-01</encoding-date>
      <supports attribute="new-system" element="print" type="yes" value="yes"/>
      <supports attribute="new-page" element="print" type="yes" value="yes"/>
      <supports element="accidental" type="yes"/>
      <supports element="beam" type="yes"/>
      <supports element="stem" type="yes"/>
    </encoding>
  </identification>
  <defaults>
    <scaling>
      <millimeters>8.4667</millimeters>
      <tenths>40</tenths>
    </scaling>
    <page-layout>
      <page-height>1320</page-height>
      <page-width>1020</page-width>
      <page-margins type="both">
        <left-margin>60</left-margin>
        <right-margin>60</right-margin>
        <top-margin>60</top-margin>
        <bottom-margin>60</bottom-margin>
      </page-margins>
    </page-layout>
    <system-layout>
      <system-margins>
        <left-margin>60</left-margin>
        <right-margin>0</right-margin>
      </system-margins>
      <system-distance>552</system-distance>
      <top-system-distance>533</top-system-distance>
    </system-layout>
    <appearance>
      <line-width type="stem">0.7682</line-width>
      <line-width type="beam">5</line-width>
      <line-width type="staff">0.7682</line-width>
      <line-width type="light barline">0.7682</line-width>
      <line-width type="heavy barline">5</line-width>
      <line-width type="leger">0.7682</line-width>
      <line-width type="ending">0.7682</line-width>
      <line-width type="wedge">0.7682</line-width>
      <line-width type="enclosure">0.7682</line-width>
      <line-width type="tuplet bracket">0.7682</line-width>
      <note-size type="grace">50</note-size>
      <note-size type="cue">50</note-size>
      <distance type="hyphen">60</distance>
      <distance type="beam">7.5</distance>
    </appearance>
    <music-font font-family="Finale Maestro,engraved" font-size="24"/>
    <word-font font-family="Times New Roman" font-size="12"/>
    <lyric-font font-family="Times New Roman" font-size="12"/>
  </defaults>
  <credit page="1">
    <credit-words default-x="361" default-y="1070" font-size="19" valign="top">478. Ой на горі (05-БР-09)</credit-words>
  </credit>
  <credit page="1">
    <credit-words default-x="304" default-y="1038" valign="top">64</credit-words>
  </credit>
  <credit page="1">
    <credit-words default-x="283" default-y="1018" valign="top">2-гі голоси</credit-words>
  </credit>
  <credit page="1">
    <credit-words default-x="513" default-y="1030" valign="top">+ виводчик</credit-words>
  </credit>
  <credit page="1">
    <credit-words default-x="135" default-y="771" font-size="17" valign="top" xml:space="preserve">1. Ой на горі 
Висока могила, 
Там дівчина 
Й вечерю варила:*
2. – Кіпи, кіпи, 
Вечеря, поволі, 
Десь мій милий 
В далекій дорозі.
3. А вже моя 
Вечеря вкипає,
А мій милий 
На поріг ступає.</credit-words>
  </credit>
  <credit page="1">
    <credit-words default-x="126" default-y="355" valign="top" xml:space="preserve">Зап. 23 липня 1978 р. Дем’ян Г. В., Мишанич М. В. (мел.) у с. Лоївці Новоушицького р-ну 
Хмельницької обл. від Розової Марії Василівни, 1930 р. н., Куцяк Олександри  Миколаївни, 
1922 р. н., Сухаревої Марії Іллівни, 1930 р. н. і Гуменюк Марії Улянівни,  1924 р. н. – ІМФЕ, 
ф. 14-3, од.зб. 973, арк. 3-4 (текст), арк. 222 (мел.), № 1. </credit-words>
  </credit>
  <credit page="1">
    <credit-words default-x="121" default-y="80" valign="top">* Кожні два рядки пісні виконують двічі. (Л. Є.)</credit-words>
  </credit>
  <credit page="1">
    <credit-words default-x="419" default-y="771" font-size="17" valign="top" xml:space="preserve">4. – Сідай, милий, 
На сіннім порозі 
Та й розказуй,
Що ти чув в дорозі?
5. – Чув я, мила, 
Про тебе новину, 
Що ти маєш 
Маленьку дитину.
6. – Ой у мене 
Циганочка була,
Вона в мене 
Дитину забула.</credit-words>
  </credit>
  <credit page="1">
    <credit-words default-x="719" default-y="771" font-size="17" valign="top" xml:space="preserve">7. – Брешеш, мила, 
Не циганські очі,
Воно, мила, 
Й на тебе похоже.
8. До півночі 
Нагайка бриніла,
А в півночі 
Мила задубіла.</credit-words>
  </credit>
  <credit page="1">
    <credit-words default-x="525" default-y="45" valign="top">335</credit-words>
  </credit>
  <part-list>
    <score-part id="P1">
      <part-name print-object="no">MusicXML Part</part-name>
      <group>score</group>
      <score-instrument id="P1-I1">
        <instrument-name>Čķńņšóģåķņ 1</instrument-name>
      </score-instrument>
      <midi-instrument id="P1-I1">
        <midi-channel>1</midi-channel>
        <midi-program>1</midi-program>
        <volume>80</volume>
        <pan>0</pan>
      </midi-instrument>
    </score-part>
  </part-list>
  <!--=========================================================-->
  <part id="P1">
    <measure number="1" width="263">
      <print>
        <page-layout>
          <page-height>1320</page-height>
          <page-width>1020</page-width>
          <page-margins>
            <left-margin>120</left-margin>
            <right-margin>60</right-margin>
            <top-margin>60</top-margin>
            <bottom-margin>60</bottom-margin>
          </page-margins>
        </page-layout>
        <system-layout>
          <system-margins>
            <left-margin>61</left-margin>
            <right-margin>0</right-margin>
          </system-margins>
          <top-system-distance>265</top-system-distance>
        </system-layout>
        <measure-numbering>none</measure-numbering>
      </print>
      <attributes>
        <divisions>4</divisions>
        <key>
          <fifths>0</fifths>
          <mode>major</mode>
        </key>
        <time symbol="common">
          <beats>4</beats>
          <beat-type>4</beat-type>
        </time>
        <clef>
          <sign>G</sign>
          <line>2</line>
        </clef>
      </attributes>
      <sound tempo="96">
        <swing>
          <straight/>
        </swing>
      </sound>
      <direction placement="above">
        <direction-type>
          <words default-y="28" relative-x="-121">quarter note equals</words>
        </direction-type>
      </direction>
      <note default-x="85">
        <pitch>
          <step>A</step>
          <octave>3</octave>
        </pitch>
        <duration>2</duration>
        <voice>1</voice>
        <type>eighth</type>
        <stem default-y="-20">up</stem>
        <lyric default-y="-100" number="1">
          <syllabic>single</syllabic>
          <text>1.</text>
          <elision> </elision>
          <syllabic>single</syllabic>
          <text>Ой</text>
        </lyric>
      </note>
      <note default-x="128">
        <pitch>
          <step>C</step>
          <octave>4</octave>
        </pitch>
        <duration>2</duration>
        <voice>1</voice>
        <type>eighth</type>
        <stem default-y="-15">up</stem>
        <lyric default-y="-100" number="1">
          <syllabic>single</syllabic>
          <text>на</text>
        </lyric>
      </note>
      <note default-x="156">
        <pitch>
          <step>E</step>
          <octave>4</octave>
        </pitch>
        <duration>4</duration>
        <voice>1</voice>
        <type>quarter</type>
        <stem default-y="-5">up</stem>
        <lyric default-y="-100" number="1" relative-x="3">
          <syllabic>begin</syllabic>
          <text>го</text>
        </lyric>
      </note>
      <note default-x="196">
        <pitch>
          <step>C</step>
          <octave>4</octave>
        </pitch>
        <duration>6</duration>
        <voice>1</voice>
        <type>quarter</type>
        <dot/>
        <stem default-y="-15">up</stem>
        <notations>
          <slur bezier-x="8" bezier-y="-13" default-x="6" default-y="-60" number="1" placement="below" type="start"/>
        </notations>
        <lyric default-y="-95" number="1" relative-x="10">
          <syllabic>end</syllabic>
          <text>рі/</text>
        </lyric>
      </note>
      <note default-x="234">
        <pitch>
          <step>A</step>
          <octave>3</octave>
        </pitch>
        <duration>2</duration>
        <voice>1</voice>
        <type>eighth</type>
        <stem default-y="-20">up</stem>
        <notations>
          <slur bezier-x="-14" bezier-y="-7" default-x="6" default-y="-70" number="1" type="stop"/>
        </notations>
      </note>
      <backup>
        <duration>16</duration>
      </backup>
      <forward>
        <duration>4</duration>
        <voice>2</voice>
      </forward>
      <note default-x="156">
        <pitch>
          <step>E</step>
          <octave>4</octave>
        </pitch>
        <duration>2</duration>
        <voice>2</voice>
        <type>eighth</type>
        <stem default-y="-75">down</stem>
        <beam number="1">begin</beam>
        <notations>
          <slur bezier-x="4" bezier-y="-9" default-x="1" default-y="-80" number="1" placement="below" type="start"/>
        </notations>
      </note>
      <note default-x="176">
        <pitch>
          <step>D</step>
          <octave>4</octave>
        </pitch>
        <duration>2</duration>
        <voice>2</voice>
        <type>eighth</type>
        <stem default-y="-80">down</stem>
        <beam number="1">end</beam>
        <notations>
          <slur bezier-x="-7" bezier-y="-6" default-x="0" default-y="-85" number="1" type="stop"/>
        </notations>
      </note>
      <forward>
        <duration>8</duration>
        <voice>2</voice>
      </forward>
    </measure>
    <!--=======================================================-->
    <measure number="2" width="237">
      <attributes>
        <time>
          <beats>3</beats>
          <beat-type>4</beat-type>
        </time>
      </attributes>
      <note default-x="48">
        <pitch>
          <step>E</step>
          <octave>4</octave>
        </pitch>
        <duration>2</duration>
        <voice>1</voice>
        <type>eighth</type>
        <stem default-y="-5">up</stem>
        <lyric default-y="-100" number="1">
          <syllabic>begin</syllabic>
          <text>ви</text>
        </lyric>
      </note>
      <note default-x="78">
        <pitch>
          <step>G</step>
          <octave>4</octave>
        </pitch>
        <duration>2</duration>
        <voice>1</voice>
        <type>eighth</type>
        <stem default-y="5">up</stem>
        <lyric default-y="-100" number="1">
          <syllabic>middle</syllabic>
          <text>со</text>
        </lyric>
      </note>
      <note default-x="104">
        <pitch>
          <step>G</step>
          <octave>4</octave>
        </pitch>
        <duration>1</duration>
        <voice>1</voice>
        <type>16th</type>
        <stem default-y="5">up</stem>
        <beam number="1">begin</beam>
        <beam number="2">begin</beam>
        <notations>
          <slur bezier-x="7" bezier-y="5" default-x="13" default-y="10" number="1" placement="above" type="start"/>
        </notations>
        <lyric default-y="-100" number="1" relative-x="3">
          <syllabic>end</syllabic>
          <text>ка</text>
        </lyric>
      </note>
      <note default-x="121">
        <pitch>
          <step>E</step>
          <octave>4</octave>
        </pitch>
        <duration>1</duration>
        <voice>1</voice>
        <type>16th</type>
        <stem default-y="0">up</stem>
        <beam number="1">end</beam>
        <beam number="2">end</beam>
        <notations>
          <slur bezier-x="-2" bezier-y="8" default-x="12" default-y="5" number="1" type="stop"/>
        </notations>
      </note>
      <note default-x="143">
        <pitch>
          <step>E</step>
          <octave>4</octave>
        </pitch>
        <duration>2</duration>
        <voice>1</voice>
        <type>eighth</type>
        <stem default-y="-5">up</stem>
        <lyric default-y="-100" number="1">
          <syllabic>begin</syllabic>
          <text>мо</text>
        </lyric>
      </note>
      <note default-x="172">
        <pitch>
          <step>F</step>
          <octave>4</octave>
        </pitch>
        <duration>2</duration>
        <voice>1</voice>
        <type>eighth</type>
        <stem default-y="0">up</stem>
        <lyric default-y="-100" number="1">
          <syllabic>middle</syllabic>
          <text>ги</text>
        </lyric>
      </note>
      <note default-x="207">
        <pitch>
          <step>F</step>
          <octave>4</octave>
        </pitch>
        <duration>2</duration>
        <voice>1</voice>
        <type>eighth</type>
        <stem default-y="0">up</stem>
        <lyric default-y="-100" number="1">
          <syllabic>end</syllabic>
          <text>ла,/</text>
        </lyric>
      </note>
      <backup>
        <duration>12</duration>
      </backup>
      <note default-x="48">
        <pitch>
          <step>C</step>
          <octave>4</octave>
        </pitch>
        <duration>2</duration>
        <voice>2</voice>
        <type>eighth</type>
        <stem default-y="-85">down</stem>
      </note>
      <note default-x="78">
        <pitch>
          <step>C</step>
          <octave>4</octave>
        </pitch>
        <duration>2</duration>
        <voice>2</voice>
        <type>eighth</type>
        <stem default-y="-85">down</stem>
      </note>
      <note default-x="104">
        <pitch>
          <step>C</step>
          <octave>4</octave>
        </pitch>
        <duration>2</duration>
        <voice>2</voice>
        <type>eighth</type>
        <stem default-y="-85">down</stem>
      </note>
      <note default-x="143">
        <pitch>
          <step>C</step>
          <octave>4</octave>
        </pitch>
        <duration>2</duration>
        <voice>2</voice>
        <type>eighth</type>
        <stem default-y="-85">down</stem>
      </note>
      <note default-x="172">
        <pitch>
          <step>D</step>
          <octave>4</octave>
        </pitch>
        <duration>2</duration>
        <voice>2</voice>
        <type>eighth</type>
        <stem default-y="-80">down</stem>
      </note>
      <note default-x="207">
        <pitch>
          <step>D</step>
          <octave>4</octave>
        </pitch>
        <duration>2</duration>
        <voice>2</voice>
        <type>eighth</type>
        <stem default-y="-80">down</stem>
      </note>
    </measure>
    <!--=======================================================-->
    <measure number="3" width="279">
      <attributes>
        <time>
          <beats>5</beats>
          <beat-type>4</beat-type>
        </time>
      </attributes>
      <note default-x="48">
        <pitch>
          <step>E</step>
          <octave>4</octave>
        </pitch>
        <duration>2</duration>
        <voice>1</voice>
        <type>eighth</type>
        <stem default-y="-5">up</stem>
        <lyric default-y="-100" number="1">
          <syllabic>single</syllabic>
          <text>ой</text>
        </lyric>
      </note>
      <note default-x="80">
        <pitch>
          <step>D</step>
          <octave>4</octave>
        </pitch>
        <duration>2</duration>
        <voice>1</voice>
        <type>eighth</type>
        <stem default-y="-10">up</stem>
        <lyric default-y="-100" number="1">
          <syllabic>single</syllabic>
          <text>на</text>
        </lyric>
      </note>
      <note default-x="111">
        <pitch>
          <step>A</step>
          <octave>4</octave>
        </pitch>
        <duration>4</duration>
        <voice>1</voice>
        <type>quarter</type>
        <stem default-y="10">up</stem>
        <lyric default-y="-100" number="1">
          <syllabic>begin</syllabic>
          <text>го</text>
        </lyric>
      </note>
      <note default-x="143">
        <pitch>
          <step>G</step>
          <octave>4</octave>
        </pitch>
        <duration>12</duration>
        <voice>1</voice>
        <type>half</type>
        <dot/>
        <stem default-y="5">up</stem>
        <lyric default-y="-100" number="1" relative-x="4">
          <syllabic>end</syllabic>
          <text>рі/</text>
        </lyric>
      </note>
      <backup>
        <duration>20</duration>
      </backup>
      <note default-x="48">
        <pitch>
          <step>C</step>
          <octave>4</octave>
        </pitch>
        <duration>2</duration>
        <voice>2</voice>
        <type>eighth</type>
        <stem default-y="-85">down</stem>
      </note>
      <note default-x="80">
        <pitch>
          <step>B</step>
          <octave>3</octave>
        </pitch>
        <duration>2</duration>
        <voice>2</voice>
        <type>eighth</type>
        <stem default-y="-90">down</stem>
      </note>
      <note default-x="111">
        <pitch>
          <step>A</step>
          <octave>3</octave>
        </pitch>
        <duration>4</duration>
        <voice>2</voice>
        <type>quarter</type>
        <stem default-y="-88">down</stem>
      </note>
      <note default-x="143">
        <pitch>
          <step>G</step>
          <octave>3</octave>
        </pitch>
        <duration>8</duration>
        <tie type="start"/>
        <voice>2</voice>
        <type>half</type>
        <stem default-y="-93">down</stem>
        <notations>
          <tied orientation="under" type="start"/>
        </notations>
      </note>
      <note default-x="193">
        <pitch>
          <step>G</step>
          <octave>3</octave>
        </pitch>
        <duration>2</duration>
        <tie type="stop"/>
        <voice>2</voice>
        <type>eighth</type>
        <stem default-y="-100">down</stem>
        <notations>
          <tied type="stop"/>
        </notations>
      </note>
      <note default-x="215">
        <rest>
          <display-step>C</display-step>
          <display-octave>4</display-octave>
        </rest>
        <duration>2</duration>
        <voice>2</voice>
        <type>eighth</type>
      </note>
    </measure>
    <!--=======================================================-->
    <measure number="4" width="840">
      <print new-system="yes">
        <system-layout>
          <system-margins>
            <left-margin>0</left-margin>
            <right-margin>0</right-margin>
          </system-margins>
          <system-distance>84</system-distance>
        </system-layout>
      </print>
      <attributes>
        <time>
          <beats>10</beats>
          <beat-type>4</beat-type>
        </time>
      </attributes>
      <note default-x="98">
        <pitch>
          <step>E</step>
          <octave>4</octave>
        </pitch>
        <duration>2</duration>
        <voice>1</voice>
        <type>eighth</type>
        <stem default-y="-5">up</stem>
        <lyric default-y="-100" number="1">
          <syllabic>begin</syllabic>
          <text>ви</text>
        </lyric>
      </note>
      <note default-x="153">
        <pitch>
          <step>G</step>
          <octave>4</octave>
        </pitch>
        <duration>2</duration>
        <voice>1</voice>
        <type>eighth</type>
        <stem default-y="5">up</stem>
        <lyric default-y="-100" number="1">
          <syllabic>middle</syllabic>
          <text>со</text>
        </lyric>
      </note>
      <note default-x="207">
        <pitch>
          <step>G</step>
          <octave>4</octave>
        </pitch>
        <duration>1</duration>
        <voice>1</voice>
        <type>16th</type>
        <stem default-y="5">up</stem>
        <beam number="1">begin</beam>
        <beam number="2">begin</beam>
        <notations>
          <slur bezier-x="11" bezier-y="8" default-x="13" default-y="10" number="1" placement="above" type="start"/>
        </notations>
        <lyric default-y="-100" number="1" relative-x="3">
          <syllabic>end</syllabic>
          <text>ка</text>
        </lyric>
      </note>
      <note default-x="240">
        <pitch>
          <step>E</step>
          <octave>4</octave>
        </pitch>
        <duration>1</duration>
        <voice>1</voice>
        <type>16th</type>
        <stem default-y="0">up</stem>
        <beam number="1">end</beam>
        <beam number="2">end</beam>
        <notations>
          <slur bezier-x="-8" bezier-y="11" default-x="12" default-y="5" number="1" type="stop"/>
        </notations>
      </note>
      <note default-x="274">
        <pitch>
          <step>E</step>
          <octave>4</octave>
        </pitch>
        <duration>2</duration>
        <voice>1</voice>
        <type>eighth</type>
        <stem default-y="-5">up</stem>
        <lyric default-y="-100" number="1">
          <syllabic>begin</syllabic>
          <text>мо</text>
        </lyric>
      </note>
      <note default-x="328">
        <pitch>
          <step>F</step>
          <octave>4</octave>
        </pitch>
        <duration>4</duration>
        <voice>1</voice>
        <type>quarter</type>
        <stem default-y="0">up</stem>
        <notations>
          <slur bezier-x="30" bezier-y="29" default-x="18" default-y="-7" number="1" orientation="over" type="start"/>
        </notations>
        <lyric default-y="-100" number="1" relative-x="3">
          <syllabic>middle</syllabic>
          <text>ги</text>
        </lyric>
      </note>
      <note default-x="416">
        <pitch>
          <step>G</step>
          <octave>4</octave>
        </pitch>
        <duration>2</duration>
        <voice>1</voice>
        <type>eighth</type>
        <stem default-y="5">up</stem>
        <beam number="1">begin</beam>
        <notations>
          <slur bezier-x="15" bezier-y="13" dash-length="7.5" default-x="13" default-y="10" line-type="dashed" number="2" placement="above" space-length="7.5" type="start"/>
        </notations>
      </note>
      <note default-x="471">
        <pitch>
          <step>G</step>
          <octave>4</octave>
        </pitch>
        <duration>2</duration>
        <voice>1</voice>
        <type>eighth</type>
        <stem default-y="5">up</stem>
        <beam number="1">end</beam>
        <notations>
          <slur bezier-x="-37" bezier-y="21" default-x="12" default-y="10" number="1" type="stop"/>
          <slur bezier-x="-15" bezier-y="13" default-x="12" default-y="10" number="2" type="stop"/>
        </notations>
      </note>
      <direction placement="above">
        <direction-type>
          <words default-y="4">( )</words>
        </direction-type>
      </direction>
      <note default-x="525">
        <pitch>
          <step>A</step>
          <octave>4</octave>
        </pitch>
        <duration>24</duration>
        <voice>1</voice>
        <type>whole</type>
        <dot/>
        <lyric default-y="-100" number="1">
          <syllabic>end</syllabic>
          <text>ла.</text>
        </lyric>
      </note>
      <backup>
        <duration>40</duration>
      </backup>
      <note default-x="98">
        <pitch>
          <step>C</step>
          <octave>4</octave>
        </pitch>
        <duration>2</duration>
        <voice>2</voice>
        <type>eighth</type>
        <stem default-y="-85">down</stem>
      </note>
      <note default-x="153">
        <pitch>
          <step>C</step>
          <octave>4</octave>
        </pitch>
        <duration>2</duration>
        <voice>2</voice>
        <type>eighth</type>
        <stem default-y="-85">down</stem>
      </note>
      <note default-x="207">
        <pitch>
          <step>C</step>
          <octave>4</octave>
        </pitch>
        <duration>2</duration>
        <voice>2</voice>
        <type>eighth</type>
        <stem default-y="-85">down</stem>
      </note>
      <note default-x="274">
        <pitch>
          <step>C</step>
          <octave>4</octave>
        </pitch>
        <duration>2</duration>
        <voice>2</voice>
        <type>eighth</type>
        <stem default-y="-85">down</stem>
      </note>
      <note default-x="328">
        <pitch>
          <step>D</step>
          <octave>4</octave>
        </pitch>
        <duration>4</duration>
        <voice>2</voice>
        <type>quarter</type>
        <stem default-y="-73">down</stem>
        <notations>
          <slur bezier-x="28" bezier-y="-32" default-x="6" default-y="-63" number="1" placement="below" type="start"/>
        </notations>
      </note>
      <note default-x="416">
        <pitch>
          <step>C</step>
          <octave>4</octave>
        </pitch>
        <duration>2</duration>
        <voice>2</voice>
        <type>eighth</type>
        <stem default-y="-85">down</stem>
        <beam number="1">begin</beam>
        <notations>
          <slur bezier-x="18" bezier-y="11" default-x="6" default-y="-37" number="2" placement="above" type="start"/>
        </notations>
      </note>
      <note default-x="471">
        <pitch>
          <step>B</step>
          <octave>3</octave>
        </pitch>
        <duration>2</duration>
        <voice>2</voice>
        <type>eighth</type>
        <stem default-y="-90">down</stem>
        <beam number="1">end</beam>
        <notations>
          <slur bezier-x="-40" bezier-y="-17" default-x="0" default-y="-95" number="1" type="stop"/>
          <slur bezier-x="-13" bezier-y="16" default-x="6" default-y="-45" number="2" type="stop"/>
        </notations>
      </note>
      <note default-x="525">
        <pitch>
          <step>A</step>
          <octave>3</octave>
        </pitch>
        <duration>24</duration>
        <voice>2</voice>
        <type>whole</type>
        <dot/>
      </note>
      <barline location="right">
        <bar-style>light-heavy</bar-style>
      </barline>
    </measure>
  </part>
  <!--=========================================================-->
</score-partwise>
