<?xml version="1.0" encoding="UTF-8" standalone="no"?>
<!DOCTYPE score-partwise PUBLIC "-//Recordare//DTD MusicXML 4.0 Partwise//EN" "http://www.musicxml.org/dtds/partwise.dtd">
<score-partwise version="4.0">
  <identification>
    <encoding>
      <software>Finale v27.3 for Windows</software>
      <encoding-date>2024-10-01</encoding-date>
      <supports attribute="new-system" element="print" type="yes" value="yes"/>
      <supports attribute="new-page" element="print" type="yes" value="yes"/>
      <supports element="accidental" type="yes"/>
      <supports element="beam" type="yes"/>
      <supports element="stem" type="yes"/>
    </encoding>
  </identification>
  <defaults>
    <scaling>
      <millimeters>8.4667</millimeters>
      <tenths>40</tenths>
    </scaling>
    <page-layout>
      <page-height>1320</page-height>
      <page-width>1020</page-width>
      <page-margins type="both">
        <left-margin>60</left-margin>
        <right-margin>60</right-margin>
        <top-margin>60</top-margin>
        <bottom-margin>60</bottom-margin>
      </page-margins>
    </page-layout>
    <system-layout>
      <system-margins>
        <left-margin>0</left-margin>
        <right-margin>0</right-margin>
      </system-margins>
      <system-distance>110</system-distance>
      <top-system-distance>67</top-system-distance>
    </system-layout>
    <appearance>
      <line-width type="stem">0.7682</line-width>
      <line-width type="beam">5</line-width>
      <line-width type="staff">0.7682</line-width>
      <line-width type="light barline">0.7682</line-width>
      <line-width type="heavy barline">5</line-width>
      <line-width type="leger">0.7682</line-width>
      <line-width type="ending">0.7682</line-width>
      <line-width type="wedge">0.7682</line-width>
      <line-width type="enclosure">0.7682</line-width>
      <line-width type="tuplet bracket">0.7682</line-width>
      <note-size type="grace">50</note-size>
      <note-size type="cue">50</note-size>
      <distance type="hyphen">60</distance>
      <distance type="beam">7.5</distance>
    </appearance>
    <music-font font-family="Finale Maestro,engraved" font-size="24"/>
    <word-font font-family="Times New Roman" font-size="12"/>
    <lyric-font font-family="Times New Roman" font-size="12"/>
  </defaults>
  <credit page="1">
    <credit-words default-x="346" default-y="1260" font-size="19" valign="top">628. Світи, місяченьку (17-БР-01)</credit-words>
  </credit>
  <credit page="1">
    <credit-words default-x="290" default-y="1231" valign="top">Помірно</credit-words>
  </credit>
  <credit page="1">
    <credit-words default-x="123" default-y="1051" font-size="17" valign="top" xml:space="preserve">1. Світи, місяченьку,
Ще й ясна зора,
Бо давно, давно я
В матінки була.*
2. Ой давно я, давно
В матінки була,
Вже тая стежечка
Терном заросла.
3. Ой заросла терном
Ще й калиною,
Де я прохожала
Ще й дівчиною.
4. Ой візьму я косу, –
Терен викошу,
До свеї матінки
Крильми полечу.
5. Сяду я на орла
Ще й на орлицю,
Сяду я, заплачу
Над криницею.</credit-words>
  </credit>
  <credit page="1">
    <credit-words default-x="390" default-y="1051" font-size="17" valign="top" xml:space="preserve">6. Сяду я, заплачу
Над криницею, –
Чи не прийде мати
За водицею?
7. Як виходить мати
Води набирати, –
Не набрала води,
Набрала сльозок.
8. Не набрала води,
Набрала сльозок,
Приходить додому,
Будить невісток:
9. – Вставайте, 
                  невістки,
Умивайтеся,
В шовковії плаття
Убирайтеся.
10. В шовковії 
                       плаття
Убирайтеся,
У мої зозулі
Прислухайтеся.</credit-words>
  </credit>
  <credit page="1">
    <credit-words default-x="656" default-y="1053" font-size="17" valign="top" xml:space="preserve">11. – Ой то ж не зозуля, –
То рідняя дочка,
Тут вона вродилась,
Тут вона зросла.
12. Тут вона вродилась,
Тут вона зросла,
Вчужу сторононьку
Та й замуж пішла.
13. Чужа сторононька
Од вітру шумить,
Чужая матінка
Словами в’ялить.
14. Чужая матінка
Словами в’ялить,
Піде ду сусіди
Невістку судить.
15. Піде ду сусіди
Невістку судить:
– Ледаща невістка,
Не вміє робить!</credit-words>
  </credit>
  <credit page="1">
    <credit-words default-x="125" default-y="292" valign="top" xml:space="preserve">Зап. 1987 р. Гримич М. В. у с. Мокіївці Шепетівського р-ну Хмельницької обл. від Уланової Г. С. –
ІМФЕ, ф. 14-5, од.зб. 508, арк. 83; пл. ф. 14-10, од. зб. 1676. Ред. мел. Єфремової Л. О.</credit-words>
  </credit>
  <credit page="1">
    <credit-words default-x="529" default-y="41" valign="top">443</credit-words>
  </credit>
  <part-list>
    <score-part id="P1">
      <part-name print-object="no">MusicXML Part</part-name>
      <group>score</group>
      <score-instrument id="P1-I1">
        <instrument-name>Čķńņšóģåķņ 1</instrument-name>
      </score-instrument>
      <midi-instrument id="P1-I1">
        <midi-channel>1</midi-channel>
        <midi-program>1</midi-program>
        <volume>80</volume>
        <pan>0</pan>
      </midi-instrument>
    </score-part>
  </part-list>
  <!--=========================================================-->
  <part id="P1">
    <measure number="1" width="382">
      <print>
        <page-layout>
          <page-height>1320</page-height>
          <page-width>1020</page-width>
          <page-margins>
            <left-margin>122</left-margin>
            <right-margin>60</right-margin>
            <top-margin>60</top-margin>
            <bottom-margin>60</bottom-margin>
          </page-margins>
        </page-layout>
        <system-layout>
          <system-margins>
            <left-margin>64</left-margin>
            <right-margin>0</right-margin>
          </system-margins>
          <top-system-distance>58</top-system-distance>
        </system-layout>
        <measure-numbering>none</measure-numbering>
      </print>
      <attributes>
        <divisions>2</divisions>
        <key>
          <fifths>0</fifths>
          <mode>major</mode>
        </key>
        <time symbol="common">
          <beats>4</beats>
          <beat-type>4</beat-type>
        </time>
        <clef>
          <sign>G</sign>
          <line>2</line>
          <clef-octave-change>-1</clef-octave-change>
        </clef>
      </attributes>
      <sound tempo="96">
        <swing>
          <straight/>
        </swing>
      </sound>
      <note default-x="83">
        <pitch>
          <step>G</step>
          <octave>3</octave>
        </pitch>
        <duration>1</duration>
        <voice>1</voice>
        <type>eighth</type>
        <stem default-y="5">up</stem>
        <lyric default-y="-67" number="1">
          <syllabic>single</syllabic>
          <text>1.</text>
          <elision> </elision>
          <syllabic>begin</syllabic>
          <text>Сві</text>
        </lyric>
      </note>
      <note default-x="129">
        <pitch>
          <step>C</step>
          <octave>4</octave>
        </pitch>
        <duration>1</duration>
        <voice>1</voice>
        <type>eighth</type>
        <stem default-y="-50">down</stem>
        <lyric default-y="-67" number="1">
          <syllabic>end</syllabic>
          <text>ти</text>
        </lyric>
      </note>
      <note default-x="170">
        <pitch>
          <step>B</step>
          <octave>3</octave>
        </pitch>
        <duration>1</duration>
        <voice>1</voice>
        <type>eighth</type>
        <stem default-y="-55">down</stem>
        <lyric default-y="-67" number="1">
          <syllabic>begin</syllabic>
          <text>мі</text>
        </lyric>
      </note>
      <note default-x="210">
        <pitch>
          <step>C</step>
          <octave>4</octave>
        </pitch>
        <duration>1</duration>
        <voice>1</voice>
        <type>eighth</type>
        <stem default-y="-50">down</stem>
        <lyric default-y="-67" number="1">
          <syllabic>middle</syllabic>
          <text>ся</text>
        </lyric>
      </note>
      <note default-x="254">
        <pitch>
          <step>D</step>
          <octave>4</octave>
        </pitch>
        <duration>2</duration>
        <voice>1</voice>
        <type>quarter</type>
        <stem default-y="-45">down</stem>
        <lyric default-y="-67" number="1">
          <syllabic>middle</syllabic>
          <text>чень</text>
        </lyric>
      </note>
      <note default-x="319">
        <pitch>
          <step>G</step>
          <octave>3</octave>
        </pitch>
        <duration>2</duration>
        <voice>1</voice>
        <type>quarter</type>
        <stem default-y="5">up</stem>
        <lyric default-y="-67" number="1">
          <syllabic>end</syllabic>
          <text>ку,/</text>
        </lyric>
      </note>
    </measure>
    <!--=======================================================-->
    <measure number="2" width="392">
      <attributes>
        <time>
          <beats>6</beats>
          <beat-type>4</beat-type>
        </time>
      </attributes>
      <note default-x="46">
        <pitch>
          <step>C</step>
          <octave>4</octave>
        </pitch>
        <duration>2</duration>
        <voice>1</voice>
        <type>quarter</type>
        <stem default-y="-50">down</stem>
        <lyric default-y="-67" number="1">
          <syllabic>single</syllabic>
          <text>ще</text>
          <elision> </elision>
          <syllabic>single</syllabic>
          <text>й</text>
        </lyric>
      </note>
      <note default-x="97">
        <pitch>
          <step>D</step>
          <octave>4</octave>
        </pitch>
        <duration>2</duration>
        <voice>1</voice>
        <type>quarter</type>
        <stem default-y="-45">down</stem>
        <lyric default-y="-67" number="1">
          <syllabic>begin</syllabic>
          <text>яс</text>
        </lyric>
      </note>
      <note default-x="148">
        <pitch>
          <step>E</step>
          <octave>4</octave>
        </pitch>
        <duration>2</duration>
        <voice>1</voice>
        <type>quarter</type>
        <stem default-y="-40">down</stem>
        <notations>
          <slur bezier-x="13" bezier-y="14" default-x="6" default-y="5" number="1" placement="above" type="start"/>
        </notations>
        <lyric default-y="-67" number="1" relative-x="3">
          <syllabic>end</syllabic>
          <text>на</text>
        </lyric>
      </note>
      <note default-x="198">
        <pitch>
          <step>F</step>
          <octave>4</octave>
        </pitch>
        <duration>1</duration>
        <voice>1</voice>
        <type>eighth</type>
        <stem default-y="-35">down</stem>
        <notations>
          <slur bezier-x="-16" bezier-y="11" default-x="6" default-y="10" number="1" type="stop"/>
        </notations>
      </note>
      <note default-x="230">
        <pitch>
          <step>E</step>
          <octave>4</octave>
        </pitch>
        <duration>1</duration>
        <voice>1</voice>
        <type>eighth</type>
        <stem default-y="-40">down</stem>
        <lyric default-y="-67" number="1">
          <syllabic>begin</syllabic>
          <text>зо</text>
        </lyric>
      </note>
      <note default-x="261">
        <pitch>
          <step>D</step>
          <octave>4</octave>
        </pitch>
        <duration>3</duration>
        <voice>1</voice>
        <type>quarter</type>
        <dot/>
        <stem default-y="-45">down</stem>
        <notations>
          <slur bezier-x="20" bezier-y="13" default-x="6" default-y="3" number="1" placement="above" type="start"/>
        </notations>
        <lyric default-y="-67" number="1" relative-x="8">
          <syllabic>end</syllabic>
          <text>ра,/</text>
        </lyric>
      </note>
      <note default-x="328">
        <pitch>
          <step>G</step>
          <octave>3</octave>
        </pitch>
        <duration>1</duration>
        <voice>1</voice>
        <type>eighth</type>
        <stem default-y="5">up</stem>
        <notations>
          <slur bezier-x="-17" bezier-y="18" default-x="7" default-y="-5" number="1" type="stop"/>
        </notations>
      </note>
    </measure>
    <!--=======================================================-->
    <measure number="3" width="424">
      <print new-system="yes">
        <system-layout>
          <system-distance>39</system-distance>
        </system-layout>
      </print>
      <barline location="left">
        <bar-style>heavy-light</bar-style>
        <repeat direction="forward" winged="none"/>
      </barline>
      <attributes>
        <time symbol="common">
          <beats>4</beats>
          <beat-type>4</beat-type>
        </time>
      </attributes>
      <note default-x="101">
        <pitch>
          <step>C</step>
          <octave>4</octave>
        </pitch>
        <duration>1</duration>
        <voice>1</voice>
        <type>eighth</type>
        <stem default-y="-50">down</stem>
        <lyric default-y="-67" number="1">
          <syllabic>single</syllabic>
          <text>бо</text>
        </lyric>
      </note>
      <note default-x="145">
        <pitch>
          <step>C</step>
          <octave>4</octave>
        </pitch>
        <duration>1</duration>
        <voice>1</voice>
        <type>eighth</type>
        <stem default-y="-50">down</stem>
        <lyric default-y="-67" number="1">
          <syllabic>begin</syllabic>
          <text>дв</text>
        </lyric>
      </note>
      <note default-x="190">
        <pitch>
          <step>F</step>
          <octave>4</octave>
        </pitch>
        <duration>1</duration>
        <voice>1</voice>
        <type>eighth</type>
        <stem default-y="-35">down</stem>
        <lyric default-y="-67" number="1">
          <syllabic>end</syllabic>
          <text>но,</text>
        </lyric>
      </note>
      <note default-x="235">
        <pitch>
          <step>E</step>
          <octave>4</octave>
        </pitch>
        <duration>1</duration>
        <voice>1</voice>
        <type>eighth</type>
        <stem default-y="-40">down</stem>
        <lyric default-y="-67" number="1">
          <syllabic>begin</syllabic>
          <text>дав</text>
        </lyric>
      </note>
      <note default-x="279">
        <pitch>
          <step>D</step>
          <octave>4</octave>
        </pitch>
        <duration>2</duration>
        <voice>1</voice>
        <type>quarter</type>
        <stem default-y="-45">down</stem>
        <lyric default-y="-67" number="1">
          <syllabic>end</syllabic>
          <text>но</text>
        </lyric>
      </note>
      <note default-x="351">
        <pitch>
          <step>D</step>
          <octave>4</octave>
        </pitch>
        <duration>2</duration>
        <voice>1</voice>
        <type>quarter</type>
        <stem default-y="-45">down</stem>
        <lyric default-y="-67" number="1">
          <syllabic>single</syllabic>
          <text>я/</text>
        </lyric>
      </note>
    </measure>
    <!--=======================================================-->
    <measure number="4" width="414">
      <attributes>
        <time>
          <beats>6</beats>
          <beat-type>4</beat-type>
        </time>
      </attributes>
      <note default-x="46">
        <pitch>
          <step>A</step>
          <octave>3</octave>
        </pitch>
        <duration>2</duration>
        <voice>1</voice>
        <type>quarter</type>
        <stem default-y="10">up</stem>
        <lyric default-y="-67" number="1">
          <syllabic>single</syllabic>
          <text>в</text>
          <elision> </elision>
          <syllabic>begin</syllabic>
          <text>ма</text>
        </lyric>
      </note>
      <note default-x="105">
        <pitch>
          <step>G</step>
          <octave>3</octave>
        </pitch>
        <duration>2</duration>
        <voice>1</voice>
        <type>quarter</type>
        <stem default-y="5">up</stem>
        <lyric default-y="-67" number="1">
          <syllabic>middle</syllabic>
          <text>тін</text>
        </lyric>
      </note>
      <note default-x="165">
        <pitch>
          <step>C</step>
          <octave>4</octave>
        </pitch>
        <duration>2</duration>
        <voice>1</voice>
        <type>quarter</type>
        <stem default-y="-50">down</stem>
        <notations>
          <slur bezier-x="17" bezier-y="14" default-x="6" default-y="-5" number="1" placement="above" type="start"/>
        </notations>
        <lyric default-y="-67" number="1" relative-x="4">
          <syllabic>end</syllabic>
          <text>ки</text>
        </lyric>
      </note>
      <note default-x="225">
        <pitch>
          <step>B</step>
          <octave>3</octave>
        </pitch>
        <duration>1</duration>
        <voice>1</voice>
        <type>eighth</type>
        <stem default-y="-55">down</stem>
        <notations>
          <slur bezier-x="-16" bezier-y="15" default-x="6" default-y="-7" number="1" type="stop"/>
        </notations>
      </note>
      <note default-x="262">
        <pitch>
          <step>A</step>
          <octave>3</octave>
        </pitch>
        <duration>1</duration>
        <voice>1</voice>
        <type>eighth</type>
        <stem default-y="10">up</stem>
        <lyric default-y="-67" number="1">
          <syllabic>begin</syllabic>
          <text>бу</text>
        </lyric>
      </note>
      <note default-x="299">
        <pitch>
          <step>G</step>
          <octave>3</octave>
        </pitch>
        <duration>4</duration>
        <voice>1</voice>
        <type>half</type>
        <stem default-y="5">up</stem>
        <lyric default-y="-67" number="1">
          <syllabic>end</syllabic>
          <text>ла.</text>
        </lyric>
      </note>
      <barline location="right">
        <bar-style>light-heavy</bar-style>
        <repeat direction="backward" winged="none"/>
      </barline>
    </measure>
  </part>
  <!--=========================================================-->
</score-partwise>
