<?xml version="1.0" encoding="UTF-8" standalone="no"?>
<!DOCTYPE score-partwise PUBLIC "-//Recordare//DTD MusicXML 4.0 Partwise//EN" "http://www.musicxml.org/dtds/partwise.dtd">
<score-partwise version="4.0">
  <identification>
    <encoding>
      <software>Finale v27.3 for Windows</software>
      <encoding-date>2024-08-14</encoding-date>
      <supports attribute="new-system" element="print" type="yes" value="yes"/>
      <supports attribute="new-page" element="print" type="yes" value="yes"/>
      <supports element="accidental" type="yes"/>
      <supports element="beam" type="yes"/>
      <supports element="stem" type="yes"/>
    </encoding>
  </identification>
  <defaults>
    <scaling>
      <millimeters>8.4667</millimeters>
      <tenths>40</tenths>
    </scaling>
    <page-layout>
      <page-height>1320</page-height>
      <page-width>1020</page-width>
      <page-margins type="both">
        <left-margin>60</left-margin>
        <right-margin>60</right-margin>
        <top-margin>60</top-margin>
        <bottom-margin>60</bottom-margin>
      </page-margins>
    </page-layout>
    <system-layout>
      <system-margins>
        <left-margin>0</left-margin>
        <right-margin>0</right-margin>
      </system-margins>
      <system-distance>110</system-distance>
      <top-system-distance>67</top-system-distance>
    </system-layout>
    <appearance>
      <line-width type="stem">0.7682</line-width>
      <line-width type="beam">5</line-width>
      <line-width type="staff">0.7682</line-width>
      <line-width type="light barline">0.7682</line-width>
      <line-width type="heavy barline">5</line-width>
      <line-width type="leger">0.7682</line-width>
      <line-width type="ending">0.7682</line-width>
      <line-width type="wedge">0.7682</line-width>
      <line-width type="enclosure">0.7682</line-width>
      <line-width type="tuplet bracket">0.7682</line-width>
      <note-size type="grace">50</note-size>
      <note-size type="cue">50</note-size>
      <distance type="hyphen">60</distance>
      <distance type="beam">7.5</distance>
    </appearance>
    <music-font font-family="Finale Maestro,engraved" font-size="24"/>
    <word-font font-family="Times New Roman" font-size="12"/>
    <lyric-font font-family="Times New Roman" font-size="12"/>
  </defaults>
  <credit page="1">
    <credit-words default-x="123" default-y="83" valign="top">* Другу половину кожної строфи співають двічі. (Л. Є.)</credit-words>
  </credit>
  <credit page="1">
    <credit-words default-x="355" default-y="1200" font-size="19" valign="top">499. Ой під горою (07-БК-04)</credit-words>
  </credit>
  <credit page="1">
    <credit-words default-x="318" default-y="1164" valign="top">Помірно</credit-words>
  </credit>
  <credit page="1">
    <credit-words default-x="525" default-y="44" valign="top">351</credit-words>
  </credit>
  <credit page="1">
    <credit-words default-x="119" default-y="743" font-size="17" valign="top" xml:space="preserve">1. Ой під горою, 
Під камінною,
Там сидів голуб 
Та із голубкою.*
2. Цілувалися, 
Милувалися,
Сизими крильцями 
Обіймалися.
3. Ой десь узявся 
Стрілець з-за гори,
Убив голуба, 
А голубку зловив.
4. Приніс в світлицю, 
Сипить пшеницю:
– Їж же і пий же, 
Молода вдовице.</credit-words>
  </credit>
  <credit page="1">
    <credit-words default-x="413" default-y="738" font-size="17" valign="top" xml:space="preserve">5. – Як мені їсти, 
Як мені пити, –
Який світ широкий, 
А нема з ким жити.
6. – Ой є у мене 
Сімсот голубів, –
Вибирай собі, 
Який тобі любий.
7. – Ой нехай буде 
Сімсот чотири, –
Нема такого, 
Який був мій милий.
8. А мій миленький – 
Чорнобривенький,
Личко рум'яне, 
А сам молоденький.</credit-words>
  </credit>
  <credit page="1">
    <credit-words default-x="695" default-y="737" font-size="17" valign="top" xml:space="preserve">9. Як заговорить, 
Мов дзвін задзвонить,
Як засміється – 
Аж сад розів'ється.
10. Позаростали 
Тії доріжки,
Де прохожали 
Миленького ніжки.
11. Позаростали 
Терном-травою,
Де прохожали ми, 
Серце, з тобою.</credit-words>
  </credit>
  <credit page="1">
    <credit-words default-x="120" default-y="209" valign="top" xml:space="preserve">Зап. 1918 р. Постоловський А. у с. Чорнокозинці Кам'янець-Подільського р-ну Хмельницької обл. 
від матері та тітки. ІМФЕ, ф. 6-4, од. зб. 119, арк. 63, № 38. вар. зап. 19.V.1971 р. експ. ІМФЕ у 
складі: Шумада Н. С., Іванов В. Ф., Довженок Г. В., Спінатьєв В. Т. у м. Кам’янець-Подільський 
Хмельницької обл. від Сис Тамари Андріївни, 1913 р. н., музейний працівник, збирач фольклору. 
– ІМФЕ, ф. 14-5, од. зб. 419, арк. 116-117, пл. ф. 14-10, од. зб. 1181 (1). Нотація З. Василенко.</credit-words>
  </credit>
  <part-list>
    <score-part id="P1">
      <part-name print-object="no">MusicXML Part</part-name>
      <group>score</group>
      <score-instrument id="P1-I1">
        <instrument-name>Čķńņšóģåķņ 1</instrument-name>
      </score-instrument>
      <midi-instrument id="P1-I1">
        <midi-channel>1</midi-channel>
        <midi-program>1</midi-program>
        <volume>80</volume>
        <pan>0</pan>
      </midi-instrument>
    </score-part>
  </part-list>
  <!--=========================================================-->
  <part id="P1">
    <measure number="1" width="280">
      <print>
        <page-layout>
          <page-height>1320</page-height>
          <page-width>1020</page-width>
          <page-margins>
            <left-margin>121</left-margin>
            <right-margin>60</right-margin>
            <top-margin>60</top-margin>
            <bottom-margin>60</bottom-margin>
          </page-margins>
        </page-layout>
        <system-layout>
          <system-margins>
            <left-margin>44</left-margin>
            <right-margin>12</right-margin>
          </system-margins>
          <top-system-distance>149</top-system-distance>
        </system-layout>
        <measure-numbering>none</measure-numbering>
      </print>
      <attributes>
        <divisions>4</divisions>
        <key>
          <fifths>-1</fifths>
          <mode>major</mode>
        </key>
        <time>
          <beats>2</beats>
          <beat-type>4</beat-type>
        </time>
        <clef>
          <sign>G</sign>
          <line>2</line>
        </clef>
      </attributes>
      <sound tempo="96">
        <swing>
          <straight/>
        </swing>
      </sound>
      <note default-x="108">
        <pitch>
          <step>C</step>
          <octave>5</octave>
        </pitch>
        <duration>4</duration>
        <voice>1</voice>
        <type>quarter</type>
        <stem default-y="-50">down</stem>
        <lyric default-y="-75" number="2">
          <syllabic>single</syllabic>
          <text>1.</text>
          <elision> </elision>
          <syllabic>single</syllabic>
          <text>Ой</text>
        </lyric>
      </note>
      <note default-x="186">
        <pitch>
          <step>C</step>
          <octave>5</octave>
        </pitch>
        <duration>3</duration>
        <voice>1</voice>
        <type>eighth</type>
        <dot/>
        <stem default-y="-50">down</stem>
        <lyric default-y="-75" number="2">
          <syllabic>single</syllabic>
          <text>під</text>
        </lyric>
      </note>
      <note default-x="250">
        <pitch>
          <step>B</step>
          <alter>-1</alter>
          <octave>4</octave>
        </pitch>
        <duration>1</duration>
        <voice>1</voice>
        <type>16th</type>
        <stem default-y="-55">down</stem>
        <lyric default-y="-75" number="2">
          <syllabic>begin</syllabic>
          <text>го</text>
        </lyric>
      </note>
    </measure>
    <!--=======================================================-->
    <measure number="2" width="150">
      <note default-x="13">
        <pitch>
          <step>A</step>
          <octave>4</octave>
        </pitch>
        <duration>2</duration>
        <voice>1</voice>
        <type>eighth</type>
        <stem default-y="-60">down</stem>
        <beam number="1">begin</beam>
        <notations>
          <slur bezier-x="8" bezier-y="13" default-x="6" default-y="-15" number="1" placement="above" type="start"/>
        </notations>
        <lyric default-y="-75" number="2">
          <syllabic>middle</syllabic>
          <text>ро</text>
        </lyric>
      </note>
      <note default-x="51">
        <pitch>
          <step>C</step>
          <octave>5</octave>
        </pitch>
        <duration>2</duration>
        <voice>1</voice>
        <type>eighth</type>
        <stem default-y="-55">down</stem>
        <beam number="1">end</beam>
        <notations>
          <slur bezier-x="-14" bezier-y="8" default-x="6" default-y="-5" number="1" type="stop"/>
        </notations>
      </note>
      <note default-x="88">
        <pitch>
          <step>F</step>
          <octave>5</octave>
        </pitch>
        <duration>4</duration>
        <voice>1</voice>
        <type>quarter</type>
        <stem default-y="-35">down</stem>
        <notations>
          <fermata default-x="-7" default-y="11" type="upright"/>
        </notations>
        <lyric default-y="-75" number="2">
          <syllabic>end</syllabic>
          <text>ю,/</text>
        </lyric>
      </note>
    </measure>
    <!--=======================================================-->
    <measure number="3" width="179">
      <note default-x="13">
        <pitch>
          <step>C</step>
          <octave>5</octave>
        </pitch>
        <duration>4</duration>
        <voice>1</voice>
        <type>quarter</type>
        <stem default-y="-50">down</stem>
        <lyric default-y="-75" number="2">
          <syllabic>single</syllabic>
          <text>під</text>
        </lyric>
      </note>
      <note default-x="87">
        <pitch>
          <step>C</step>
          <octave>5</octave>
        </pitch>
        <duration>2</duration>
        <voice>1</voice>
        <type>eighth</type>
        <stem default-y="-50">down</stem>
        <lyric default-y="-75" number="2">
          <syllabic>begin</syllabic>
          <text>ка</text>
        </lyric>
      </note>
      <note default-x="133">
        <pitch>
          <step>C</step>
          <octave>5</octave>
        </pitch>
        <duration>2</duration>
        <voice>1</voice>
        <type>eighth</type>
        <stem default-y="-50">down</stem>
        <lyric default-y="-75" number="2">
          <syllabic>middle</syllabic>
          <text>мін</text>
        </lyric>
      </note>
    </measure>
    <!--=======================================================-->
    <measure number="4" width="174">
      <note default-x="13">
        <pitch>
          <step>D</step>
          <octave>5</octave>
        </pitch>
        <duration>2</duration>
        <voice>1</voice>
        <type>eighth</type>
        <stem default-y="-50">down</stem>
        <beam number="1">begin</beam>
        <notations>
          <slur bezier-x="14" bezier-y="9" default-x="6" default-y="3" number="1" placement="above" type="start"/>
        </notations>
        <lyric default-y="-75" number="2">
          <syllabic>middle</syllabic>
          <text>но</text>
        </lyric>
      </note>
      <note default-x="53">
        <pitch>
          <step>C</step>
          <octave>5</octave>
        </pitch>
        <duration>2</duration>
        <voice>1</voice>
        <type>eighth</type>
        <stem default-y="-50">down</stem>
        <beam number="1">continue</beam>
        <notations>
          <slur bezier-x="-9" bezier-y="13" default-x="6" default-y="-5" number="1" type="stop"/>
        </notations>
      </note>
      <note default-x="93">
        <pitch>
          <step>D</step>
          <octave>5</octave>
        </pitch>
        <duration>2</duration>
        <voice>1</voice>
        <type>eighth</type>
        <stem default-y="-50">down</stem>
        <beam number="1">end</beam>
      </note>
      <note default-x="133">
        <pitch>
          <step>C</step>
          <octave>5</octave>
        </pitch>
        <duration>2</duration>
        <voice>1</voice>
        <type>eighth</type>
        <stem default-y="-50">down</stem>
        <lyric default-y="-75" number="2">
          <syllabic>end</syllabic>
          <text>ю,/</text>
        </lyric>
      </note>
    </measure>
    <!--=======================================================-->
    <measure number="5" width="260">
      <print new-system="yes">
        <system-layout>
          <system-distance>74</system-distance>
        </system-layout>
      </print>
      <note default-x="76">
        <pitch>
          <step>B</step>
          <alter>-1</alter>
          <octave>4</octave>
        </pitch>
        <duration>4</duration>
        <voice>1</voice>
        <type>quarter</type>
        <stem default-y="-55">down</stem>
        <lyric default-y="-75" number="2">
          <syllabic>single</syllabic>
          <text>там</text>
        </lyric>
      </note>
      <note default-x="158">
        <pitch>
          <step>B</step>
          <alter>-1</alter>
          <octave>4</octave>
        </pitch>
        <duration>2</duration>
        <voice>1</voice>
        <type>eighth</type>
        <stem default-y="-55">down</stem>
        <lyric default-y="-75" number="2">
          <syllabic>single</syllabic>
          <text>си</text>
        </lyric>
      </note>
      <note default-x="208">
        <pitch>
          <step>A</step>
          <octave>4</octave>
        </pitch>
        <duration>2</duration>
        <voice>1</voice>
        <type>eighth</type>
        <stem default-y="10">up</stem>
        <lyric default-y="-75" number="2">
          <syllabic>single</syllabic>
          <text>дів</text>
        </lyric>
      </note>
    </measure>
    <!--=======================================================-->
    <measure number="6" width="152">
      <note default-x="13">
        <pitch>
          <step>G</step>
          <octave>4</octave>
        </pitch>
        <duration>4</duration>
        <voice>1</voice>
        <type>quarter</type>
        <stem default-y="5">up</stem>
        <lyric default-y="-75" number="2">
          <syllabic>begin</syllabic>
          <text>го</text>
        </lyric>
      </note>
      <note default-x="83">
        <pitch>
          <step>G</step>
          <octave>5</octave>
        </pitch>
        <duration>4</duration>
        <voice>1</voice>
        <type>quarter</type>
        <stem default-y="-30">down</stem>
        <lyric default-y="-75" number="2">
          <syllabic>end</syllabic>
          <text>луб/</text>
        </lyric>
      </note>
    </measure>
    <!--=======================================================-->
    <measure number="7" width="232">
      <note default-x="13">
        <pitch>
          <step>E</step>
          <octave>5</octave>
        </pitch>
        <duration>2</duration>
        <voice>1</voice>
        <type>eighth</type>
        <stem default-y="-40">down</stem>
        <lyric default-y="-75" number="2">
          <syllabic>single</syllabic>
          <text>та</text>
        </lyric>
      </note>
      <note default-x="68">
        <pitch>
          <step>G</step>
          <octave>5</octave>
        </pitch>
        <duration>2</duration>
        <voice>1</voice>
        <type>eighth</type>
        <stem default-y="-30">down</stem>
        <lyric default-y="-75" number="2">
          <syllabic>single</syllabic>
          <text>із</text>
        </lyric>
      </note>
      <note default-x="123">
        <pitch>
          <step>D</step>
          <octave>5</octave>
        </pitch>
        <duration>2</duration>
        <voice>1</voice>
        <type>eighth</type>
        <stem default-y="-45">down</stem>
        <lyric default-y="-75" number="2">
          <syllabic>begin</syllabic>
          <text>го</text>
        </lyric>
      </note>
      <note default-x="177">
        <pitch>
          <step>E</step>
          <octave>5</octave>
        </pitch>
        <duration>2</duration>
        <voice>1</voice>
        <type>eighth</type>
        <stem default-y="-40">down</stem>
        <lyric default-y="-75" number="2">
          <syllabic>middle</syllabic>
          <text>луб</text>
        </lyric>
      </note>
    </measure>
    <!--=======================================================-->
    <measure number="8" width="195">
      <note default-x="13">
        <pitch>
          <step>F</step>
          <octave>5</octave>
        </pitch>
        <duration>2</duration>
        <voice>1</voice>
        <type>eighth</type>
        <stem default-y="-50">down</stem>
        <beam number="1">begin</beam>
        <notations>
          <slur bezier-x="17" bezier-y="8" default-x="6" default-y="10" number="1" placement="above" type="start"/>
        </notations>
        <lyric default-y="-75" number="2">
          <syllabic>middle</syllabic>
          <text>ко</text>
        </lyric>
      </note>
      <note default-x="59">
        <pitch>
          <step>C</step>
          <octave>5</octave>
        </pitch>
        <duration>2</duration>
        <voice>1</voice>
        <type>eighth</type>
        <stem default-y="-50">down</stem>
        <beam number="1">continue</beam>
        <notations>
          <slur bezier-x="-9" bezier-y="16" default-x="6" default-y="-5" number="1" type="stop"/>
        </notations>
      </note>
      <note default-x="104">
        <pitch>
          <step>D</step>
          <octave>5</octave>
        </pitch>
        <duration>2</duration>
        <voice>1</voice>
        <type>eighth</type>
        <stem default-y="-50">down</stem>
        <beam number="1">end</beam>
      </note>
      <note default-x="149">
        <pitch>
          <step>C</step>
          <octave>5</octave>
        </pitch>
        <duration>2</duration>
        <voice>1</voice>
        <type>eighth</type>
        <stem default-y="-50">down</stem>
        <lyric default-y="-75" number="2">
          <syllabic>end</syllabic>
          <text>ю./</text>
        </lyric>
      </note>
    </measure>
    <!--=======================================================-->
    <measure number="9" width="268">
      <print new-system="yes"/>
      <note default-x="76">
        <pitch>
          <step>B</step>
          <alter>-1</alter>
          <octave>4</octave>
        </pitch>
        <duration>4</duration>
        <voice>1</voice>
        <type>quarter</type>
        <stem default-y="-55">down</stem>
        <lyric default-y="-75" number="2">
          <syllabic>single</syllabic>
          <text>там</text>
        </lyric>
      </note>
      <note default-x="162">
        <pitch>
          <step>B</step>
          <alter>-1</alter>
          <octave>4</octave>
        </pitch>
        <duration>2</duration>
        <voice>1</voice>
        <type>eighth</type>
        <stem default-y="-55">down</stem>
        <lyric default-y="-75" number="2">
          <syllabic>single</syllabic>
          <text>си</text>
        </lyric>
      </note>
      <note default-x="214">
        <pitch>
          <step>A</step>
          <octave>4</octave>
        </pitch>
        <duration>2</duration>
        <voice>1</voice>
        <type>eighth</type>
        <stem default-y="10">up</stem>
        <lyric default-y="-75" number="2">
          <syllabic>single</syllabic>
          <text>дів</text>
        </lyric>
      </note>
    </measure>
    <!--=======================================================-->
    <measure number="10" width="159">
      <note default-x="13">
        <pitch>
          <step>G</step>
          <octave>4</octave>
        </pitch>
        <duration>4</duration>
        <voice>1</voice>
        <type>quarter</type>
        <stem default-y="5">up</stem>
        <lyric default-y="-75" number="2">
          <syllabic>begin</syllabic>
          <text>го</text>
        </lyric>
      </note>
      <note default-x="86">
        <pitch>
          <step>G</step>
          <octave>5</octave>
        </pitch>
        <duration>4</duration>
        <voice>1</voice>
        <type>quarter</type>
        <stem default-y="-30">down</stem>
        <lyric default-y="-75" number="2">
          <syllabic>end</syllabic>
          <text>луб/</text>
        </lyric>
      </note>
    </measure>
    <!--=======================================================-->
    <measure number="11" width="242">
      <note default-x="13">
        <pitch>
          <step>E</step>
          <octave>5</octave>
        </pitch>
        <duration>2</duration>
        <voice>1</voice>
        <type>eighth</type>
        <stem default-y="-40">down</stem>
        <lyric default-y="-75" number="2">
          <syllabic>single</syllabic>
          <text>та</text>
        </lyric>
      </note>
      <note default-x="70">
        <pitch>
          <step>G</step>
          <octave>5</octave>
        </pitch>
        <duration>2</duration>
        <voice>1</voice>
        <type>eighth</type>
        <stem default-y="-30">down</stem>
        <lyric default-y="-75" number="2">
          <syllabic>single</syllabic>
          <text>із</text>
        </lyric>
      </note>
      <note default-x="128">
        <pitch>
          <step>D</step>
          <octave>5</octave>
        </pitch>
        <duration>2</duration>
        <voice>1</voice>
        <type>eighth</type>
        <stem default-y="-45">down</stem>
        <lyric default-y="-75" number="2">
          <syllabic>begin</syllabic>
          <text>го</text>
        </lyric>
      </note>
      <note default-x="184">
        <pitch>
          <step>E</step>
          <octave>5</octave>
        </pitch>
        <duration>2</duration>
        <voice>1</voice>
        <type>eighth</type>
        <stem default-y="-40">down</stem>
        <lyric default-y="-75" number="2">
          <syllabic>middle</syllabic>
          <text>луб</text>
        </lyric>
      </note>
    </measure>
    <!--=======================================================-->
    <measure number="12" width="170">
      <note default-x="13">
        <pitch>
          <step>F</step>
          <octave>5</octave>
        </pitch>
        <duration>6</duration>
        <voice>1</voice>
        <type>quarter</type>
        <dot/>
        <stem default-y="-35">down</stem>
        <lyric default-y="-75" number="2">
          <syllabic>end</syllabic>
          <text>­</text>
          <elision> </elision>
          <syllabic>begin</syllabic>
          <text>ко</text>
        </lyric>
      </note>
      <note default-x="113">
        <pitch>
          <step>F</step>
          <octave>5</octave>
        </pitch>
        <duration>2</duration>
        <voice>1</voice>
        <type>eighth</type>
        <stem default-y="-35">down</stem>
        <lyric default-y="-75" number="2">
          <syllabic>end</syllabic>
          <text>ю.</text>
        </lyric>
      </note>
      <barline location="right">
        <bar-style>light-heavy</bar-style>
      </barline>
    </measure>
  </part>
  <!--=========================================================-->
</score-partwise>
