<?xml version="1.0" encoding="UTF-8" standalone="no"?>
<!DOCTYPE score-partwise PUBLIC "-//Recordare//DTD MusicXML 4.0 Partwise//EN" "http://www.musicxml.org/dtds/partwise.dtd">
<score-partwise version="4.0">
  <identification>
    <encoding>
      <software>Finale v27.3 for Windows</software>
      <encoding-date>2024-10-01</encoding-date>
      <supports attribute="new-system" element="print" type="yes" value="yes"/>
      <supports attribute="new-page" element="print" type="yes" value="yes"/>
      <supports element="accidental" type="yes"/>
      <supports element="beam" type="yes"/>
      <supports element="stem" type="yes"/>
    </encoding>
  </identification>
  <defaults>
    <scaling>
      <millimeters>8.4667</millimeters>
      <tenths>40</tenths>
    </scaling>
    <page-layout>
      <page-height>1320</page-height>
      <page-width>1020</page-width>
      <page-margins type="both">
        <left-margin>60</left-margin>
        <right-margin>60</right-margin>
        <top-margin>60</top-margin>
        <bottom-margin>60</bottom-margin>
      </page-margins>
    </page-layout>
    <system-layout>
      <system-margins>
        <left-margin>0</left-margin>
        <right-margin>0</right-margin>
      </system-margins>
      <system-distance>110</system-distance>
      <top-system-distance>67</top-system-distance>
    </system-layout>
    <appearance>
      <line-width type="stem">0.7682</line-width>
      <line-width type="beam">5</line-width>
      <line-width type="staff">0.7682</line-width>
      <line-width type="light barline">0.7682</line-width>
      <line-width type="heavy barline">5</line-width>
      <line-width type="leger">0.7682</line-width>
      <line-width type="ending">0.7682</line-width>
      <line-width type="wedge">0.7682</line-width>
      <line-width type="enclosure">0.7682</line-width>
      <line-width type="tuplet bracket">0.7682</line-width>
      <note-size type="grace">50</note-size>
      <note-size type="cue">50</note-size>
      <distance type="hyphen">60</distance>
      <distance type="beam">7.5</distance>
    </appearance>
    <music-font font-family="Finale Maestro,engraved" font-size="24"/>
    <word-font font-family="Times New Roman" font-size="12"/>
    <lyric-font font-family="Times New Roman" font-size="12"/>
  </defaults>
  <credit page="1">
    <credit-words default-x="118" default-y="80" valign="top">* Не чути. (М. Г.)</credit-words>
  </credit>
  <credit page="1">
    <credit-words default-x="321" default-y="1216" font-size="19" valign="top">605. Ой за гаєм зелененьким (15-БР-05)</credit-words>
  </credit>
  <credit page="1">
    <credit-words default-x="323" default-y="1176" valign="top">56</credit-words>
  </credit>
  <credit page="1">
    <credit-words default-x="525" default-y="45" valign="top">427</credit-words>
  </credit>
  <credit page="1">
    <credit-words default-x="136" default-y="918" font-size="17" valign="top" xml:space="preserve">1. Ой за гаєм зелененьким*
Брала вдова льон дрібненький.
2. Брала вона, вибирала,
Тонкий  голос подавала.
3. Там Василько траву косить,
Тонкий голос переносить.
4. Кинув косу йа в травоньку,
А сам пішов додомоньку.
5. А сам пішов додомоньку 
Та й сів собі на лавоньку.</credit-words>
  </credit>
  <credit page="1">
    <credit-words default-x="625" default-y="920" font-size="17" valign="top" xml:space="preserve">6. Та й сів собі на лавоньку,
Та й похилив головоньку.
7. – Чого сидиш та й думаєш?
Чого не п'єш, не гуляєш?
8. – Дозволь, мати, вдову взяти,
Буду пити ще й гуляти.
9. – Не позволю  вдови взяти,
Вдова  вміє чарувати.
10. Счарувала мужа свого,
Ще й вчарує сина мого. </credit-words>
  </credit>
  <credit page="1">
    <credit-words default-x="126" default-y="305" valign="top" xml:space="preserve">Зап. 27 липня 1986 р. Дмитренко М. К. у с. Яхнівці Волочиського р-ну від Козак Н. В., Щесняк 
Н. І. 1944 р. н., Посполіти М. П., Дишльовської Ф. М., Сердечної Г. К. Нотація Єфремова Л.О.</credit-words>
  </credit>
  <part-list>
    <score-part id="P1">
      <part-name print-object="no">MusicXML Part</part-name>
      <group>score</group>
      <score-instrument id="P1-I1">
        <instrument-name>Čķńņšóģåķņ 1</instrument-name>
      </score-instrument>
      <midi-instrument id="P1-I1">
        <midi-channel>1</midi-channel>
        <midi-program>1</midi-program>
        <volume>80</volume>
        <pan>0</pan>
      </midi-instrument>
    </score-part>
  </part-list>
  <!--=========================================================-->
  <part id="P1">
    <measure number="1" width="306">
      <print>
        <page-layout>
          <page-height>1320</page-height>
          <page-width>1020</page-width>
          <page-margins>
            <left-margin>119</left-margin>
            <right-margin>60</right-margin>
            <top-margin>60</top-margin>
            <bottom-margin>60</bottom-margin>
          </page-margins>
        </page-layout>
        <system-layout>
          <system-margins>
            <left-margin>55</left-margin>
            <right-margin>8</right-margin>
          </system-margins>
          <top-system-distance>122</top-system-distance>
        </system-layout>
        <measure-numbering>none</measure-numbering>
      </print>
      <attributes>
        <divisions>2</divisions>
        <key>
          <fifths>1</fifths>
          <mode>major</mode>
        </key>
        <time>
          <beats>3</beats>
          <beat-type>4</beat-type>
        </time>
        <clef>
          <sign>G</sign>
          <line>2</line>
        </clef>
      </attributes>
      <sound tempo="96">
        <swing>
          <straight/>
        </swing>
      </sound>
      <direction placement="above">
        <direction-type>
          <words default-y="20" relative-x="-132">quarter note equals</words>
        </direction-type>
      </direction>
      <note default-x="112">
        <pitch>
          <step>B</step>
          <octave>3</octave>
        </pitch>
        <duration>1</duration>
        <voice>1</voice>
        <type>eighth</type>
        <stem default-y="-20">up</stem>
        <lyric default-y="-83" number="2">
          <syllabic>single</syllabic>
          <text>1.</text>
          <elision> </elision>
          <syllabic>single</syllabic>
          <text>Ой</text>
        </lyric>
      </note>
      <note default-x="153">
        <pitch>
          <step>B</step>
          <octave>3</octave>
        </pitch>
        <duration>1</duration>
        <voice>1</voice>
        <type>eighth</type>
        <stem default-y="-20">up</stem>
        <lyric default-y="-83" number="2">
          <syllabic>single</syllabic>
          <text>за</text>
        </lyric>
      </note>
      <note default-x="191">
        <pitch>
          <step>E</step>
          <octave>4</octave>
        </pitch>
        <duration>3</duration>
        <voice>1</voice>
        <type>quarter</type>
        <dot/>
        <stem default-y="-5">up</stem>
        <lyric default-y="-83" number="2">
          <syllabic>begin</syllabic>
          <text>га</text>
        </lyric>
      </note>
      <note default-x="268">
        <pitch>
          <step>B</step>
          <octave>3</octave>
        </pitch>
        <duration>1</duration>
        <voice>1</voice>
        <type>eighth</type>
        <stem default-y="-20">up</stem>
        <lyric default-y="-83" number="2">
          <syllabic>end</syllabic>
          <text>єм</text>
        </lyric>
      </note>
    </measure>
    <!--=======================================================-->
    <measure number="2" width="248">
      <note default-x="13">
        <pitch>
          <step>D</step>
          <octave>4</octave>
        </pitch>
        <duration>3</duration>
        <voice>1</voice>
        <type>quarter</type>
        <dot/>
        <stem default-y="-10">up</stem>
        <lyric default-y="-83" number="2">
          <syllabic>begin</syllabic>
          <text>зе</text>
        </lyric>
      </note>
      <note default-x="101">
        <pitch>
          <step>E</step>
          <octave>4</octave>
        </pitch>
        <duration>1</duration>
        <voice>1</voice>
        <type>eighth</type>
        <stem default-y="-5">up</stem>
        <lyric default-y="-83" number="2">
          <syllabic>middle</syllabic>
          <text>ле</text>
        </lyric>
      </note>
      <note default-x="149">
        <pitch>
          <step>B</step>
          <octave>3</octave>
        </pitch>
        <duration>1</duration>
        <voice>1</voice>
        <type>eighth</type>
        <stem default-y="-20">up</stem>
        <lyric default-y="-83" number="2">
          <syllabic>middle</syllabic>
          <text>нень</text>
        </lyric>
      </note>
      <note default-x="200">
        <pitch>
          <step>A</step>
          <octave>3</octave>
        </pitch>
        <duration>1</duration>
        <voice>1</voice>
        <type>eighth</type>
        <stem default-y="-20">up</stem>
        <lyric default-y="-83" number="2">
          <syllabic>end</syllabic>
          <text>ким,/</text>
        </lyric>
      </note>
    </measure>
    <!--=======================================================-->
    <measure number="3" width="224">
      <note default-x="16">
        <pitch>
          <step>G</step>
          <octave>3</octave>
        </pitch>
        <duration>1</duration>
        <voice>1</voice>
        <type>eighth</type>
        <stem default-y="-20">up</stem>
        <lyric default-y="-83" number="2">
          <syllabic>single</syllabic>
          <text>ой</text>
        </lyric>
      </note>
      <note default-x="49">
        <pitch>
          <step>A</step>
          <octave>3</octave>
        </pitch>
        <duration>1</duration>
        <voice>1</voice>
        <type>eighth</type>
        <stem default-y="-20">up</stem>
        <lyric default-y="-83" number="2">
          <syllabic>single</syllabic>
          <text>за</text>
        </lyric>
      </note>
      <note default-x="83">
        <pitch>
          <step>B</step>
          <octave>3</octave>
        </pitch>
        <duration>2</duration>
        <voice>1</voice>
        <type>quarter</type>
        <stem default-y="-20">up</stem>
        <lyric default-y="-83" number="2">
          <syllabic>begin</syllabic>
          <text>га</text>
        </lyric>
      </note>
      <note default-x="137">
        <pitch>
          <step>G</step>
          <octave>4</octave>
        </pitch>
        <duration>2</duration>
        <voice>1</voice>
        <type>quarter</type>
        <stem default-y="5">up</stem>
        <lyric default-y="-83" number="2">
          <syllabic>end</syllabic>
          <text>єм</text>
        </lyric>
      </note>
      <backup>
        <duration>6</duration>
      </backup>
      <note default-x="15">
        <rest>
          <display-step>C</display-step>
          <display-octave>4</display-octave>
        </rest>
        <duration>4</duration>
        <voice>2</voice>
        <type>half</type>
      </note>
      <note default-x="137">
        <pitch>
          <step>E</step>
          <octave>4</octave>
        </pitch>
        <duration>2</duration>
        <voice>2</voice>
        <type>quarter</type>
        <stem default-y="-68">down</stem>
      </note>
    </measure>
    <!--=======================================================-->
    <measure number="4" width="322">
      <print new-system="yes">
        <system-layout>
          <system-distance>64</system-distance>
        </system-layout>
      </print>
      <attributes>
        <time>
          <beats>5</beats>
          <beat-type>4</beat-type>
        </time>
      </attributes>
      <note default-x="109">
        <pitch>
          <step>F</step>
          <alter>1</alter>
          <octave>4</octave>
        </pitch>
        <duration>1</duration>
        <voice>1</voice>
        <type>eighth</type>
        <stem default-y="0">up</stem>
        <lyric default-y="-84" number="2">
          <syllabic>begin</syllabic>
          <text>зе</text>
        </lyric>
      </note>
      <note default-x="142">
        <pitch>
          <step>G</step>
          <octave>4</octave>
        </pitch>
        <duration>1</duration>
        <voice>1</voice>
        <type>eighth</type>
        <stem default-y="5">up</stem>
        <lyric default-y="-84" number="2">
          <syllabic>middle</syllabic>
          <text>ле</text>
        </lyric>
      </note>
      <note default-x="183">
        <pitch>
          <step>A</step>
          <octave>4</octave>
        </pitch>
        <duration>1</duration>
        <voice>1</voice>
        <type>eighth</type>
        <stem default-y="10">up</stem>
        <beam number="1">begin</beam>
        <notations>
          <slur bezier-x="3" bezier-y="-11" default-x="6" default-y="-35" number="1" placement="below" type="start"/>
        </notations>
        <lyric default-y="-84" number="2">
          <syllabic>middle</syllabic>
          <text>нень</text>
        </lyric>
      </note>
      <note default-x="207">
        <pitch>
          <step>F</step>
          <alter>1</alter>
          <octave>4</octave>
        </pitch>
        <duration>1</duration>
        <voice>1</voice>
        <type>eighth</type>
        <stem default-y="5">up</stem>
        <beam number="1">end</beam>
        <notations>
          <slur bezier-x="-10" bezier-y="-5" default-x="6" default-y="-45" number="1" type="stop"/>
        </notations>
      </note>
      <note default-x="239">
        <pitch>
          <step>B</step>
          <octave>4</octave>
        </pitch>
        <duration>6</duration>
        <voice>1</voice>
        <type>half</type>
        <dot/>
        <stem default-y="15">up</stem>
        <lyric default-y="-84" number="2">
          <syllabic>end</syllabic>
          <text>ким/</text>
        </lyric>
      </note>
      <backup>
        <duration>10</duration>
      </backup>
      <note default-x="109">
        <pitch>
          <step>D</step>
          <octave>4</octave>
        </pitch>
        <duration>1</duration>
        <voice>2</voice>
        <type>eighth</type>
        <stem default-y="-80">down</stem>
        <beam number="1">begin</beam>
      </note>
      <note default-x="142">
        <pitch>
          <step>E</step>
          <octave>4</octave>
        </pitch>
        <duration>1</duration>
        <voice>2</voice>
        <type>eighth</type>
        <stem default-y="-75">down</stem>
        <beam number="1">end</beam>
      </note>
      <note default-x="183">
        <pitch>
          <step>F</step>
          <alter>1</alter>
          <octave>4</octave>
        </pitch>
        <duration>1</duration>
        <voice>2</voice>
        <type>eighth</type>
        <stem default-y="-75">down</stem>
        <beam number="1">begin</beam>
      </note>
      <note default-x="207">
        <pitch>
          <step>D</step>
          <octave>4</octave>
        </pitch>
        <duration>1</duration>
        <voice>2</voice>
        <type>eighth</type>
        <stem default-y="-80">down</stem>
        <beam number="1">end</beam>
      </note>
      <note default-x="239">
        <pitch>
          <step>G</step>
          <octave>4</octave>
        </pitch>
        <duration>6</duration>
        <voice>2</voice>
        <type>half</type>
        <dot/>
        <stem default-y="-58">down</stem>
      </note>
    </measure>
    <!--=======================================================-->
    <measure number="5" width="366">
      <barline location="left">
        <bar-style>heavy-light</bar-style>
        <repeat direction="forward" winged="none"/>
      </barline>
      <attributes>
        <time symbol="common">
          <beats>4</beats>
          <beat-type>4</beat-type>
        </time>
      </attributes>
      <note default-x="63">
        <pitch>
          <step>A</step>
          <octave>4</octave>
        </pitch>
        <duration>1</duration>
        <voice>1</voice>
        <type>eighth</type>
        <stem default-y="10">up</stem>
        <lyric default-y="-84" number="2">
          <syllabic>begin</syllabic>
          <text>бра</text>
        </lyric>
      </note>
      <note default-x="99">
        <pitch>
          <step>C</step>
          <octave>5</octave>
        </pitch>
        <duration>1</duration>
        <voice>1</voice>
        <type>eighth</type>
        <stem default-y="20">up</stem>
        <lyric default-y="-84" number="2">
          <syllabic>end</syllabic>
          <text>ла</text>
        </lyric>
      </note>
      <note default-x="138">
        <pitch>
          <step>B</step>
          <octave>4</octave>
        </pitch>
        <duration>1</duration>
        <voice>1</voice>
        <type>eighth</type>
        <stem default-y="15">up</stem>
        <lyric default-y="-84" number="2">
          <syllabic>begin</syllabic>
          <text>вдо</text>
        </lyric>
      </note>
      <note default-x="173">
        <pitch>
          <step>A</step>
          <octave>4</octave>
        </pitch>
        <duration>1</duration>
        <voice>1</voice>
        <type>eighth</type>
        <stem default-y="10">up</stem>
        <lyric default-y="-84" number="2">
          <syllabic>end</syllabic>
          <text>ва</text>
        </lyric>
      </note>
      <note default-x="216">
        <pitch>
          <step>E</step>
          <octave>4</octave>
        </pitch>
        <duration>1</duration>
        <voice>1</voice>
        <type>eighth</type>
        <stem default-y="-5">up</stem>
        <lyric default-y="-84" number="2">
          <syllabic>single</syllabic>
          <text>льон</text>
        </lyric>
      </note>
      <note default-x="264">
        <pitch>
          <step>B</step>
          <octave>3</octave>
        </pitch>
        <duration>1</duration>
        <voice>1</voice>
        <type>eighth</type>
        <stem default-y="-20">up</stem>
        <lyric default-y="-84" number="2">
          <syllabic>begin</syllabic>
          <text>дріб</text>
        </lyric>
      </note>
      <note default-x="312">
        <pitch>
          <step>C</step>
          <octave>5</octave>
        </pitch>
        <duration>1</duration>
        <voice>1</voice>
        <type>eighth</type>
        <stem default-y="20">up</stem>
        <beam number="1">begin</beam>
        <notations>
          <slur bezier-x="5" bezier-y="-12" default-x="6" default-y="-25" number="1" placement="below" type="start"/>
        </notations>
        <lyric default-y="-84" number="2">
          <syllabic>middle</syllabic>
          <text>нень</text>
        </lyric>
      </note>
      <note default-x="339">
        <pitch>
          <step>A</step>
          <octave>4</octave>
        </pitch>
        <duration>1</duration>
        <voice>1</voice>
        <type>eighth</type>
        <stem default-y="15">up</stem>
        <beam number="1">end</beam>
        <notations>
          <slur bezier-x="-11" bezier-y="-5" default-x="6" default-y="-35" number="1" type="stop"/>
        </notations>
      </note>
      <backup>
        <duration>8</duration>
      </backup>
      <note default-x="63">
        <pitch>
          <step>F</step>
          <alter>1</alter>
          <octave>4</octave>
        </pitch>
        <duration>1</duration>
        <voice>2</voice>
        <type>eighth</type>
        <stem default-y="-70">down</stem>
        <beam number="1">begin</beam>
      </note>
      <note default-x="99">
        <pitch>
          <step>A</step>
          <octave>4</octave>
        </pitch>
        <duration>1</duration>
        <voice>2</voice>
        <type>eighth</type>
        <stem default-y="-70">down</stem>
        <beam number="1">continue</beam>
      </note>
      <note default-x="138">
        <pitch>
          <step>G</step>
          <octave>4</octave>
        </pitch>
        <duration>1</duration>
        <voice>2</voice>
        <type>eighth</type>
        <stem default-y="-70">down</stem>
        <beam number="1">continue</beam>
      </note>
      <note default-x="173">
        <pitch>
          <step>F</step>
          <alter>1</alter>
          <octave>4</octave>
        </pitch>
        <duration>1</duration>
        <voice>2</voice>
        <type>eighth</type>
        <stem default-y="-70">down</stem>
        <beam number="1">end</beam>
      </note>
      <note default-x="216">
        <pitch>
          <step>E</step>
          <octave>4</octave>
        </pitch>
        <duration>1</duration>
        <voice>2</voice>
        <type>eighth</type>
        <stem default-y="-90">down</stem>
        <beam number="1">begin</beam>
      </note>
      <note default-x="264">
        <pitch>
          <step>B</step>
          <octave>3</octave>
        </pitch>
        <duration>1</duration>
        <voice>2</voice>
        <type>eighth</type>
        <stem default-y="-92">down</stem>
        <beam number="1">continue</beam>
      </note>
      <note default-x="312">
        <pitch>
          <step>C</step>
          <octave>4</octave>
        </pitch>
        <duration>1</duration>
        <voice>2</voice>
        <type>eighth</type>
        <stem default-y="-94">down</stem>
        <beam number="1">continue</beam>
      </note>
      <note default-x="339">
        <pitch>
          <step>A</step>
          <octave>3</octave>
        </pitch>
        <duration>1</duration>
        <voice>2</voice>
        <type>eighth</type>
        <stem default-y="-95">down</stem>
        <beam number="1">end</beam>
      </note>
    </measure>
    <!--=======================================================-->
    <measure number="6" width="152">
      <note default-x="16">
        <pitch>
          <step>B</step>
          <octave>4</octave>
        </pitch>
        <duration>6</duration>
        <voice>1</voice>
        <type>half</type>
        <dot/>
        <stem default-y="15">up</stem>
        <lyric default-y="-84" number="2">
          <syllabic>end</syllabic>
          <text>кий.</text>
        </lyric>
      </note>
      <note default-x="97">
        <rest>
          <display-step>A</display-step>
          <display-octave>5</display-octave>
        </rest>
        <duration>2</duration>
        <voice>1</voice>
        <type>quarter</type>
      </note>
      <backup>
        <duration>8</duration>
      </backup>
      <note default-x="16">
        <pitch>
          <step>B</step>
          <octave>3</octave>
        </pitch>
        <duration>6</duration>
        <voice>2</voice>
        <type>half</type>
        <dot/>
        <stem default-y="-83">down</stem>
      </note>
      <note default-x="97">
        <rest>
          <display-step>C</display-step>
          <display-octave>4</display-octave>
        </rest>
        <duration>2</duration>
        <voice>2</voice>
        <type>quarter</type>
      </note>
      <barline location="right">
        <bar-style>light-heavy</bar-style>
        <repeat direction="backward" winged="none"/>
      </barline>
    </measure>
  </part>
  <!--=========================================================-->
</score-partwise>
