<?xml version="1.0" encoding="UTF-8" standalone="no"?>
<!DOCTYPE score-partwise PUBLIC "-//Recordare//DTD MusicXML 4.0 Partwise//EN" "http://www.musicxml.org/dtds/partwise.dtd">
<score-partwise version="4.0">
  <identification>
    <encoding>
      <software>Finale v27.3 for Windows</software>
      <encoding-date>2024-10-01</encoding-date>
      <supports attribute="new-system" element="print" type="yes" value="yes"/>
      <supports attribute="new-page" element="print" type="yes" value="yes"/>
      <supports element="accidental" type="yes"/>
      <supports element="beam" type="yes"/>
      <supports element="stem" type="yes"/>
    </encoding>
  </identification>
  <defaults>
    <scaling>
      <millimeters>8.4667</millimeters>
      <tenths>40</tenths>
    </scaling>
    <page-layout>
      <page-height>1320</page-height>
      <page-width>1020</page-width>
      <page-margins type="both">
        <left-margin>60</left-margin>
        <right-margin>60</right-margin>
        <top-margin>60</top-margin>
        <bottom-margin>60</bottom-margin>
      </page-margins>
    </page-layout>
    <system-layout>
      <system-margins>
        <left-margin>41</left-margin>
        <right-margin>20</right-margin>
      </system-margins>
      <system-distance>352</system-distance>
      <top-system-distance>347</top-system-distance>
    </system-layout>
    <appearance>
      <line-width type="stem">0.7682</line-width>
      <line-width type="beam">5</line-width>
      <line-width type="staff">0.7682</line-width>
      <line-width type="light barline">0.7682</line-width>
      <line-width type="heavy barline">5</line-width>
      <line-width type="leger">0.7682</line-width>
      <line-width type="ending">0.7682</line-width>
      <line-width type="wedge">0.7682</line-width>
      <line-width type="enclosure">0.7682</line-width>
      <line-width type="tuplet bracket">0.7682</line-width>
      <note-size type="grace">50</note-size>
      <note-size type="cue">50</note-size>
      <distance type="hyphen">60</distance>
      <distance type="beam">7.5</distance>
    </appearance>
    <music-font font-family="Finale Maestro,engraved" font-size="24"/>
    <word-font font-family="Times New Roman" font-size="12"/>
    <lyric-font font-family="Times New Roman" font-size="12"/>
  </defaults>
  <credit page="1">
    <credit-words default-x="331" default-y="1219" font-size="19" valign="top">533. Я думала (08-БК-15)</credit-words>
  </credit>
  <credit page="1">
    <credit-words default-x="124" default-y="103" valign="top" xml:space="preserve">* Тактові розміри проставлено нами. (Л. Є.)
** Майже не чути. (В. Х.)</credit-words>
  </credit>
  <credit page="1">
    <credit-words default-x="120" default-y="946" font-size="14" valign="top" xml:space="preserve">1. | : Я думала, 
Що то місяць сходи, :|
|: То мій [милий] 
По риночку ходи, :|
2. |: За собою 
Ворон коня води, :|
|: В правій руці сиву 
Шапку носи, :|
|: В свого пана 
Додому ся проси: :|</credit-words>
  </credit>
  <credit page="1">
    <credit-words default-x="123" default-y="664" font-size="14" valign="top" xml:space="preserve">3. – Пусти мене, 
Мій пане, додому,
Плаче, тужит 
Дівчина за мною.
4. – Нехай плаче, 
Вона перетужи,
Йа не пустю, 
Доки не відслужиш.
5. – Як не будеш, 
Мій пане, пускати,
То я буду 
Ночую втікати.
</credit-words>
  </credit>
  <credit page="1">
    <credit-words default-x="402" default-y="950" font-size="14" valign="top" xml:space="preserve">6. – Як ти будеш н
Нoчую втікати,
|: То я скажу 
Й коні посідлати, :|
7. |: Скажу й тебе 
Козакам злапати, :|
Скажу тебе 
В кайдани вкувати.
8. – Не куй мене, 
Мій пане, в кайдани,
Прикуй мене 
В шинькарки до лавки.
9. Бо в шинькарки 
Є шо їсти й пити,
Бо в шинькарки 
Є с ким говорити.
10. Бо в шинькарки 
Є мед і горівка,
Бо в шинькарки 
Єсть хороша дівка.</credit-words>
  </credit>
  <credit page="1">
    <credit-words default-x="530" default-y="46" valign="top">376</credit-words>
  </credit>
  <credit page="1">
    <credit-words default-x="724" default-y="948" font-size="14" valign="top" xml:space="preserve">11. Йа шинькарка 
Свою дочку била:
– Де ж ти, доню, 
Вінок загубила?
12. – На Дунаю 
Полотно білила,
Там я, мамцю, 
Вінок загубила.
13. Як над’їхав 
Козак молоденький,
Здоймив з мене 
Вінок зелененький.
14. Як над’їхав 
Козак з бородою,
Поплив же мій 
Віночок з водою.</credit-words>
  </credit>
  <credit page="1">
    <credit-words default-x="104" default-y="235" valign="top" xml:space="preserve">Зап. [1929 р.] Харків В. Й. у с. Демшин Китайгородського р-ну Кам’янецької окр. (нині Кам’янець-
Подільського р-ну). – ІМФЕ, ф. 6-3, од. зб. 81, арк. 181 (209-210) – текст, арк. 182 (211)  – мел., № 
64. Чeрнетка. Вар. 1 зап. 1937 р. Гайдай М. П. у с. Галузинці Деражнянського р-ну від Яковлевої 
Ганни Єфремівни, 45 р. – ІМФЕ, ф. 8-3, од. зб. 182, арк. 52. Вар. 2 зап. 1937 р. Гайдай М. П. у с. 
Згарок Деражнянського р-ну від Блажко Юстини Лук’яніівни, 42 р. – ІМФЕ, ф. 8-3, од. зб. 182, 
арк. 50. </credit-words>
  </credit>
  <part-list>
    <score-part id="P1">
      <part-name print-object="no">MusicXML Part</part-name>
      <group>score</group>
      <score-instrument id="P1-I1">
        <instrument-name>Čķńņšóģåķņ 1</instrument-name>
      </score-instrument>
      <midi-instrument id="P1-I1">
        <midi-channel>1</midi-channel>
        <midi-program>1</midi-program>
        <volume>80</volume>
        <pan>0</pan>
      </midi-instrument>
    </score-part>
  </part-list>
  <!--=========================================================-->
  <part id="P1">
    <measure number="1" width="458">
      <print>
        <page-layout>
          <page-height>1320</page-height>
          <page-width>1020</page-width>
          <page-margins>
            <left-margin>122</left-margin>
            <right-margin>60</right-margin>
            <top-margin>60</top-margin>
            <bottom-margin>60</bottom-margin>
          </page-margins>
        </page-layout>
        <system-layout>
          <system-margins>
            <left-margin>58</left-margin>
            <right-margin>2</right-margin>
          </system-margins>
          <top-system-distance>128</top-system-distance>
        </system-layout>
        <measure-numbering>none</measure-numbering>
      </print>
      <attributes>
        <divisions>4</divisions>
        <key>
          <fifths>-2</fifths>
          <mode>major</mode>
        </key>
        <time>
          <beats>6</beats>
          <beat-type>4</beat-type>
        </time>
        <clef>
          <sign>G</sign>
          <line>2</line>
        </clef>
      </attributes>
      <sound tempo="96">
        <swing>
          <straight/>
        </swing>
      </sound>
      <direction placement="below">
        <direction-type>
          <words default-y="-28" relative-x="-197">Вар. 2</words>
        </direction-type>
      </direction>
      <note default-x="118">
        <pitch>
          <step>D</step>
          <octave>5</octave>
        </pitch>
        <duration>4</duration>
        <voice>1</voice>
        <type>quarter</type>
        <stem default-y="-45">down</stem>
        <notations>
          <slur bezier-x="16" bezier-y="10" default-x="6" default-y="3" number="1" placement="above" type="start"/>
        </notations>
        <lyric default-y="-67" number="4">
          <syllabic>single</syllabic>
          <text>Я</text>
        </lyric>
      </note>
      <note default-x="168">
        <pitch>
          <step>C</step>
          <octave>5</octave>
        </pitch>
        <duration>2</duration>
        <voice>1</voice>
        <type>eighth</type>
        <stem default-y="-50">down</stem>
        <notations>
          <slur bezier-x="-12" bezier-y="15" default-x="6" default-y="-5" number="1" type="stop"/>
        </notations>
        <lyric default-y="-67" number="4">
          <syllabic>single</syllabic>
          <text>ж</text>
        </lyric>
      </note>
      <note default-x="202">
        <pitch>
          <step>B</step>
          <alter>-1</alter>
          <octave>4</octave>
        </pitch>
        <duration>2</duration>
        <voice>1</voice>
        <type>eighth</type>
        <stem default-y="-55">down</stem>
        <lyric default-y="-67" number="4">
          <syllabic>begin</syllabic>
          <text>ду</text>
        </lyric>
      </note>
      <note default-x="236">
        <pitch>
          <step>A</step>
          <octave>4</octave>
        </pitch>
        <duration>2</duration>
        <voice>1</voice>
        <type>eighth</type>
        <stem default-y="20">up</stem>
        <beam number="1">begin</beam>
        <notations>
          <slur bezier-x="29" bezier-y="-24" default-x="6" default-y="-35" number="1" placement="below" type="start"/>
        </notations>
        <lyric default-y="-67" number="4" relative-x="4">
          <syllabic>middle</syllabic>
          <text>ма</text>
        </lyric>
      </note>
      <note default-x="267">
        <pitch>
          <step>G</step>
          <octave>4</octave>
        </pitch>
        <duration>2</duration>
        <voice>1</voice>
        <type>eighth</type>
        <stem default-y="20">up</stem>
        <beam number="1">continue</beam>
      </note>
      <note default-x="298">
        <pitch>
          <step>C</step>
          <octave>5</octave>
        </pitch>
        <duration>2</duration>
        <voice>1</voice>
        <type>eighth</type>
        <stem default-y="20">up</stem>
        <beam number="1">continue</beam>
      </note>
      <note default-x="328">
        <pitch>
          <step>B</step>
          <alter>-1</alter>
          <octave>4</octave>
        </pitch>
        <duration>1</duration>
        <voice>1</voice>
        <type>16th</type>
        <stem default-y="20">up</stem>
        <beam number="1">continue</beam>
        <beam number="2">begin</beam>
      </note>
      <note default-x="350">
        <pitch>
          <step>A</step>
          <octave>4</octave>
        </pitch>
        <duration>1</duration>
        <voice>1</voice>
        <type>16th</type>
        <stem default-y="20">up</stem>
        <beam number="1">end</beam>
        <beam number="2">end</beam>
        <notations>
          <slur bezier-x="-29" bezier-y="-24" default-x="6" default-y="-35" number="1" type="stop"/>
        </notations>
      </note>
      <note default-x="376">
        <pitch>
          <step>G</step>
          <octave>4</octave>
        </pitch>
        <duration>8</duration>
        <voice>1</voice>
        <type>half</type>
        <stem default-y="5">up</stem>
        <lyric default-y="-67" number="4">
          <syllabic>end</syllabic>
          <text>ла,/</text>
        </lyric>
      </note>
    </measure>
    <!--=======================================================-->
    <measure number="2" width="320">
      <note default-x="13">
        <pitch>
          <step>C</step>
          <octave>5</octave>
        </pitch>
        <duration>4</duration>
        <voice>1</voice>
        <type>quarter</type>
        <stem default-y="-50">down</stem>
        <lyric default-y="-70" number="4">
          <syllabic>single</syllabic>
          <text>що</text>
        </lyric>
      </note>
      <note default-x="64">
        <pitch>
          <step>E</step>
          <alter>-1</alter>
          <octave>5</octave>
        </pitch>
        <duration>4</duration>
        <voice>1</voice>
        <type>quarter</type>
        <stem default-y="-40">down</stem>
        <lyric default-y="-67" number="4">
          <syllabic>single</syllabic>
          <text>то</text>
        </lyric>
      </note>
      <note default-x="115">
        <pitch>
          <step>E</step>
          <alter>-1</alter>
          <octave>5</octave>
        </pitch>
        <duration>4</duration>
        <voice>1</voice>
        <type>quarter</type>
        <stem default-y="-40">down</stem>
        <lyric default-y="-67" number="4">
          <syllabic>begin</syllabic>
          <text>мі</text>
        </lyric>
      </note>
      <note default-x="166">
        <pitch>
          <step>E</step>
          <alter>-1</alter>
          <octave>5</octave>
        </pitch>
        <duration>4</duration>
        <voice>1</voice>
        <type>quarter</type>
        <stem default-y="-40">down</stem>
        <lyric default-y="-67" number="4">
          <syllabic>end</syllabic>
          <text>сяць</text>
        </lyric>
      </note>
      <note default-x="217">
        <pitch>
          <step>D</step>
          <octave>5</octave>
        </pitch>
        <duration>4</duration>
        <voice>1</voice>
        <type>quarter</type>
        <stem default-y="-45">down</stem>
        <lyric default-y="-67" number="4">
          <syllabic>begin</syllabic>
          <text>схо</text>
        </lyric>
      </note>
      <note default-x="268">
        <pitch>
          <step>B</step>
          <octave>4</octave>
        </pitch>
        <duration>4</duration>
        <voice>1</voice>
        <type>quarter</type>
        <accidental>natural</accidental>
        <stem default-y="-55">down</stem>
        <lyric default-y="-67" number="4">
          <syllabic>end</syllabic>
          <text>дит,/</text>
        </lyric>
      </note>
    </measure>
    <!--=======================================================-->
    <measure number="3" width="415">
      <print new-system="yes">
        <system-layout>
          <system-margins>
            <left-margin>0</left-margin>
            <right-margin>0</right-margin>
          </system-margins>
          <system-distance>48</system-distance>
        </system-layout>
      </print>
      <note default-x="86">
        <pitch>
          <step>D</step>
          <octave>5</octave>
        </pitch>
        <duration>4</duration>
        <voice>1</voice>
        <type>quarter</type>
        <stem default-y="-45">down</stem>
        <notations>
          <slur bezier-x="16" bezier-y="10" default-x="6" default-y="3" number="1" placement="above" type="start"/>
        </notations>
        <lyric default-y="-67" number="4">
          <syllabic>single</syllabic>
          <text>а</text>
        </lyric>
      </note>
      <note default-x="135">
        <pitch>
          <step>C</step>
          <octave>5</octave>
        </pitch>
        <duration>2</duration>
        <voice>1</voice>
        <type>eighth</type>
        <stem default-y="-50">down</stem>
        <notations>
          <slur bezier-x="-11" bezier-y="15" default-x="6" default-y="-5" number="1" type="stop"/>
        </notations>
      </note>
      <note default-x="165">
        <pitch>
          <step>B</step>
          <alter>-1</alter>
          <octave>4</octave>
        </pitch>
        <duration>2</duration>
        <voice>1</voice>
        <type>eighth</type>
        <stem default-y="-55">down</stem>
        <lyric default-y="-67" number="4">
          <syllabic>single</syllabic>
          <text>то</text>
        </lyric>
      </note>
      <note default-x="197">
        <pitch>
          <step>A</step>
          <octave>4</octave>
        </pitch>
        <duration>2</duration>
        <voice>1</voice>
        <type>eighth</type>
        <stem default-y="20">up</stem>
        <beam number="1">begin</beam>
        <notations>
          <slur bezier-x="28" bezier-y="-24" default-x="6" default-y="-35" number="1" placement="below" type="start"/>
        </notations>
        <lyric default-y="-67" number="4" relative-x="3">
          <syllabic>begin</syllabic>
          <text>ко</text>
        </lyric>
      </note>
      <note default-x="227">
        <pitch>
          <step>G</step>
          <octave>4</octave>
        </pitch>
        <duration>2</duration>
        <voice>1</voice>
        <type>eighth</type>
        <stem default-y="20">up</stem>
        <beam number="1">continue</beam>
      </note>
      <note default-x="257">
        <pitch>
          <step>C</step>
          <octave>5</octave>
        </pitch>
        <duration>2</duration>
        <voice>1</voice>
        <type>eighth</type>
        <stem default-y="20">up</stem>
        <beam number="1">continue</beam>
      </note>
      <note default-x="287">
        <pitch>
          <step>B</step>
          <alter>-1</alter>
          <octave>4</octave>
        </pitch>
        <duration>1</duration>
        <voice>1</voice>
        <type>16th</type>
        <stem default-y="20">up</stem>
        <beam number="1">continue</beam>
        <beam number="2">begin</beam>
      </note>
      <note default-x="309">
        <pitch>
          <step>A</step>
          <octave>4</octave>
        </pitch>
        <duration>1</duration>
        <voice>1</voice>
        <type>16th</type>
        <stem default-y="20">up</stem>
        <beam number="1">end</beam>
        <beam number="2">end</beam>
        <notations>
          <slur bezier-x="-28" bezier-y="-24" default-x="6" default-y="-35" number="1" type="stop"/>
        </notations>
      </note>
      <note default-x="336">
        <pitch>
          <step>G</step>
          <octave>4</octave>
        </pitch>
        <duration>8</duration>
        <voice>1</voice>
        <type>half</type>
        <stem default-y="5">up</stem>
        <lyric default-y="-67" number="4">
          <syllabic>end</syllabic>
          <text>зак/</text>
        </lyric>
      </note>
    </measure>
    <!--=======================================================-->
    <measure number="4" width="249">
      <attributes>
        <time symbol="common">
          <beats>4</beats>
          <beat-type>4</beat-type>
        </time>
      </attributes>
      <note default-x="45">
        <pitch>
          <step>G</step>
          <octave>4</octave>
        </pitch>
        <duration>4</duration>
        <voice>1</voice>
        <type>quarter</type>
        <stem default-y="5">up</stem>
        <lyric default-y="-67" number="4">
          <syllabic>single</syllabic>
          <text>по</text>
        </lyric>
      </note>
      <note default-x="93">
        <pitch>
          <step>A</step>
          <octave>4</octave>
        </pitch>
        <duration>4</duration>
        <voice>1</voice>
        <type>quarter</type>
        <stem default-y="10">up</stem>
        <lyric default-y="-67" number="4">
          <syllabic>begin</syllabic>
          <text>ри</text>
        </lyric>
      </note>
      <note default-x="141">
        <pitch>
          <step>D</step>
          <octave>5</octave>
        </pitch>
        <duration>4</duration>
        <voice>1</voice>
        <type>quarter</type>
        <stem default-y="-45">down</stem>
        <notations>
          <slur bezier-x="16" bezier-y="10" default-x="6" default-y="3" number="1" placement="above" type="start"/>
        </notations>
        <lyric default-y="-67" number="4" relative-x="9">
          <syllabic>middle</syllabic>
          <text>ноч</text>
        </lyric>
      </note>
      <note default-x="189">
        <pitch>
          <step>C</step>
          <octave>5</octave>
        </pitch>
        <duration>2</duration>
        <voice>1</voice>
        <type>eighth</type>
        <stem default-y="-50">down</stem>
        <notations>
          <slur bezier-x="-11" bezier-y="15" default-x="6" default-y="-5" number="1" type="stop"/>
        </notations>
      </note>
      <note default-x="218">
        <pitch>
          <step>B</step>
          <alter>-1</alter>
          <octave>4</octave>
        </pitch>
        <duration>2</duration>
        <voice>1</voice>
        <type>eighth</type>
        <stem default-y="-55">down</stem>
        <lyric default-y="-67" number="4">
          <syllabic>end</syllabic>
          <text>ку</text>
        </lyric>
      </note>
    </measure>
    <!--=======================================================-->
    <measure number="5" width="174">
      <note default-x="13">
        <pitch>
          <step>A</step>
          <octave>4</octave>
        </pitch>
        <duration>8</duration>
        <voice>1</voice>
        <type>half</type>
        <stem default-y="10">up</stem>
        <lyric default-y="-67" number="4">
          <syllabic>begin</syllabic>
          <text>хо</text>
        </lyric>
      </note>
      <note default-x="89">
        <pitch>
          <step>G</step>
          <octave>4</octave>
        </pitch>
        <duration>8</duration>
        <voice>1</voice>
        <type>half</type>
        <stem default-y="5">up</stem>
        <lyric default-y="-67" number="4">
          <syllabic>end</syllabic>
          <text>дит.</text>
        </lyric>
      </note>
      <barline location="right">
        <bar-style>light-heavy</bar-style>
      </barline>
    </measure>
  </part>
  <!--=========================================================-->
</score-partwise>
