<?xml version="1.0" encoding="UTF-8" standalone="no"?>
<!DOCTYPE score-partwise PUBLIC "-//Recordare//DTD MusicXML 4.0 Partwise//EN" "http://www.musicxml.org/dtds/partwise.dtd">
<score-partwise version="4.0">
  <identification>
    <encoding>
      <software>Finale v27.3 for Windows</software>
      <encoding-date>2024-10-01</encoding-date>
      <supports attribute="new-system" element="print" type="yes" value="yes"/>
      <supports attribute="new-page" element="print" type="yes" value="yes"/>
      <supports element="accidental" type="yes"/>
      <supports element="beam" type="yes"/>
      <supports element="stem" type="yes"/>
    </encoding>
  </identification>
  <defaults>
    <scaling>
      <millimeters>8.4667</millimeters>
      <tenths>40</tenths>
    </scaling>
    <page-layout>
      <page-height>1320</page-height>
      <page-width>1020</page-width>
      <page-margins type="both">
        <left-margin>60</left-margin>
        <right-margin>60</right-margin>
        <top-margin>60</top-margin>
        <bottom-margin>60</bottom-margin>
      </page-margins>
    </page-layout>
    <system-layout>
      <system-margins>
        <left-margin>0</left-margin>
        <right-margin>0</right-margin>
      </system-margins>
      <system-distance>110</system-distance>
      <top-system-distance>67</top-system-distance>
    </system-layout>
    <appearance>
      <line-width type="stem">0.7682</line-width>
      <line-width type="beam">5</line-width>
      <line-width type="staff">0.7682</line-width>
      <line-width type="light barline">0.7682</line-width>
      <line-width type="heavy barline">5</line-width>
      <line-width type="leger">0.7682</line-width>
      <line-width type="ending">0.7682</line-width>
      <line-width type="wedge">0.7682</line-width>
      <line-width type="enclosure">0.7682</line-width>
      <line-width type="tuplet bracket">0.7682</line-width>
      <note-size type="grace">50</note-size>
      <note-size type="cue">50</note-size>
      <distance type="hyphen">60</distance>
      <distance type="beam">7.5</distance>
    </appearance>
    <music-font font-family="Finale Maestro,engraved" font-size="24"/>
    <word-font font-family="Times New Roman" font-size="12"/>
    <lyric-font font-family="Times New Roman" font-size="12"/>
  </defaults>
  <credit page="1">
    <credit-words default-x="122" default-y="345" valign="top" xml:space="preserve">Зап. 22 липня 1978 р. Дем’ян Г. В. у с. Лоївці Новоушицького р-ну Хмельницької обл. від Гарнець 
Надії Миколаївни, 1912 р. н. – ІМФЕ, ф. 14-3, од. зб. 973, арк. 119-120 (текст), арк. 245 (мел.), № 
84. Нотація Мишанича М. В.</credit-words>
  </credit>
  <credit page="1">
    <credit-words default-x="331" default-y="1260" font-size="19" valign="top">619. Під білою березою (16-БР-03)</credit-words>
  </credit>
  <credit page="1">
    <credit-words default-x="403" default-y="1221" valign="top">68</credit-words>
  </credit>
  <credit page="1">
    <credit-words default-x="120" default-y="933" font-size="17" valign="top" xml:space="preserve">1. Під білою березою (2)
Сидить братчик йа з сестрою.
2. Братчик сидит, листи пише, (2)
Сестра шиє, вишиває.
3. Сестра шиє, вишиває, (2)
Дрібні сльози проливає.
4. – Ой чого ж ти, сестро, 
                                     плачеш, (2)
Відай, же ти плати хочеш.
5. – Я не хочу, брате, плати, (2)
Нас родила одна мати.
6. Єдна мати нас родила, (2)
Ни єднако поділила.
7. Тобі дала штири воли, (2)
Йа всі штири, як соколи.
8. Міні дала дві голочки (2)
Та й на мої білі ручки.</credit-words>
  </credit>
  <credit page="1">
    <credit-words default-x="570" default-y="930" font-size="17" valign="top" xml:space="preserve">9. Щоб я шила, вишивала, 
Дрібні діти годувала.
10. – Прийдіть, сестро, 
                            йа в неділю, (2)
Половина добра вділю.
11. Сестра коники найняла (2)
Та й до брата поїхала.
12. Я до брата їду, їду, (2)
А брат сидит коло вбіду.
13. А брат сидит, обідає, (2)
Та й в квтирьку поглядає.
14. – Озьми, жінко, 
                    хліб-сіль з стола, (2)
Бо вже їде сестра моя.
15. – Ой стань, брате, 
                             ни лякайся, (2)
З хлібом-сілльов ни ховайся.
16. Я ни прийшла обідати, (2)
Я лиш прийшла відвідати.</credit-words>
  </credit>
  <credit page="1">
    <credit-words default-x="526" default-y="43" valign="top">437</credit-words>
  </credit>
  <part-list>
    <score-part id="P1">
      <part-name print-object="no">MusicXML Part</part-name>
      <group>score</group>
      <score-instrument id="P1-I1">
        <instrument-name>Čķńņšóģåķņ 1</instrument-name>
      </score-instrument>
      <midi-instrument id="P1-I1">
        <midi-channel>1</midi-channel>
        <midi-program>1</midi-program>
        <volume>80</volume>
        <pan>0</pan>
      </midi-instrument>
    </score-part>
  </part-list>
  <!--=========================================================-->
  <part id="P1">
    <measure number="1" width="782">
      <print>
        <page-layout>
          <page-height>1320</page-height>
          <page-width>1020</page-width>
          <page-margins>
            <left-margin>120</left-margin>
            <right-margin>60</right-margin>
            <top-margin>60</top-margin>
            <bottom-margin>60</bottom-margin>
          </page-margins>
        </page-layout>
        <system-layout>
          <system-margins>
            <left-margin>58</left-margin>
            <right-margin>0</right-margin>
          </system-margins>
          <top-system-distance>64</top-system-distance>
        </system-layout>
        <measure-numbering>none</measure-numbering>
      </print>
      <attributes>
        <divisions>4</divisions>
        <key>
          <fifths>5</fifths>
          <mode>major</mode>
        </key>
        <time>
          <beats>3</beats>
          <beat-type>4</beat-type>
          <beats>2</beats>
          <beat-type>4</beat-type>
        </time>
        <clef>
          <sign>G</sign>
          <line>2</line>
          <clef-octave-change>-1</clef-octave-change>
        </clef>
      </attributes>
      <sound tempo="96">
        <swing>
          <straight/>
        </swing>
      </sound>
      <direction placement="above">
        <direction-type>
          <words default-y="8" relative-x="-139">quarter note equals</words>
        </direction-type>
      </direction>
      <note default-x="188">
        <pitch>
          <step>F</step>
          <alter>1</alter>
          <octave>3</octave>
        </pitch>
        <duration>2</duration>
        <voice>1</voice>
        <type>eighth</type>
        <stem default-y="0">up</stem>
        <lyric default-y="-68" number="1" relative-x="3">
          <syllabic>single</syllabic>
          <text>1.</text>
          <elision> </elision>
          <syllabic>single</syllabic>
          <text>Під</text>
        </lyric>
      </note>
      <note default-x="243">
        <pitch>
          <step>A</step>
          <alter>1</alter>
          <octave>3</octave>
        </pitch>
        <duration>2</duration>
        <voice>1</voice>
        <type>eighth</type>
        <stem default-y="10">up</stem>
        <lyric default-y="-68" number="1">
          <syllabic>begin</syllabic>
          <text>бі</text>
        </lyric>
      </note>
      <note default-x="298">
        <pitch>
          <step>C</step>
          <alter>1</alter>
          <octave>4</octave>
        </pitch>
        <duration>4</duration>
        <voice>1</voice>
        <type>quarter</type>
        <stem default-y="-50">down</stem>
        <notations>
          <slur bezier-x="24" bezier-y="19" default-x="6" default-y="-5" number="1" placement="above" type="start"/>
        </notations>
        <lyric default-y="-68" number="1" relative-x="4">
          <syllabic>middle</syllabic>
          <text>ло</text>
        </lyric>
      </note>
      <note default-x="386">
        <pitch>
          <step>B</step>
          <octave>3</octave>
        </pitch>
        <duration>2</duration>
        <voice>1</voice>
        <type>eighth</type>
        <stem default-y="-55">down</stem>
        <notations>
          <slur bezier-x="-23" bezier-y="20" default-x="6" default-y="-7" number="1" type="stop"/>
        </notations>
      </note>
      <note default-x="441">
        <pitch>
          <step>A</step>
          <alter>1</alter>
          <octave>3</octave>
        </pitch>
        <duration>2</duration>
        <voice>1</voice>
        <type>eighth</type>
        <stem default-y="10">up</stem>
        <lyric default-y="-68" number="1">
          <syllabic>end</syllabic>
          <text>ю</text>
        </lyric>
      </note>
      <note default-x="496">
        <pitch>
          <step>C</step>
          <alter>1</alter>
          <octave>4</octave>
        </pitch>
        <duration>2</duration>
        <voice>1</voice>
        <type>eighth</type>
        <stem default-y="20">up</stem>
        <notations>
          <other-notation default-x="6" default-y="21" placement="above" smufl="barlineDashed" type="single"/>
        </notations>
        <lyric default-y="-68" number="1">
          <syllabic>begin</syllabic>
          <text>бе</text>
        </lyric>
      </note>
      <note default-x="550">
        <pitch>
          <step>C</step>
          <alter>1</alter>
          <octave>4</octave>
        </pitch>
        <duration>2</duration>
        <voice>1</voice>
        <type>eighth</type>
        <stem default-y="-50">down</stem>
        <lyric default-y="-70" number="1" relative-x="3">
          <syllabic>middle</syllabic>
          <text>ре</text>
        </lyric>
      </note>
      <note default-x="605">
        <pitch>
          <step>B</step>
          <octave>3</octave>
        </pitch>
        <duration>2</duration>
        <voice>1</voice>
        <type>eighth</type>
        <stem default-y="-55">down</stem>
        <lyric default-y="-68" number="1">
          <syllabic>middle</syllabic>
          <text>зо</text>
        </lyric>
      </note>
      <note default-x="660">
        <pitch>
          <step>A</step>
          <alter>1</alter>
          <octave>3</octave>
        </pitch>
        <duration>2</duration>
        <voice>1</voice>
        <type>eighth</type>
        <stem default-y="10">up</stem>
        <lyric default-y="-68" number="1">
          <syllabic>end</syllabic>
          <text>ю,/</text>
        </lyric>
      </note>
    </measure>
    <!--=======================================================-->
    <measure number="2" width="840">
      <print new-system="yes">
        <system-layout>
          <system-distance>58</system-distance>
        </system-layout>
      </print>
      <attributes>
        <time>
          <beats>4</beats>
          <beat-type>4</beat-type>
          <beats>3</beats>
          <beat-type>4</beat-type>
        </time>
      </attributes>
      <note default-x="190">
        <pitch>
          <step>G</step>
          <alter>1</alter>
          <octave>3</octave>
        </pitch>
        <duration>2</duration>
        <voice>1</voice>
        <type>eighth</type>
        <stem default-y="5">up</stem>
        <lyric default-y="-73" number="1">
          <syllabic>single</syllabic>
          <text>під</text>
        </lyric>
      </note>
      <note default-x="233">
        <pitch>
          <step>A</step>
          <alter>1</alter>
          <octave>3</octave>
        </pitch>
        <duration>2</duration>
        <voice>1</voice>
        <type>eighth</type>
        <stem default-y="10">up</stem>
        <lyric default-y="-73" number="1">
          <syllabic>begin</syllabic>
          <text>бі</text>
        </lyric>
      </note>
      <note default-x="277">
        <pitch>
          <step>B</step>
          <octave>3</octave>
        </pitch>
        <duration>6</duration>
        <voice>1</voice>
        <type>quarter</type>
        <dot/>
        <stem default-y="-55">down</stem>
        <notations>
          <slur bezier-x="32" bezier-y="-22" default-x="6" default-y="-45" number="1" placement="below" type="start"/>
        </notations>
        <lyric default-y="-73" number="1">
          <syllabic>middle</syllabic>
          <text>ло</text>
        </lyric>
      </note>
      <note default-x="369">
        <pitch>
          <step>C</step>
          <alter>1</alter>
          <octave>4</octave>
        </pitch>
        <duration>1</duration>
        <voice>1</voice>
        <type>16th</type>
        <stem default-y="20">up</stem>
        <beam number="1">begin</beam>
        <beam number="2">begin</beam>
      </note>
      <note default-x="396">
        <pitch>
          <step>B</step>
          <octave>3</octave>
        </pitch>
        <duration>1</duration>
        <voice>1</voice>
        <type>16th</type>
        <stem default-y="15">up</stem>
        <beam number="1">end</beam>
        <beam number="2">end</beam>
        <notations>
          <slur bezier-x="-27" bezier-y="-28" default-x="6" default-y="-33" number="1" type="stop"/>
        </notations>
      </note>
      <note default-x="423">
        <pitch>
          <step>F</step>
          <alter>1</alter>
          <octave>3</octave>
        </pitch>
        <duration>2</duration>
        <voice>1</voice>
        <type>eighth</type>
        <stem default-y="0">up</stem>
        <lyric default-y="-73" number="1">
          <syllabic>end</syllabic>
          <text>ю</text>
        </lyric>
      </note>
      <note default-x="466">
        <rest>
          <display-step>B</display-step>
          <display-octave>3</display-octave>
        </rest>
        <duration>2</duration>
        <voice>1</voice>
        <type>eighth</type>
      </note>
      <note default-x="510">
        <pitch>
          <step>A</step>
          <alter>1</alter>
          <octave>3</octave>
        </pitch>
        <duration>2</duration>
        <voice>1</voice>
        <type>eighth</type>
        <stem default-y="10">up</stem>
        <notations>
          <other-notation default-x="6" default-y="11" placement="above" smufl="barlineDashed" type="single"/>
        </notations>
        <lyric default-y="-73" number="1">
          <syllabic>begin</syllabic>
          <text>бе</text>
        </lyric>
      </note>
      <note default-x="553">
        <pitch>
          <step>A</step>
          <alter>1</alter>
          <octave>3</octave>
        </pitch>
        <duration>1</duration>
        <voice>1</voice>
        <type>16th</type>
        <stem default-y="10">up</stem>
        <beam number="1">begin</beam>
        <beam number="2">begin</beam>
        <notations>
          <slur bezier-x="10" bezier-y="7" default-x="13" default-y="15" number="1" placement="above" type="start"/>
        </notations>
        <lyric default-y="-73" number="1" relative-x="3">
          <syllabic>middle</syllabic>
          <text>ре</text>
        </lyric>
      </note>
      <note default-x="580">
        <pitch>
          <step>G</step>
          <alter>1</alter>
          <octave>3</octave>
        </pitch>
        <duration>1</duration>
        <voice>1</voice>
        <type>16th</type>
        <stem default-y="5">up</stem>
        <beam number="1">end</beam>
        <beam number="2">end</beam>
        <notations>
          <slur bezier-x="-6" bezier-y="10" default-x="12" default-y="10" number="1" type="stop"/>
        </notations>
      </note>
      <note default-x="606">
        <pitch>
          <step>F</step>
          <alter>1</alter>
          <octave>3</octave>
        </pitch>
        <duration>4</duration>
        <voice>1</voice>
        <type>quarter</type>
        <stem default-y="0">up</stem>
        <notations>
          <slur bezier-x="14" bezier-y="17" dash-length="7.5" default-x="18" default-y="-7" line-type="dashed" number="1" orientation="over" space-length="7.5" type="start"/>
        </notations>
        <lyric default-y="-73" number="1">
          <syllabic>middle</syllabic>
          <text>зо</text>
        </lyric>
      </note>
      <note default-x="676">
        <pitch>
          <step>A</step>
          <alter>1</alter>
          <octave>3</octave>
        </pitch>
        <duration>2</duration>
        <voice>1</voice>
        <type>eighth</type>
        <stem default-y="10">up</stem>
        <notations>
          <slur bezier-x="-19" bezier-y="12" default-x="7" default-y="3" number="1" type="stop"/>
          <technical>
            <up-bow default-x="2" default-y="21" placement="above"/>
          </technical>
        </notations>
        <lyric default-y="-73" number="1">
          <syllabic>middle</syllabic>
          <text>(о)</text>
        </lyric>
      </note>
      <note default-x="720">
        <pitch>
          <step>A</step>
          <alter>1</alter>
          <octave>3</octave>
        </pitch>
        <duration>2</duration>
        <voice>1</voice>
        <type>eighth</type>
        <stem default-y="10">up</stem>
        <lyric default-y="-74" number="1">
          <syllabic>end</syllabic>
          <text>ю/</text>
        </lyric>
      </note>
      <backup>
        <duration>28</duration>
      </backup>
      <forward>
        <duration>16</duration>
        <voice>2</voice>
      </forward>
      <forward>
        <duration>8</duration>
        <voice>2</voice>
      </forward>
      <forward>
        <duration>2</duration>
        <voice>2</voice>
      </forward>
      <note default-x="720">
        <pitch>
          <step>A</step>
          <alter>1</alter>
          <octave>3</octave>
        </pitch>
        <duration>1</duration>
        <voice>2</voice>
        <type>16th</type>
        <stem default-y="-60">down</stem>
        <beam number="1">begin</beam>
        <beam number="2">begin</beam>
        <notations>
          <slur bezier-x="6" bezier-y="-10" dash-length="7.5" default-x="1" default-y="-65" line-type="dashed" number="1" placement="below" space-length="7.5" type="start"/>
        </notations>
      </note>
      <note default-x="746">
        <pitch>
          <step>G</step>
          <alter>1</alter>
          <octave>3</octave>
        </pitch>
        <duration>1</duration>
        <voice>2</voice>
        <type>16th</type>
        <stem default-y="-65">down</stem>
        <beam number="1">end</beam>
        <beam number="2">end</beam>
        <notations>
          <slur bezier-x="-10" bezier-y="-7" default-x="0" default-y="-70" number="1" type="stop"/>
        </notations>
      </note>
    </measure>
    <!--=======================================================-->
    <measure number="3" width="840">
      <print new-system="yes">
        <system-layout>
          <system-distance>50</system-distance>
        </system-layout>
      </print>
      <attributes>
        <time>
          <beats>3</beats>
          <beat-type>4</beat-type>
          <beats>4</beats>
          <beat-type>4</beat-type>
        </time>
      </attributes>
      <note default-x="190">
        <pitch>
          <step>G</step>
          <alter>1</alter>
          <octave>3</octave>
        </pitch>
        <duration>2</duration>
        <voice>1</voice>
        <type>eighth</type>
        <stem default-y="5">up</stem>
        <lyric default-y="-77" number="1">
          <syllabic>begin</syllabic>
          <text>си</text>
        </lyric>
      </note>
      <note default-x="240">
        <pitch>
          <step>A</step>
          <alter>1</alter>
          <octave>3</octave>
        </pitch>
        <duration>2</duration>
        <voice>1</voice>
        <type>eighth</type>
        <stem default-y="10">up</stem>
        <lyric default-y="-77" number="1">
          <syllabic>end</syllabic>
          <text>дить</text>
        </lyric>
      </note>
      <note default-x="290">
        <pitch>
          <step>B</step>
          <octave>3</octave>
        </pitch>
        <duration>4</duration>
        <voice>1</voice>
        <type>quarter</type>
        <stem default-y="-55">down</stem>
        <notations>
          <slur bezier-x="28" bezier-y="24" default-x="6" default-y="-7" number="1" placement="above" type="start"/>
        </notations>
        <lyric default-y="-77" number="1" relative-x="12">
          <syllabic>begin</syllabic>
          <text>брат</text>
        </lyric>
      </note>
      <note default-x="370">
        <pitch>
          <step>C</step>
          <alter>1</alter>
          <octave>4</octave>
        </pitch>
        <duration>1</duration>
        <voice>1</voice>
        <type>16th</type>
        <stem default-y="-50">down</stem>
        <beam number="1">begin</beam>
        <beam number="2">begin</beam>
      </note>
      <note default-x="401">
        <pitch>
          <step>B</step>
          <octave>3</octave>
        </pitch>
        <duration>1</duration>
        <voice>1</voice>
        <type>16th</type>
        <stem default-y="-55">down</stem>
        <beam number="1">end</beam>
        <beam number="2">end</beam>
        <notations>
          <slur bezier-x="-28" bezier-y="24" default-x="6" default-y="-7" number="1" type="stop"/>
        </notations>
      </note>
      <note default-x="432">
        <pitch>
          <step>F</step>
          <alter>1</alter>
          <octave>3</octave>
        </pitch>
        <duration>2</duration>
        <voice>1</voice>
        <type>eighth</type>
        <stem default-y="0">up</stem>
        <lyric default-y="-77" number="1">
          <syllabic>end</syllabic>
          <text>чик</text>
        </lyric>
      </note>
      <note default-x="482">
        <pitch>
          <step>A</step>
          <alter>1</alter>
          <octave>3</octave>
        </pitch>
        <duration>2</duration>
        <voice>1</voice>
        <type>eighth</type>
        <stem default-y="10">up</stem>
        <notations>
          <other-notation default-x="6" default-y="11" placement="above" smufl="barlineDashed" type="single"/>
        </notations>
        <lyric default-y="-77" number="1">
          <syllabic>single</syllabic>
          <text>йа</text>
        </lyric>
      </note>
      <note default-x="532">
        <pitch>
          <step>G</step>
          <alter>1</alter>
          <octave>3</octave>
        </pitch>
        <duration>2</duration>
        <voice>1</voice>
        <type>eighth</type>
        <stem default-y="5">up</stem>
        <lyric default-y="-77" number="1">
          <syllabic>single</syllabic>
          <text>з</text>
          <elision> </elision>
          <syllabic>begin</syllabic>
          <text>сес</text>
        </lyric>
      </note>
      <note default-x="593">
        <pitch>
          <step>F</step>
          <alter>1</alter>
          <octave>3</octave>
        </pitch>
        <duration>6</duration>
        <voice>1</voice>
        <type>quarter</type>
        <dot/>
        <stem default-y="0">up</stem>
        <lyric default-y="-77" number="1">
          <syllabic>middle</syllabic>
          <text>тро</text>
        </lyric>
      </note>
      <note default-x="700">
        <pitch>
          <step>F</step>
          <alter>1</alter>
          <octave>3</octave>
        </pitch>
        <duration>2</duration>
        <voice>1</voice>
        <type>eighth</type>
        <stem default-y="0">up</stem>
        <notehead filled="yes">x</notehead>
        <lyric default-y="-77" number="1">
          <syllabic>end</syllabic>
          <text>ю.</text>
        </lyric>
      </note>
      <note default-x="750">
        <rest>
          <display-step>D</display-step>
          <display-octave>4</display-octave>
        </rest>
        <duration>4</duration>
        <voice>1</voice>
        <type>quarter</type>
      </note>
      <backup>
        <duration>28</duration>
      </backup>
      <forward>
        <duration>8</duration>
        <voice>2</voice>
      </forward>
      <forward>
        <duration>4</duration>
        <voice>2</voice>
      </forward>
      <forward>
        <duration>2</duration>
        <voice>2</voice>
      </forward>
      <note default-x="532">
        <pitch>
          <step>G</step>
          <alter>1</alter>
          <octave>3</octave>
        </pitch>
        <duration>1</duration>
        <voice>2</voice>
        <type>16th</type>
        <stem default-y="-65">down</stem>
        <beam number="1">begin</beam>
        <beam number="2">begin</beam>
        <notations>
          <slur bezier-x="7" bezier-y="-10" default-x="1" default-y="-70" number="1" placement="below" type="start"/>
        </notations>
      </note>
      <note default-x="563">
        <pitch>
          <step>F</step>
          <alter>1</alter>
          <octave>3</octave>
        </pitch>
        <duration>1</duration>
        <voice>2</voice>
        <type>16th</type>
        <stem default-y="-70">down</stem>
        <beam number="1">end</beam>
        <beam number="2">end</beam>
        <notations>
          <slur bezier-x="-10" bezier-y="-7" default-x="0" default-y="-75" number="1" type="stop"/>
        </notations>
      </note>
      <forward>
        <duration>8</duration>
        <voice>2</voice>
      </forward>
      <forward>
        <duration>4</duration>
        <voice>2</voice>
      </forward>
      <barline location="right">
        <bar-style>light-heavy</bar-style>
      </barline>
    </measure>
  </part>
  <!--=========================================================-->
</score-partwise>
