<?xml version="1.0" encoding="UTF-8" standalone="no"?>
<!DOCTYPE score-partwise PUBLIC "-//Recordare//DTD MusicXML 4.0 Partwise//EN" "http://www.musicxml.org/dtds/partwise.dtd">
<score-partwise version="4.0">
  <identification>
    <encoding>
      <software>Finale v27.3 for Windows</software>
      <encoding-date>2024-08-14</encoding-date>
      <supports attribute="new-system" element="print" type="yes" value="yes"/>
      <supports attribute="new-page" element="print" type="yes" value="yes"/>
      <supports element="accidental" type="yes"/>
      <supports element="beam" type="yes"/>
      <supports element="stem" type="yes"/>
    </encoding>
  </identification>
  <defaults>
    <scaling>
      <millimeters>8.4667</millimeters>
      <tenths>40</tenths>
    </scaling>
    <page-layout>
      <page-height>1320</page-height>
      <page-width>1020</page-width>
      <page-margins type="both">
        <left-margin>60</left-margin>
        <right-margin>60</right-margin>
        <top-margin>60</top-margin>
        <bottom-margin>60</bottom-margin>
      </page-margins>
    </page-layout>
    <system-layout>
      <system-margins>
        <left-margin>51</left-margin>
        <right-margin>14</right-margin>
      </system-margins>
      <system-distance>389</system-distance>
      <top-system-distance>365</top-system-distance>
    </system-layout>
    <appearance>
      <line-width type="stem">0.7682</line-width>
      <line-width type="beam">5</line-width>
      <line-width type="staff">0.7682</line-width>
      <line-width type="light barline">0.7682</line-width>
      <line-width type="heavy barline">5</line-width>
      <line-width type="leger">0.7682</line-width>
      <line-width type="ending">0.7682</line-width>
      <line-width type="wedge">0.7682</line-width>
      <line-width type="enclosure">0.7682</line-width>
      <line-width type="tuplet bracket">0.7682</line-width>
      <note-size type="grace">50</note-size>
      <note-size type="cue">50</note-size>
      <distance type="hyphen">60</distance>
      <distance type="beam">7.5</distance>
    </appearance>
    <music-font font-family="Finale Maestro,engraved" font-size="24"/>
    <word-font font-family="Times New Roman" font-size="12"/>
    <lyric-font font-family="Times New Roman" font-size="12"/>
  </defaults>
  <credit page="1">
    <credit-words default-x="317" default-y="1229" font-size="19" valign="top">450. Ой у місті Русалимі (04-БК-06)</credit-words>
  </credit>
  <credit page="1">
    <credit-words default-x="297" default-y="1194" valign="top">Повільно</credit-words>
  </credit>
  <credit page="1">
    <credit-words default-x="123" default-y="982" font-size="17" valign="top" xml:space="preserve">1. Ой у місті Русалимі
Сталася новина:
Зчарувала Ганнусина
Вдовиного сина.
2. А як мала зчарувати, –
Кликала до хати,
Каже мені, молодому,
На лавку сідати.
3. Ой не встиг я, молоденький,
На лавочку сісти,
Дає мені Ганнусина
Три яблуці ззісти.
4. Ой як ззів я три яблуці, –
Серце заболіло,
А як взнала моя мати, –
З жалю обімліла.
5. – Дайте мені, товариші,
Пухову подушку,
Зазвіт, зазвіт та до мене
Ганнусину-душку.</credit-words>
  </credit>
  <credit page="1">
    <credit-words default-x="540" default-y="988" font-size="17" valign="top" xml:space="preserve">6. Ой як прийшла Ганнусина,
Стала на порозі,
Обілляли Ганнусину
Дрібненькії сльози. 
7. – Не плач, не плач, Ганнусино,
Нема чо’ плакати,
Зчарувала-с мого сина
Та ще й твоя мати.
8. – Не я їго зчарувала,
А ні моя мати –
Зчарувала сусідочка
Із третьої хати.
9. – Ой є в мене черешенька –
Верха не дістану:
Ой хто ж тебе любить буде,
Як я перестану?
10. – Ой є в мене черешенька
Верхом зелененька.
Як ти станеш – буде другий,
Я ще молоденька.</credit-words>
  </credit>
  <credit page="1">
    <credit-words default-x="531" default-y="45" valign="top">314</credit-words>
  </credit>
  <credit page="1">
    <credit-words default-x="115" default-y="293" valign="top" xml:space="preserve">Зап. 1918 р. Постоловський А. у с. Чорнокозинці Кам'янець-Подільського р-ну. ІМФЕ, ф. 6-4, од. 
зб. 119, арк. 95, № 63.</credit-words>
  </credit>
  <part-list>
    <score-part id="P1">
      <part-name print-object="no">MusicXML Part</part-name>
      <group>score</group>
      <score-instrument id="P1-I1">
        <instrument-name>Čķńņšóģåķņ 1</instrument-name>
      </score-instrument>
      <midi-instrument id="P1-I1">
        <midi-channel>1</midi-channel>
        <midi-program>1</midi-program>
        <volume>80</volume>
        <pan>0</pan>
      </midi-instrument>
    </score-part>
  </part-list>
  <!--=========================================================-->
  <part id="P1">
    <measure number="1" width="255">
      <print>
        <page-layout>
          <page-height>1320</page-height>
          <page-width>1020</page-width>
          <page-margins>
            <left-margin>120</left-margin>
            <right-margin>60</right-margin>
            <top-margin>60</top-margin>
            <bottom-margin>60</bottom-margin>
          </page-margins>
        </page-layout>
        <system-layout>
          <system-margins>
            <left-margin>64</left-margin>
            <right-margin>1</right-margin>
          </system-margins>
          <top-system-distance>86</top-system-distance>
        </system-layout>
        <measure-numbering>none</measure-numbering>
      </print>
      <attributes>
        <divisions>2</divisions>
        <key>
          <fifths>-1</fifths>
          <mode>major</mode>
        </key>
        <time>
          <beats>3</beats>
          <beat-type>4</beat-type>
        </time>
        <clef>
          <sign>G</sign>
          <line>2</line>
        </clef>
      </attributes>
      <sound tempo="96">
        <swing>
          <straight/>
        </swing>
      </sound>
      <note default-x="108">
        <pitch>
          <step>D</step>
          <octave>4</octave>
        </pitch>
        <duration>1</duration>
        <voice>1</voice>
        <type>eighth</type>
        <stem default-y="-10">up</stem>
        <lyric default-y="-70" number="1">
          <syllabic>single</syllabic>
          <text>1.</text>
          <elision> </elision>
          <syllabic>single</syllabic>
          <text>Ой</text>
        </lyric>
      </note>
      <note default-x="146">
        <pitch>
          <step>F</step>
          <octave>4</octave>
        </pitch>
        <duration>1</duration>
        <voice>1</voice>
        <type>eighth</type>
        <stem default-y="0">up</stem>
        <lyric default-y="-70" number="1">
          <syllabic>single</syllabic>
          <text>у</text>
        </lyric>
      </note>
      <note default-x="178">
        <pitch>
          <step>A</step>
          <octave>4</octave>
        </pitch>
        <duration>2</duration>
        <voice>1</voice>
        <type>quarter</type>
        <stem default-y="10">up</stem>
        <lyric default-y="-70" number="1">
          <syllabic>begin</syllabic>
          <text>мі</text>
        </lyric>
      </note>
      <note default-x="216">
        <pitch>
          <step>A</step>
          <octave>4</octave>
        </pitch>
        <duration>2</duration>
        <voice>1</voice>
        <type>quarter</type>
        <stem default-y="10">up</stem>
        <lyric default-y="-70" number="1">
          <syllabic>end</syllabic>
          <text>сті</text>
        </lyric>
      </note>
    </measure>
    <!--=======================================================-->
    <measure number="2" width="173">
      <note default-x="13">
        <pitch>
          <step>G</step>
          <octave>4</octave>
        </pitch>
        <duration>1</duration>
        <voice>1</voice>
        <type>eighth</type>
        <stem default-y="5">up</stem>
        <lyric default-y="-70" number="1">
          <syllabic>begin</syllabic>
          <text>Ру</text>
        </lyric>
      </note>
      <note default-x="44">
        <pitch>
          <step>B</step>
          <alter>-1</alter>
          <octave>4</octave>
        </pitch>
        <duration>1</duration>
        <voice>1</voice>
        <type>eighth</type>
        <stem default-y="-55">down</stem>
        <lyric default-y="-70" number="1">
          <syllabic>middle</syllabic>
          <text>са</text>
        </lyric>
      </note>
      <note default-x="70">
        <pitch>
          <step>A</step>
          <octave>4</octave>
        </pitch>
        <duration>1</duration>
        <voice>1</voice>
        <type>eighth</type>
        <stem default-y="10">up</stem>
        <beam number="1">begin</beam>
        <lyric default-y="-70" number="1" relative-x="4">
          <syllabic>middle</syllabic>
          <text>ли</text>
        </lyric>
      </note>
      <note default-x="95">
        <pitch>
          <step>G</step>
          <octave>4</octave>
        </pitch>
        <duration>1</duration>
        <voice>1</voice>
        <type>eighth</type>
        <stem default-y="10">up</stem>
        <beam number="1">continue</beam>
        <notations>
          <slur bezier-x="10" bezier-y="-5" default-x="6" default-y="-43" number="1" placement="below" type="start"/>
        </notations>
      </note>
      <note default-x="118">
        <pitch>
          <step>A</step>
          <octave>4</octave>
        </pitch>
        <duration>1</duration>
        <voice>1</voice>
        <type>eighth</type>
        <stem default-y="10">up</stem>
        <beam number="1">end</beam>
        <notations>
          <slur bezier-x="-5" bezier-y="-10" default-x="6" default-y="-35" number="1" type="stop"/>
        </notations>
      </note>
      <note default-x="144">
        <pitch>
          <step>F</step>
          <octave>4</octave>
        </pitch>
        <duration>1</duration>
        <voice>1</voice>
        <type>eighth</type>
        <stem default-y="0">up</stem>
        <lyric default-y="-70" number="1">
          <syllabic>end</syllabic>
          <text>мі/</text>
        </lyric>
      </note>
    </measure>
    <!--=======================================================-->
    <measure number="3" width="160">
      <note default-x="13">
        <pitch>
          <step>A</step>
          <octave>4</octave>
        </pitch>
        <duration>1</duration>
        <voice>1</voice>
        <type>eighth</type>
        <stem default-y="10">up</stem>
        <lyric default-y="-70" number="1">
          <syllabic>begin</syllabic>
          <text>ста</text>
        </lyric>
      </note>
      <note default-x="46">
        <pitch>
          <step>A</step>
          <octave>4</octave>
        </pitch>
        <duration>1</duration>
        <voice>1</voice>
        <type>eighth</type>
        <stem default-y="10">up</stem>
        <lyric default-y="-70" number="1">
          <syllabic>middle</syllabic>
          <text>ла</text>
        </lyric>
      </note>
      <note default-x="78">
        <pitch>
          <step>G</step>
          <octave>4</octave>
        </pitch>
        <duration>3</duration>
        <voice>1</voice>
        <type>quarter</type>
        <dot/>
        <stem default-y="5">up</stem>
        <lyric default-y="-70" number="1">
          <syllabic>end</syllabic>
          <text>ся</text>
        </lyric>
      </note>
      <note default-x="130">
        <pitch>
          <step>F</step>
          <octave>4</octave>
        </pitch>
        <duration>1</duration>
        <voice>1</voice>
        <type>eighth</type>
        <stem default-y="0">up</stem>
        <lyric default-y="-70" number="1">
          <syllabic>begin</syllabic>
          <text>но</text>
        </lyric>
      </note>
    </measure>
    <!--=======================================================-->
    <measure number="4" width="186">
      <attributes>
        <time>
          <beats>2</beats>
          <beat-type>4</beat-type>
        </time>
      </attributes>
      <note default-x="46">
        <pitch>
          <step>A</step>
          <octave>4</octave>
        </pitch>
        <duration>1</duration>
        <voice>1</voice>
        <type>eighth</type>
        <stem default-y="10">up</stem>
        <beam number="1">begin</beam>
        <notations>
          <slur bezier-x="5" bezier-y="-10" default-x="6" default-y="-35" number="1" placement="below" type="start"/>
        </notations>
        <lyric default-y="-70" number="1">
          <syllabic>middle</syllabic>
          <text>ви</text>
        </lyric>
      </note>
      <note default-x="70">
        <pitch>
          <step>G</step>
          <octave>4</octave>
        </pitch>
        <duration>1</duration>
        <voice>1</voice>
        <type>eighth</type>
        <stem default-y="10">up</stem>
        <beam number="1">continue</beam>
        <notations>
          <slur bezier-x="-10" bezier-y="-5" default-x="6" default-y="-43" number="1" type="stop"/>
        </notations>
      </note>
      <note default-x="94">
        <pitch>
          <step>A</step>
          <octave>4</octave>
        </pitch>
        <duration>1</duration>
        <voice>1</voice>
        <type>eighth</type>
        <stem default-y="10">up</stem>
        <beam number="1">end</beam>
      </note>
      <note default-x="122">
        <pitch>
          <step>F</step>
          <octave>4</octave>
        </pitch>
        <duration>1</duration>
        <voice>1</voice>
        <type>eighth</type>
        <stem default-y="0">up</stem>
        <lyric default-y="-70" number="1">
          <syllabic>end</syllabic>
          <text>на,/</text>
        </lyric>
      </note>
    </measure>
    <!--=======================================================-->
    <measure number="5" width="289">
      <print new-system="yes">
        <system-layout>
          <system-margins>
            <left-margin>1</left-margin>
            <right-margin>0</right-margin>
          </system-margins>
          <system-distance>45</system-distance>
        </system-layout>
      </print>
      <barline location="left">
        <bar-style>heavy-light</bar-style>
        <repeat direction="forward" winged="none"/>
      </barline>
      <attributes>
        <time>
          <beats>3</beats>
          <beat-type>4</beat-type>
        </time>
      </attributes>
      <note default-x="127">
        <pitch>
          <step>E</step>
          <octave>4</octave>
        </pitch>
        <duration>1</duration>
        <voice>1</voice>
        <type>eighth</type>
        <stem default-y="-5">up</stem>
        <lyric default-y="-77" number="1">
          <syllabic>begin</syllabic>
          <text>зча</text>
        </lyric>
      </note>
      <note default-x="162">
        <pitch>
          <step>D</step>
          <octave>4</octave>
        </pitch>
        <duration>1</duration>
        <voice>1</voice>
        <type>eighth</type>
        <stem default-y="-10">up</stem>
        <lyric default-y="-77" number="1">
          <syllabic>middle</syllabic>
          <text>ру</text>
        </lyric>
      </note>
      <note default-x="203">
        <pitch>
          <step>C</step>
          <alter>1</alter>
          <octave>4</octave>
        </pitch>
        <duration>2</duration>
        <voice>1</voice>
        <type>quarter</type>
        <accidental>sharp</accidental>
        <stem default-y="-15">up</stem>
        <lyric default-y="-77" number="1">
          <syllabic>middle</syllabic>
          <text>ва</text>
        </lyric>
      </note>
      <note default-x="245">
        <pitch>
          <step>A</step>
          <octave>3</octave>
        </pitch>
        <duration>2</duration>
        <voice>1</voice>
        <type>quarter</type>
        <stem default-y="-20">up</stem>
        <lyric default-y="-77" number="1">
          <syllabic>end</syllabic>
          <text>ла</text>
        </lyric>
      </note>
    </measure>
    <!--=======================================================-->
    <measure number="6" width="193">
      <note default-x="13">
        <pitch>
          <step>A</step>
          <octave>4</octave>
        </pitch>
        <duration>1</duration>
        <voice>1</voice>
        <type>eighth</type>
        <stem default-y="10">up</stem>
        <lyric default-y="-77" number="1">
          <syllabic>begin</syllabic>
          <text>Ган</text>
        </lyric>
      </note>
      <note default-x="49">
        <pitch>
          <step>A</step>
          <octave>4</octave>
        </pitch>
        <duration>1</duration>
        <voice>1</voice>
        <type>eighth</type>
        <stem default-y="10">up</stem>
        <lyric default-y="-77" number="1">
          <syllabic>middle</syllabic>
          <text>ну</text>
        </lyric>
      </note>
      <note default-x="80">
        <pitch>
          <step>A</step>
          <octave>4</octave>
        </pitch>
        <duration>1</duration>
        <voice>1</voice>
        <type>eighth</type>
        <stem default-y="10">up</stem>
        <beam number="1">begin</beam>
        <notations>
          <slur bezier-x="5" bezier-y="-11" default-x="6" default-y="-35" number="1" placement="below" type="start"/>
        </notations>
        <lyric default-y="-77" number="1" relative-x="3">
          <syllabic>middle</syllabic>
          <text>си</text>
        </lyric>
      </note>
      <note default-x="106">
        <pitch>
          <step>G</step>
          <octave>4</octave>
        </pitch>
        <duration>1</duration>
        <voice>1</voice>
        <type>eighth</type>
        <stem default-y="10">up</stem>
        <beam number="1">continue</beam>
        <notations>
          <slur bezier-x="-10" bezier-y="-6" default-x="6" default-y="-43" number="1" type="stop"/>
        </notations>
      </note>
      <note default-x="133">
        <pitch>
          <step>A</step>
          <octave>4</octave>
        </pitch>
        <duration>1</duration>
        <voice>1</voice>
        <type>eighth</type>
        <stem default-y="10">up</stem>
        <beam number="1">end</beam>
      </note>
      <note default-x="161">
        <pitch>
          <step>F</step>
          <octave>4</octave>
        </pitch>
        <duration>1</duration>
        <voice>1</voice>
        <type>eighth</type>
        <stem default-y="0">up</stem>
        <lyric default-y="-77" number="1">
          <syllabic>end</syllabic>
          <text>на/</text>
        </lyric>
      </note>
    </measure>
    <!--=======================================================-->
    <measure number="7" width="202">
      <note default-x="13">
        <pitch>
          <step>E</step>
          <octave>4</octave>
        </pitch>
        <duration>1</duration>
        <voice>1</voice>
        <type>eighth</type>
        <stem default-y="-5">up</stem>
        <lyric default-y="-77" number="1">
          <syllabic>begin</syllabic>
          <text>вдо</text>
        </lyric>
      </note>
      <note default-x="50">
        <pitch>
          <step>D</step>
          <octave>4</octave>
        </pitch>
        <duration>1</duration>
        <voice>1</voice>
        <type>eighth</type>
        <stem default-y="-10">up</stem>
        <lyric default-y="-77" number="1">
          <syllabic>middle</syllabic>
          <text>ви</text>
        </lyric>
      </note>
      <note default-x="91">
        <pitch>
          <step>C</step>
          <alter>1</alter>
          <octave>4</octave>
        </pitch>
        <duration>2</duration>
        <voice>1</voice>
        <type>quarter</type>
        <accidental>sharp</accidental>
        <stem default-y="-15">up</stem>
        <notations>
          <slur bezier-x="19" bezier-y="-4" default-x="6" default-y="-60" number="1" placement="below" type="start"/>
        </notations>
        <lyric default-y="-77" number="1">
          <syllabic>middle</syllabic>
          <text>но</text>
        </lyric>
      </note>
      <note default-x="136">
        <pitch>
          <step>A</step>
          <octave>4</octave>
        </pitch>
        <duration>1</duration>
        <voice>1</voice>
        <type>eighth</type>
        <stem default-y="10">up</stem>
        <notations>
          <slur bezier-x="-7" bezier-y="-18" default-x="6" default-y="-35" number="1" type="stop"/>
        </notations>
        <lyric default-y="-77" number="1">
          <syllabic>end</syllabic>
          <text>го</text>
        </lyric>
      </note>
      <note default-x="168">
        <pitch>
          <step>A</step>
          <octave>4</octave>
        </pitch>
        <duration>1</duration>
        <voice>1</voice>
        <type>eighth</type>
        <stem default-y="10">up</stem>
      </note>
    </measure>
    <!--=======================================================-->
    <measure number="8" width="155">
      <note default-x="13">
        <pitch>
          <step>D</step>
          <octave>4</octave>
        </pitch>
        <duration>3</duration>
        <voice>1</voice>
        <type>quarter</type>
        <dot/>
        <stem default-y="-10">up</stem>
        <lyric default-y="-77" number="1">
          <syllabic>begin</syllabic>
          <text>си</text>
        </lyric>
      </note>
      <note default-x="68">
        <pitch>
          <step>D</step>
          <octave>4</octave>
        </pitch>
        <duration>1</duration>
        <voice>1</voice>
        <type>eighth</type>
        <stem default-y="-10">up</stem>
        <lyric default-y="-77" number="1" relative-x="3">
          <syllabic>end</syllabic>
          <text>на.</text>
        </lyric>
      </note>
      <note default-x="96">
        <rest/>
        <duration>2</duration>
        <voice>1</voice>
        <type>quarter</type>
      </note>
      <barline location="right">
        <bar-style>light-heavy</bar-style>
        <repeat direction="backward" winged="none"/>
      </barline>
    </measure>
  </part>
  <!--=========================================================-->
</score-partwise>
