<?xml version="1.0" encoding="UTF-8" standalone="no"?>
<!DOCTYPE score-partwise PUBLIC "-//Recordare//DTD MusicXML 4.0 Partwise//EN" "http://www.musicxml.org/dtds/partwise.dtd">
<score-partwise version="4.0">
  <identification>
    <encoding>
      <software>Finale v27.3 for Windows</software>
      <encoding-date>2024-08-14</encoding-date>
      <supports attribute="new-system" element="print" type="yes" value="yes"/>
      <supports attribute="new-page" element="print" type="yes" value="yes"/>
      <supports element="accidental" type="yes"/>
      <supports element="beam" type="yes"/>
      <supports element="stem" type="yes"/>
    </encoding>
  </identification>
  <defaults>
    <scaling>
      <millimeters>8.4667</millimeters>
      <tenths>40</tenths>
    </scaling>
    <page-layout>
      <page-height>1320</page-height>
      <page-width>1020</page-width>
      <page-margins type="both">
        <left-margin>60</left-margin>
        <right-margin>60</right-margin>
        <top-margin>60</top-margin>
        <bottom-margin>60</bottom-margin>
      </page-margins>
    </page-layout>
    <system-layout>
      <system-margins>
        <left-margin>0</left-margin>
        <right-margin>0</right-margin>
      </system-margins>
      <system-distance>110</system-distance>
      <top-system-distance>67</top-system-distance>
    </system-layout>
    <appearance>
      <line-width type="stem">0.7682</line-width>
      <line-width type="beam">5</line-width>
      <line-width type="staff">0.7682</line-width>
      <line-width type="light barline">0.7682</line-width>
      <line-width type="heavy barline">5</line-width>
      <line-width type="leger">0.7682</line-width>
      <line-width type="ending">0.7682</line-width>
      <line-width type="wedge">0.7682</line-width>
      <line-width type="enclosure">0.7682</line-width>
      <line-width type="tuplet bracket">0.7682</line-width>
      <note-size type="grace">50</note-size>
      <note-size type="cue">50</note-size>
      <distance type="hyphen">60</distance>
      <distance type="beam">7.5</distance>
    </appearance>
    <music-font font-family="Finale Maestro,engraved" font-size="24"/>
    <word-font font-family="Times New Roman" font-size="12"/>
    <lyric-font font-family="Times New Roman" font-size="12"/>
  </defaults>
  <credit page="1">
    <credit-words default-x="123" default-y="83" valign="top">* Другу половину кожної строфи співають двічі. (Л. Є.)</credit-words>
  </credit>
  <credit page="1">
    <credit-words default-x="326" default-y="1243" font-size="19" valign="top">532. Їхав козак, їхав (08-БК-11)</credit-words>
  </credit>
  <credit page="1">
    <credit-words default-x="270" default-y="1206" valign="top">Помірно</credit-words>
  </credit>
  <credit page="1">
    <credit-words default-x="104" default-y="771" font-size="14" valign="top" xml:space="preserve">1. Їхав козак, їхав,
Та й з дороги збився,
Вороному коню (2)
На гриву схилився.*
2. – Вези мене, коню,
Та в чистеє поле,
Ой там моя мила, (2)
Пшениченьку поле.
3. Там вона поле та
Кукіль вибирає,
Вороному коню (2)
На гриву кидає.</credit-words>
  </credit>
  <credit page="1">
    <credit-words default-x="526" default-y="44" valign="top">375</credit-words>
  </credit>
  <credit page="1">
    <credit-words default-x="409" default-y="767" font-size="14" valign="top" xml:space="preserve">4. – Кидай, дівчинонько,
Кукіль вибирати,
Бери козаченька (2)
Та й веди до хати.
5. Бери козаченька
Та й веди до хати,
Стели білу постіль (2)
Та й положи спати.
6. Дівчинонька лягла
Ще й міцно заснула,
Козак насміявся, (2)
Дівчина не чула.</credit-words>
  </credit>
  <credit page="1">
    <credit-words default-x="696" default-y="760" font-size="14" valign="top" xml:space="preserve">7. Козак із армії
Дрібні листи пише
До теї дівчини,
До теї гарної,
Що дитя колише. 
8. Що дитя колише,
Що думу думає:
– Ізвів мене козак, (2)
Скарай його, Боже!</credit-words>
  </credit>
  <credit page="1">
    <credit-words default-x="105" default-y="407" valign="top" xml:space="preserve">Зап. 1971 р. Струтинський О. Д. від Осінської Броніслави Мартинівни з м. Шепетівка Шепетів-
ського р-ну Хмельницької обл. – ІМФЕ, ф. 14-3, од. зб. 860, арк. 167зв.-168.</credit-words>
  </credit>
  <part-list>
    <score-part id="P1">
      <part-name print-object="no">MusicXML Part</part-name>
      <group>score</group>
      <score-instrument id="P1-I1">
        <instrument-name>Čķńņšóģåķņ 1</instrument-name>
      </score-instrument>
      <midi-instrument id="P1-I1">
        <midi-channel>1</midi-channel>
        <midi-program>1</midi-program>
        <volume>80</volume>
        <pan>0</pan>
      </midi-instrument>
    </score-part>
  </part-list>
  <!--=========================================================-->
  <part id="P1">
    <measure number="1" width="223">
      <print>
        <page-layout>
          <page-height>1320</page-height>
          <page-width>1020</page-width>
          <page-margins>
            <left-margin>121</left-margin>
            <right-margin>60</right-margin>
            <top-margin>60</top-margin>
            <bottom-margin>60</bottom-margin>
          </page-margins>
        </page-layout>
        <system-layout>
          <system-margins>
            <left-margin>36</left-margin>
            <right-margin>24</right-margin>
          </system-margins>
          <top-system-distance>87</top-system-distance>
        </system-layout>
        <measure-numbering>none</measure-numbering>
      </print>
      <attributes>
        <divisions>2</divisions>
        <key>
          <fifths>-1</fifths>
          <mode>major</mode>
        </key>
        <time>
          <beats>3</beats>
          <beat-type>4</beat-type>
        </time>
        <clef>
          <sign>G</sign>
          <line>2</line>
        </clef>
      </attributes>
      <sound tempo="96">
        <swing>
          <straight/>
        </swing>
      </sound>
      <note default-x="110">
        <pitch>
          <step>A</step>
          <octave>3</octave>
        </pitch>
        <duration>2</duration>
        <voice>1</voice>
        <type>quarter</type>
        <stem default-y="-20">up</stem>
        <lyric default-y="-83" number="2" relative-x="-9">
          <syllabic>single</syllabic>
          <text>1.</text>
          <elision> </elision>
          <syllabic>begin</syllabic>
          <text>Ї</text>
        </lyric>
      </note>
      <note default-x="148">
        <pitch>
          <step>D</step>
          <octave>4</octave>
        </pitch>
        <duration>2</duration>
        <voice>1</voice>
        <type>quarter</type>
        <stem default-y="-10">up</stem>
        <lyric default-y="-83" number="2">
          <syllabic>end</syllabic>
          <text>хав</text>
        </lyric>
      </note>
      <note default-x="185">
        <pitch>
          <step>F</step>
          <octave>4</octave>
        </pitch>
        <duration>2</duration>
        <voice>1</voice>
        <type>quarter</type>
        <stem default-y="0">up</stem>
        <lyric default-y="-83" number="2">
          <syllabic>begin</syllabic>
          <text>ко</text>
        </lyric>
      </note>
    </measure>
    <!--=======================================================-->
    <measure number="2" width="112">
      <note default-x="13">
        <pitch>
          <step>F</step>
          <octave>4</octave>
        </pitch>
        <duration>4</duration>
        <voice>1</voice>
        <type>half</type>
        <stem default-y="0">up</stem>
        <lyric default-y="-83" number="2">
          <syllabic>end</syllabic>
          <text>зак,</text>
        </lyric>
      </note>
      <note default-x="74">
        <pitch>
          <step>E</step>
          <octave>4</octave>
        </pitch>
        <duration>2</duration>
        <voice>1</voice>
        <type>quarter</type>
        <stem default-y="-5">up</stem>
        <lyric default-y="-83" number="2">
          <syllabic>begin</syllabic>
          <text>ї</text>
        </lyric>
      </note>
    </measure>
    <!--=======================================================-->
    <measure number="3" width="95">
      <note default-x="13">
        <pitch>
          <step>D</step>
          <octave>4</octave>
        </pitch>
        <duration>6</duration>
        <voice>1</voice>
        <type>half</type>
        <dot/>
        <stem default-y="-10">up</stem>
        <lyric default-y="-83" number="2">
          <syllabic>end</syllabic>
          <text>хав,/</text>
        </lyric>
      </note>
    </measure>
    <!--=======================================================-->
    <measure number="4" width="142">
      <note default-x="16">
        <pitch>
          <step>A</step>
          <octave>3</octave>
        </pitch>
        <duration>2</duration>
        <voice>1</voice>
        <type>quarter</type>
        <stem default-y="-20">up</stem>
        <lyric default-y="-83" number="2" relative-x="3">
          <syllabic>single</syllabic>
          <text>та</text>
          <elision> </elision>
          <syllabic>single</syllabic>
          <text>й</text>
        </lyric>
      </note>
      <note default-x="62">
        <pitch>
          <step>D</step>
          <octave>4</octave>
        </pitch>
        <duration>2</duration>
        <voice>1</voice>
        <type>quarter</type>
        <stem default-y="-10">up</stem>
        <lyric default-y="-83" number="2">
          <syllabic>single</syllabic>
          <text>з</text>
          <elision> </elision>
          <syllabic>begin</syllabic>
          <text>до</text>
        </lyric>
      </note>
      <note default-x="102">
        <pitch>
          <step>E</step>
          <octave>4</octave>
        </pitch>
        <duration>2</duration>
        <voice>1</voice>
        <type>quarter</type>
        <stem default-y="-5">up</stem>
        <lyric default-y="-83" number="2">
          <syllabic>middle</syllabic>
          <text>ро</text>
        </lyric>
      </note>
    </measure>
    <!--=======================================================-->
    <measure number="5" width="113">
      <note default-x="13">
        <pitch>
          <step>F</step>
          <octave>4</octave>
        </pitch>
        <duration>4</duration>
        <voice>1</voice>
        <type>half</type>
        <stem default-y="0">up</stem>
        <lyric default-y="-83" number="2">
          <syllabic>end</syllabic>
          <text>ги</text>
        </lyric>
      </note>
      <note default-x="74">
        <pitch>
          <step>E</step>
          <octave>4</octave>
        </pitch>
        <duration>2</duration>
        <voice>1</voice>
        <type>quarter</type>
        <stem default-y="-5">up</stem>
        <lyric default-y="-83" number="2">
          <syllabic>begin</syllabic>
          <text>збив</text>
        </lyric>
      </note>
    </measure>
    <!--=======================================================-->
    <measure number="6" width="95">
      <note default-x="13">
        <pitch>
          <step>D</step>
          <octave>4</octave>
        </pitch>
        <duration>6</duration>
        <voice>1</voice>
        <type>half</type>
        <dot/>
        <stem default-y="-10">up</stem>
        <lyric default-y="-83" number="2">
          <syllabic>end</syllabic>
          <text>ся,/</text>
        </lyric>
      </note>
    </measure>
    <!--=======================================================-->
    <measure number="7" width="150">
      <print new-system="yes">
        <system-layout>
          <system-distance>65</system-distance>
        </system-layout>
      </print>
      <note default-x="76">
        <pitch>
          <step>D</step>
          <octave>4</octave>
        </pitch>
        <duration>2</duration>
        <voice>1</voice>
        <type>quarter</type>
        <stem default-y="-10">up</stem>
        <lyric default-y="-78" number="2" relative-x="-5">
          <syllabic>begin</syllabic>
          <text>во</text>
        </lyric>
      </note>
      <note default-x="98">
        <pitch>
          <step>B</step>
          <alter>-1</alter>
          <octave>4</octave>
        </pitch>
        <duration>2</duration>
        <voice>1</voice>
        <type>quarter</type>
        <stem default-y="15">up</stem>
        <lyric default-y="-78" number="2">
          <syllabic>middle</syllabic>
          <text>ро</text>
        </lyric>
      </note>
      <note default-x="118">
        <pitch>
          <step>B</step>
          <alter>-1</alter>
          <octave>4</octave>
        </pitch>
        <duration>2</duration>
        <voice>1</voice>
        <type>quarter</type>
        <stem default-y="15">up</stem>
        <lyric default-y="-78" number="2" relative-x="8">
          <syllabic>middle</syllabic>
          <text>но</text>
        </lyric>
      </note>
      <backup>
        <duration>6</duration>
      </backup>
      <note default-x="76">
        <rest>
          <display-step>C</display-step>
          <display-octave>4</display-octave>
        </rest>
        <duration>2</duration>
        <voice>2</voice>
        <type>quarter</type>
      </note>
      <note default-x="98">
        <pitch>
          <step>G</step>
          <octave>4</octave>
        </pitch>
        <duration>2</duration>
        <voice>2</voice>
        <type>quarter</type>
        <stem default-y="-58">down</stem>
      </note>
      <note default-x="118">
        <pitch>
          <step>G</step>
          <octave>4</octave>
        </pitch>
        <duration>2</duration>
        <voice>2</voice>
        <type>quarter</type>
        <stem default-y="-58">down</stem>
      </note>
    </measure>
    <!--=======================================================-->
    <measure number="8" width="140">
      <attributes>
        <time symbol="common">
          <beats>4</beats>
          <beat-type>4</beat-type>
        </time>
      </attributes>
      <note default-x="45">
        <pitch>
          <step>B</step>
          <alter>-1</alter>
          <octave>4</octave>
        </pitch>
        <duration>4</duration>
        <voice>1</voice>
        <type>half</type>
        <stem default-y="15">up</stem>
        <lyric default-y="-78" number="2" relative-x="-6">
          <syllabic>end</syllabic>
          <text>му</text>
        </lyric>
      </note>
      <note default-x="69">
        <pitch>
          <step>A</step>
          <octave>4</octave>
        </pitch>
        <duration>2</duration>
        <voice>1</voice>
        <type>quarter</type>
        <stem default-y="10">up</stem>
        <lyric default-y="-78" number="2">
          <syllabic>begin</syllabic>
          <text>ко</text>
        </lyric>
      </note>
      <note default-x="97">
        <pitch>
          <step>G</step>
          <octave>4</octave>
        </pitch>
        <duration>2</duration>
        <voice>1</voice>
        <type>quarter</type>
        <stem default-y="5">up</stem>
        <lyric default-y="-78" number="2" relative-x="9">
          <syllabic>end</syllabic>
          <text>ню,/</text>
        </lyric>
      </note>
      <backup>
        <duration>8</duration>
      </backup>
      <note default-x="45">
        <pitch>
          <step>G</step>
          <octave>4</octave>
        </pitch>
        <duration>4</duration>
        <voice>2</voice>
        <type>half</type>
        <stem default-y="-58">down</stem>
      </note>
      <note default-x="69">
        <pitch>
          <step>F</step>
          <octave>4</octave>
        </pitch>
        <duration>2</duration>
        <voice>2</voice>
        <type>quarter</type>
        <stem default-y="-63">down</stem>
      </note>
      <note default-x="97">
        <pitch>
          <step>E</step>
          <octave>4</octave>
        </pitch>
        <duration>2</duration>
        <voice>2</voice>
        <type>quarter</type>
        <stem default-y="-68">down</stem>
      </note>
    </measure>
    <!--=======================================================-->
    <measure number="9" width="127">
      <attributes>
        <time>
          <beats>3</beats>
          <beat-type>4</beat-type>
        </time>
      </attributes>
      <note default-x="46">
        <pitch>
          <step>F</step>
          <octave>4</octave>
        </pitch>
        <duration>1</duration>
        <voice>1</voice>
        <type>eighth</type>
        <stem default-y="0">up</stem>
        <beam number="1">begin</beam>
        <notations>
          <slur bezier-x="5" bezier-y="-6" default-x="6" default-y="-45" number="1" placement="below" type="start"/>
        </notations>
        <lyric default-y="-78" number="2">
          <syllabic>begin</syllabic>
          <text>во</text>
        </lyric>
      </note>
      <note default-x="61">
        <pitch>
          <step>G</step>
          <octave>4</octave>
        </pitch>
        <duration>1</duration>
        <voice>1</voice>
        <type>eighth</type>
        <stem default-y="5">up</stem>
        <beam number="1">end</beam>
        <notations>
          <slur bezier-x="-4" bezier-y="-7" default-x="6" default-y="-43" number="1" type="stop"/>
        </notations>
      </note>
      <note default-x="79">
        <pitch>
          <step>A</step>
          <octave>4</octave>
        </pitch>
        <duration>2</duration>
        <voice>1</voice>
        <type>quarter</type>
        <stem default-y="10">up</stem>
        <lyric default-y="-78" number="2">
          <syllabic>middle</syllabic>
          <text>ро</text>
        </lyric>
      </note>
      <note default-x="95">
        <pitch>
          <step>A</step>
          <octave>4</octave>
        </pitch>
        <duration>2</duration>
        <voice>1</voice>
        <type>quarter</type>
        <stem default-y="10">up</stem>
        <lyric default-y="-78" number="2" relative-x="11">
          <syllabic>middle</syllabic>
          <text>но</text>
        </lyric>
      </note>
      <backup>
        <duration>6</duration>
      </backup>
      <note default-x="46">
        <pitch>
          <step>D</step>
          <octave>4</octave>
        </pitch>
        <duration>1</duration>
        <voice>2</voice>
        <type>eighth</type>
        <stem default-y="-80">down</stem>
        <beam number="1">begin</beam>
      </note>
      <note default-x="61">
        <pitch>
          <step>E</step>
          <octave>4</octave>
        </pitch>
        <duration>1</duration>
        <voice>2</voice>
        <type>eighth</type>
        <stem default-y="-75">down</stem>
        <beam number="1">end</beam>
      </note>
      <note default-x="79">
        <pitch>
          <step>F</step>
          <octave>4</octave>
        </pitch>
        <duration>2</duration>
        <voice>2</voice>
        <type>quarter</type>
        <stem default-y="-63">down</stem>
      </note>
      <note default-x="95">
        <pitch>
          <step>F</step>
          <octave>4</octave>
        </pitch>
        <duration>2</duration>
        <voice>2</voice>
        <type>quarter</type>
        <stem default-y="-63">down</stem>
      </note>
    </measure>
    <!--=======================================================-->
    <measure number="10" width="139">
      <attributes>
        <time symbol="common">
          <beats>4</beats>
          <beat-type>4</beat-type>
        </time>
      </attributes>
      <note default-x="45">
        <pitch>
          <step>A</step>
          <octave>4</octave>
        </pitch>
        <duration>4</duration>
        <voice>1</voice>
        <type>half</type>
        <stem default-y="10">up</stem>
        <lyric default-y="-78" number="2">
          <syllabic>end</syllabic>
          <text>му</text>
        </lyric>
      </note>
      <note default-x="74">
        <pitch>
          <step>G</step>
          <octave>4</octave>
        </pitch>
        <duration>2</duration>
        <voice>1</voice>
        <type>quarter</type>
        <stem default-y="5">up</stem>
        <lyric default-y="-78" number="2">
          <syllabic>begin</syllabic>
          <text>ко</text>
        </lyric>
      </note>
      <note default-x="99">
        <pitch>
          <step>F</step>
          <octave>4</octave>
        </pitch>
        <duration>2</duration>
        <voice>1</voice>
        <type>quarter</type>
        <stem default-y="0">up</stem>
        <lyric default-y="-78" number="2" relative-x="9">
          <syllabic>end</syllabic>
          <text>ню/</text>
        </lyric>
      </note>
      <backup>
        <duration>8</duration>
      </backup>
      <note default-x="45">
        <pitch>
          <step>F</step>
          <octave>4</octave>
        </pitch>
        <duration>4</duration>
        <voice>2</voice>
        <type>half</type>
        <stem default-y="-63">down</stem>
      </note>
      <note default-x="74">
        <pitch>
          <step>E</step>
          <octave>4</octave>
        </pitch>
        <duration>2</duration>
        <voice>2</voice>
        <type>quarter</type>
        <stem default-y="-68">down</stem>
      </note>
      <note default-x="99">
        <pitch>
          <step>D</step>
          <octave>4</octave>
        </pitch>
        <duration>2</duration>
        <voice>2</voice>
        <type>quarter</type>
        <stem default-y="-73">down</stem>
      </note>
    </measure>
    <!--=======================================================-->
    <measure number="11" width="121">
      <attributes>
        <time>
          <beats>3</beats>
          <beat-type>4</beat-type>
        </time>
      </attributes>
      <note default-x="48">
        <pitch>
          <step>A</step>
          <octave>3</octave>
        </pitch>
        <duration>2</duration>
        <voice>1</voice>
        <type>quarter</type>
        <stem default-y="-20">up</stem>
        <lyric default-y="-78" number="2" relative-x="-5">
          <syllabic>single</syllabic>
          <text>на</text>
        </lyric>
      </note>
      <note default-x="72">
        <pitch>
          <step>D</step>
          <octave>4</octave>
        </pitch>
        <duration>2</duration>
        <voice>1</voice>
        <type>quarter</type>
        <stem default-y="-10">up</stem>
        <lyric default-y="-78" number="2">
          <syllabic>begin</syllabic>
          <text>гри</text>
        </lyric>
      </note>
      <note default-x="92">
        <pitch>
          <step>F</step>
          <octave>4</octave>
        </pitch>
        <duration>2</duration>
        <voice>1</voice>
        <type>quarter</type>
        <stem default-y="0">up</stem>
        <lyric default-y="-78" number="2" relative-x="9">
          <syllabic>end</syllabic>
          <text>ву</text>
        </lyric>
      </note>
      <backup>
        <duration>6</duration>
      </backup>
      <note default-x="47">
        <rest>
          <display-step>C</display-step>
          <display-octave>4</display-octave>
        </rest>
        <duration>4</duration>
        <voice>2</voice>
        <type>half</type>
      </note>
      <note default-x="92">
        <pitch>
          <step>D</step>
          <octave>4</octave>
        </pitch>
        <duration>2</duration>
        <voice>2</voice>
        <type>quarter</type>
        <stem default-y="-73">down</stem>
      </note>
    </measure>
    <!--=======================================================-->
    <measure number="12" width="77">
      <note default-x="13">
        <pitch>
          <step>A</step>
          <octave>4</octave>
        </pitch>
        <duration>4</duration>
        <voice>1</voice>
        <type>half</type>
        <stem default-y="10">up</stem>
        <lyric default-y="-78" number="2">
          <syllabic>begin</syllabic>
          <text>схи</text>
        </lyric>
      </note>
      <note default-x="49">
        <pitch>
          <step>G</step>
          <octave>4</octave>
        </pitch>
        <duration>2</duration>
        <voice>1</voice>
        <type>quarter</type>
        <stem default-y="5">up</stem>
        <lyric default-y="-78" number="2">
          <syllabic>middle</syllabic>
          <text>лив</text>
        </lyric>
      </note>
      <backup>
        <duration>6</duration>
      </backup>
      <note default-x="13">
        <pitch>
          <step>F</step>
          <octave>4</octave>
        </pitch>
        <duration>4</duration>
        <voice>2</voice>
        <type>half</type>
        <stem default-y="-63">down</stem>
      </note>
      <note default-x="49">
        <pitch>
          <step>E</step>
          <octave>4</octave>
        </pitch>
        <duration>2</duration>
        <voice>2</voice>
        <type>quarter</type>
        <stem default-y="-68">down</stem>
      </note>
    </measure>
    <!--=======================================================-->
    <measure number="13" width="86">
      <note default-x="13">
        <pitch>
          <step>D</step>
          <octave>5</octave>
        </pitch>
        <duration>4</duration>
        <voice>1</voice>
        <type>half</type>
        <stem default-y="18.5">up</stem>
        <lyric default-y="-78" number="2">
          <syllabic>end</syllabic>
          <text>ся./</text>
        </lyric>
      </note>
      <note default-x="52">
        <rest>
          <display-step>A</display-step>
          <display-octave>5</display-octave>
        </rest>
        <duration>2</duration>
        <voice>1</voice>
        <type>quarter</type>
      </note>
      <backup>
        <duration>6</duration>
      </backup>
      <note default-x="13">
        <pitch>
          <step>D</step>
          <octave>4</octave>
        </pitch>
        <duration>4</duration>
        <voice>2</voice>
        <type>half</type>
        <stem default-y="-73">down</stem>
      </note>
      <note default-x="52">
        <rest>
          <display-step>C</display-step>
          <display-octave>4</display-octave>
        </rest>
        <duration>2</duration>
        <voice>2</voice>
        <type>quarter</type>
      </note>
      <barline location="right">
        <bar-style>light-heavy</bar-style>
      </barline>
    </measure>
    <!--=======================================================-->
    <measure number="14" width="150">
      <print new-system="yes"/>
      <note default-x="76">
        <pitch>
          <step>D</step>
          <octave>4</octave>
        </pitch>
        <duration>2</duration>
        <voice>1</voice>
        <type>quarter</type>
        <stem default-y="-10">up</stem>
        <lyric default-y="-78" number="2" relative-x="-5">
          <syllabic>begin</syllabic>
          <text>во</text>
        </lyric>
      </note>
      <note default-x="98">
        <pitch>
          <step>B</step>
          <alter>-1</alter>
          <octave>4</octave>
        </pitch>
        <duration>2</duration>
        <voice>1</voice>
        <type>quarter</type>
        <stem default-y="15">up</stem>
        <lyric default-y="-78" number="2">
          <syllabic>middle</syllabic>
          <text>ро</text>
        </lyric>
      </note>
      <note default-x="118">
        <pitch>
          <step>B</step>
          <alter>-1</alter>
          <octave>4</octave>
        </pitch>
        <duration>2</duration>
        <voice>1</voice>
        <type>quarter</type>
        <stem default-y="15">up</stem>
        <lyric default-y="-78" number="2" relative-x="8">
          <syllabic>middle</syllabic>
          <text>но</text>
        </lyric>
      </note>
      <backup>
        <duration>6</duration>
      </backup>
      <note default-x="76">
        <rest>
          <display-step>C</display-step>
          <display-octave>4</display-octave>
        </rest>
        <duration>2</duration>
        <voice>2</voice>
        <type>quarter</type>
      </note>
      <note default-x="98">
        <pitch>
          <step>G</step>
          <octave>4</octave>
        </pitch>
        <duration>2</duration>
        <voice>2</voice>
        <type>quarter</type>
        <stem default-y="-58">down</stem>
      </note>
      <note default-x="118">
        <pitch>
          <step>G</step>
          <octave>4</octave>
        </pitch>
        <duration>2</duration>
        <voice>2</voice>
        <type>quarter</type>
        <stem default-y="-58">down</stem>
      </note>
    </measure>
    <!--=======================================================-->
    <measure number="15" width="140">
      <attributes>
        <time symbol="common">
          <beats>4</beats>
          <beat-type>4</beat-type>
        </time>
      </attributes>
      <note default-x="45">
        <pitch>
          <step>B</step>
          <alter>-1</alter>
          <octave>4</octave>
        </pitch>
        <duration>4</duration>
        <voice>1</voice>
        <type>half</type>
        <stem default-y="15">up</stem>
        <lyric default-y="-78" number="2" relative-x="-6">
          <syllabic>end</syllabic>
          <text>му</text>
        </lyric>
      </note>
      <note default-x="69">
        <pitch>
          <step>A</step>
          <octave>4</octave>
        </pitch>
        <duration>2</duration>
        <voice>1</voice>
        <type>quarter</type>
        <stem default-y="10">up</stem>
        <lyric default-y="-78" number="2">
          <syllabic>begin</syllabic>
          <text>ко</text>
        </lyric>
      </note>
      <note default-x="97">
        <pitch>
          <step>G</step>
          <octave>4</octave>
        </pitch>
        <duration>2</duration>
        <voice>1</voice>
        <type>quarter</type>
        <stem default-y="5">up</stem>
        <lyric default-y="-78" number="2" relative-x="9">
          <syllabic>end</syllabic>
          <text>ню,/</text>
        </lyric>
      </note>
      <backup>
        <duration>8</duration>
      </backup>
      <note default-x="45">
        <pitch>
          <step>G</step>
          <octave>4</octave>
        </pitch>
        <duration>4</duration>
        <voice>2</voice>
        <type>half</type>
        <stem default-y="-58">down</stem>
      </note>
      <note default-x="69">
        <pitch>
          <step>F</step>
          <octave>4</octave>
        </pitch>
        <duration>2</duration>
        <voice>2</voice>
        <type>quarter</type>
        <stem default-y="-63">down</stem>
      </note>
      <note default-x="97">
        <pitch>
          <step>E</step>
          <octave>4</octave>
        </pitch>
        <duration>2</duration>
        <voice>2</voice>
        <type>quarter</type>
        <stem default-y="-68">down</stem>
      </note>
    </measure>
    <!--=======================================================-->
    <measure number="16" width="127">
      <attributes>
        <time>
          <beats>3</beats>
          <beat-type>4</beat-type>
        </time>
      </attributes>
      <note default-x="46">
        <pitch>
          <step>F</step>
          <octave>4</octave>
        </pitch>
        <duration>1</duration>
        <voice>1</voice>
        <type>eighth</type>
        <stem default-y="0">up</stem>
        <beam number="1">begin</beam>
        <notations>
          <slur bezier-x="5" bezier-y="-6" default-x="6" default-y="-45" number="1" placement="below" type="start"/>
        </notations>
        <lyric default-y="-78" number="2">
          <syllabic>begin</syllabic>
          <text>во</text>
        </lyric>
      </note>
      <note default-x="61">
        <pitch>
          <step>G</step>
          <octave>4</octave>
        </pitch>
        <duration>1</duration>
        <voice>1</voice>
        <type>eighth</type>
        <stem default-y="5">up</stem>
        <beam number="1">end</beam>
        <notations>
          <slur bezier-x="-4" bezier-y="-7" default-x="6" default-y="-43" number="1" type="stop"/>
        </notations>
      </note>
      <note default-x="79">
        <pitch>
          <step>A</step>
          <octave>4</octave>
        </pitch>
        <duration>2</duration>
        <voice>1</voice>
        <type>quarter</type>
        <stem default-y="10">up</stem>
        <lyric default-y="-78" number="2">
          <syllabic>middle</syllabic>
          <text>ро</text>
        </lyric>
      </note>
      <note default-x="95">
        <pitch>
          <step>A</step>
          <octave>4</octave>
        </pitch>
        <duration>2</duration>
        <voice>1</voice>
        <type>quarter</type>
        <stem default-y="10">up</stem>
        <lyric default-y="-78" number="2" relative-x="11">
          <syllabic>middle</syllabic>
          <text>но</text>
        </lyric>
      </note>
      <backup>
        <duration>6</duration>
      </backup>
      <note default-x="46">
        <pitch>
          <step>D</step>
          <octave>4</octave>
        </pitch>
        <duration>1</duration>
        <voice>2</voice>
        <type>eighth</type>
        <stem default-y="-80">down</stem>
        <beam number="1">begin</beam>
      </note>
      <note default-x="61">
        <pitch>
          <step>E</step>
          <octave>4</octave>
        </pitch>
        <duration>1</duration>
        <voice>2</voice>
        <type>eighth</type>
        <stem default-y="-75">down</stem>
        <beam number="1">end</beam>
      </note>
      <note default-x="79">
        <pitch>
          <step>F</step>
          <octave>4</octave>
        </pitch>
        <duration>2</duration>
        <voice>2</voice>
        <type>quarter</type>
        <stem default-y="-63">down</stem>
      </note>
      <note default-x="95">
        <pitch>
          <step>F</step>
          <octave>4</octave>
        </pitch>
        <duration>2</duration>
        <voice>2</voice>
        <type>quarter</type>
        <stem default-y="-63">down</stem>
      </note>
    </measure>
    <!--=======================================================-->
    <measure number="17" width="139">
      <attributes>
        <time symbol="common">
          <beats>4</beats>
          <beat-type>4</beat-type>
        </time>
      </attributes>
      <note default-x="45">
        <pitch>
          <step>A</step>
          <octave>4</octave>
        </pitch>
        <duration>4</duration>
        <voice>1</voice>
        <type>half</type>
        <stem default-y="10">up</stem>
        <lyric default-y="-78" number="2">
          <syllabic>end</syllabic>
          <text>му</text>
        </lyric>
      </note>
      <note default-x="74">
        <pitch>
          <step>G</step>
          <octave>4</octave>
        </pitch>
        <duration>2</duration>
        <voice>1</voice>
        <type>quarter</type>
        <stem default-y="5">up</stem>
        <lyric default-y="-78" number="2">
          <syllabic>begin</syllabic>
          <text>ко</text>
        </lyric>
      </note>
      <note default-x="99">
        <pitch>
          <step>F</step>
          <octave>4</octave>
        </pitch>
        <duration>2</duration>
        <voice>1</voice>
        <type>quarter</type>
        <stem default-y="0">up</stem>
        <lyric default-y="-78" number="2" relative-x="9">
          <syllabic>end</syllabic>
          <text>ню/</text>
        </lyric>
      </note>
      <backup>
        <duration>8</duration>
      </backup>
      <note default-x="45">
        <pitch>
          <step>F</step>
          <octave>4</octave>
        </pitch>
        <duration>4</duration>
        <voice>2</voice>
        <type>half</type>
        <stem default-y="-63">down</stem>
      </note>
      <note default-x="74">
        <pitch>
          <step>E</step>
          <octave>4</octave>
        </pitch>
        <duration>2</duration>
        <voice>2</voice>
        <type>quarter</type>
        <stem default-y="-68">down</stem>
      </note>
      <note default-x="99">
        <pitch>
          <step>D</step>
          <octave>4</octave>
        </pitch>
        <duration>2</duration>
        <voice>2</voice>
        <type>quarter</type>
        <stem default-y="-73">down</stem>
      </note>
    </measure>
    <!--=======================================================-->
    <measure number="18" width="121">
      <attributes>
        <time>
          <beats>3</beats>
          <beat-type>4</beat-type>
        </time>
      </attributes>
      <note default-x="48">
        <pitch>
          <step>A</step>
          <octave>3</octave>
        </pitch>
        <duration>2</duration>
        <voice>1</voice>
        <type>quarter</type>
        <stem default-y="-20">up</stem>
        <lyric default-y="-78" number="2" relative-x="-5">
          <syllabic>single</syllabic>
          <text>на</text>
        </lyric>
      </note>
      <note default-x="72">
        <pitch>
          <step>D</step>
          <octave>4</octave>
        </pitch>
        <duration>2</duration>
        <voice>1</voice>
        <type>quarter</type>
        <stem default-y="-10">up</stem>
        <lyric default-y="-78" number="2">
          <syllabic>begin</syllabic>
          <text>гри</text>
        </lyric>
      </note>
      <note default-x="92">
        <pitch>
          <step>F</step>
          <octave>4</octave>
        </pitch>
        <duration>2</duration>
        <voice>1</voice>
        <type>quarter</type>
        <stem default-y="0">up</stem>
        <lyric default-y="-78" number="2" relative-x="9">
          <syllabic>end</syllabic>
          <text>ву</text>
        </lyric>
      </note>
      <backup>
        <duration>6</duration>
      </backup>
      <note default-x="47">
        <rest>
          <display-step>C</display-step>
          <display-octave>4</display-octave>
        </rest>
        <duration>4</duration>
        <voice>2</voice>
        <type>half</type>
      </note>
      <note default-x="92">
        <pitch>
          <step>D</step>
          <octave>4</octave>
        </pitch>
        <duration>2</duration>
        <voice>2</voice>
        <type>quarter</type>
        <stem default-y="-73">down</stem>
      </note>
    </measure>
    <!--=======================================================-->
    <measure number="19" width="77">
      <note default-x="13">
        <pitch>
          <step>A</step>
          <octave>4</octave>
        </pitch>
        <duration>4</duration>
        <voice>1</voice>
        <type>half</type>
        <stem default-y="10">up</stem>
        <lyric default-y="-78" number="2">
          <syllabic>begin</syllabic>
          <text>схи</text>
        </lyric>
      </note>
      <note default-x="49">
        <pitch>
          <step>G</step>
          <octave>4</octave>
        </pitch>
        <duration>2</duration>
        <voice>1</voice>
        <type>quarter</type>
        <stem default-y="5">up</stem>
        <lyric default-y="-78" number="2">
          <syllabic>middle</syllabic>
          <text>лив</text>
        </lyric>
      </note>
      <backup>
        <duration>6</duration>
      </backup>
      <note default-x="13">
        <pitch>
          <step>F</step>
          <octave>4</octave>
        </pitch>
        <duration>4</duration>
        <voice>2</voice>
        <type>half</type>
        <stem default-y="-63">down</stem>
      </note>
      <note default-x="49">
        <pitch>
          <step>E</step>
          <octave>4</octave>
        </pitch>
        <duration>2</duration>
        <voice>2</voice>
        <type>quarter</type>
        <stem default-y="-68">down</stem>
      </note>
    </measure>
    <!--=======================================================-->
    <measure number="20" width="86">
      <note default-x="13">
        <pitch>
          <step>D</step>
          <octave>5</octave>
        </pitch>
        <duration>4</duration>
        <voice>1</voice>
        <type>half</type>
        <stem default-y="18.5">up</stem>
        <lyric default-y="-78" number="2">
          <syllabic>end</syllabic>
          <text>ся.</text>
        </lyric>
      </note>
      <note default-x="52">
        <rest>
          <display-step>A</display-step>
          <display-octave>5</display-octave>
        </rest>
        <duration>2</duration>
        <voice>1</voice>
        <type>quarter</type>
      </note>
      <backup>
        <duration>6</duration>
      </backup>
      <note default-x="13">
        <pitch>
          <step>D</step>
          <octave>4</octave>
        </pitch>
        <duration>4</duration>
        <voice>2</voice>
        <type>half</type>
        <stem default-y="-73">down</stem>
      </note>
      <note default-x="52">
        <rest>
          <display-step>C</display-step>
          <display-octave>4</display-octave>
        </rest>
        <duration>2</duration>
        <voice>2</voice>
        <type>quarter</type>
      </note>
      <barline location="right">
        <bar-style>light-heavy</bar-style>
      </barline>
    </measure>
  </part>
  <!--=========================================================-->
</score-partwise>
