<?xml version="1.0" encoding="UTF-8" standalone="no"?>
<!DOCTYPE score-partwise PUBLIC "-//Recordare//DTD MusicXML 4.0 Partwise//EN" "http://www.musicxml.org/dtds/partwise.dtd">
<score-partwise version="4.0">
  <identification>
    <encoding>
      <software>Finale v27.3 for Windows</software>
      <encoding-date>2024-10-01</encoding-date>
      <supports attribute="new-system" element="print" type="yes" value="yes"/>
      <supports attribute="new-page" element="print" type="yes" value="yes"/>
      <supports element="accidental" type="yes"/>
      <supports element="beam" type="yes"/>
      <supports element="stem" type="yes"/>
    </encoding>
  </identification>
  <defaults>
    <scaling>
      <millimeters>8.4667</millimeters>
      <tenths>40</tenths>
    </scaling>
    <page-layout>
      <page-height>1320</page-height>
      <page-width>1020</page-width>
      <page-margins type="both">
        <left-margin>60</left-margin>
        <right-margin>60</right-margin>
        <top-margin>60</top-margin>
        <bottom-margin>60</bottom-margin>
      </page-margins>
    </page-layout>
    <system-layout>
      <system-margins>
        <left-margin>0</left-margin>
        <right-margin>0</right-margin>
      </system-margins>
      <system-distance>110</system-distance>
      <top-system-distance>67</top-system-distance>
    </system-layout>
    <appearance>
      <line-width type="stem">0.7682</line-width>
      <line-width type="beam">5</line-width>
      <line-width type="staff">0.7682</line-width>
      <line-width type="light barline">0.7682</line-width>
      <line-width type="heavy barline">5</line-width>
      <line-width type="leger">0.7682</line-width>
      <line-width type="ending">0.7682</line-width>
      <line-width type="wedge">0.7682</line-width>
      <line-width type="enclosure">0.7682</line-width>
      <line-width type="tuplet bracket">0.7682</line-width>
      <note-size type="grace">50</note-size>
      <note-size type="cue">50</note-size>
      <distance type="hyphen">60</distance>
      <distance type="beam">7.5</distance>
    </appearance>
    <music-font font-family="Finale Maestro,engraved" font-size="24"/>
    <word-font font-family="Times New Roman" font-size="12"/>
    <lyric-font font-family="Times New Roman" font-size="12"/>
  </defaults>
  <credit page="1">
    <credit-words default-x="126" default-y="620" valign="top" xml:space="preserve">Зап. 23 липня 1978 р. Дем’ян Г. В. у с. Лоївці Новоушицького р-ну Хмельницької обл. від Розової 
Марії Василівни, 1930 р. н., Куцяк Олександри Миколаївни, 1922 р. н., Сухаревої Марії Іллівни, 
1930 р. н. і Гуменюк Марії Улянівни, 1924 р. н. – ІМФЕ, ф. 14-3, од. зб. 973, арк. 138 (текст), арк. 
248 (мел.), № 95. Нотація Мишанича М. В.</credit-words>
  </credit>
  <credit page="1">
    <credit-words default-x="345" default-y="1260" font-size="20" valign="top">583. і Посію шальвію (13-БР-03)</credit-words>
  </credit>
  <credit page="1">
    <credit-words default-x="324" default-y="1226" valign="top">60 [Вільно]</credit-words>
  </credit>
  <credit page="1">
    <credit-words default-x="120" default-y="987" font-size="18" valign="top" xml:space="preserve">1. і Посію шальвію
Раненько в неділю,
Чогось міні Бог ни роди, 
Шальві... шальвія не сходи.*
2. Хоць ще вона зійде,
Від сонця зів’яне,
Прийде милий з коршми п’яний,
На ме... на мене ни гляне.
3. Хоця він погляне,
Я його боюся,</credit-words>
  </credit>
  <credit page="1">
    <credit-words default-x="120" default-y="103" valign="top" xml:space="preserve">* Другу половину кожної строфи співають двічі. (Л. Є.)
** Поділ на такти здійснено нами. (Л. Є.)</credit-words>
  </credit>
  <credit page="1">
    <credit-words default-x="545" default-y="985" font-size="18" valign="top" xml:space="preserve">Бідна ж моя й головонька,
Де я... де я подіюся?
4. Що вікна маленькі,
А двері вузенькі...
– Розступися, сирая земле,
Най пі... най піду під тебе!
5. Земля розступилась,
Мила споп’ятилась:
– Прощай, прощай, сирая земле,
Що я... що я прогрішила!</credit-words>
  </credit>
  <credit page="1">
    <credit-words default-x="529" default-y="46" valign="top">410</credit-words>
  </credit>
  <part-list>
    <score-part id="P1">
      <part-name print-object="no">MusicXML Part</part-name>
      <group>score</group>
      <score-instrument id="P1-I1">
        <instrument-name>Čķńņšóģåķņ 1</instrument-name>
      </score-instrument>
      <midi-instrument id="P1-I1">
        <midi-channel>1</midi-channel>
        <midi-program>1</midi-program>
        <volume>80</volume>
        <pan>0</pan>
      </midi-instrument>
    </score-part>
  </part-list>
  <!--=========================================================-->
  <part id="P1">
    <measure number="1" width="392">
      <print>
        <page-layout>
          <page-height>1320</page-height>
          <page-width>1020</page-width>
          <page-margins>
            <left-margin>120</left-margin>
            <right-margin>60</right-margin>
            <top-margin>60</top-margin>
            <bottom-margin>60</bottom-margin>
          </page-margins>
        </page-layout>
        <system-layout>
          <system-margins>
            <left-margin>60</left-margin>
            <right-margin>0</right-margin>
          </system-margins>
          <top-system-distance>68</top-system-distance>
        </system-layout>
        <measure-numbering>none</measure-numbering>
      </print>
      <attributes>
        <divisions>2</divisions>
        <key>
          <fifths>0</fifths>
          <mode>major</mode>
        </key>
        <time>
          <beats>7</beats>
          <beat-type>4</beat-type>
        </time>
        <clef>
          <sign>G</sign>
          <line>2</line>
        </clef>
      </attributes>
      <sound tempo="96">
        <swing>
          <straight/>
        </swing>
      </sound>
      <direction placement="above">
        <direction-type>
          <words default-y="17" relative-x="-117">quarter note equals</words>
        </direction-type>
      </direction>
      <note default-x="85">
        <pitch>
          <step>E</step>
          <octave>4</octave>
        </pitch>
        <duration>3</duration>
        <voice>1</voice>
        <type>quarter</type>
        <dot/>
        <stem default-y="-5">up</stem>
        <lyric default-y="-92" number="1">
          <syllabic>begin</syllabic>
          <text>По</text>
        </lyric>
      </note>
      <note default-x="140">
        <pitch>
          <step>F</step>
          <octave>4</octave>
        </pitch>
        <duration>1</duration>
        <voice>1</voice>
        <type>eighth</type>
        <stem default-y="0">up</stem>
        <notations>
          <slur bezier-x="8" bezier-y="3" default-x="23" default-y="-7" number="1" orientation="over" type="start"/>
        </notations>
        <lyric default-y="-92" number="1">
          <syllabic>middle</syllabic>
          <text>сі</text>
        </lyric>
      </note>
      <note default-x="170">
        <pitch>
          <step>E</step>
          <octave>4</octave>
        </pitch>
        <duration>2</duration>
        <voice>1</voice>
        <type>quarter</type>
        <stem default-y="-5">up</stem>
        <notations>
          <slur bezier-x="0" bezier-y="9" default-x="7" default-y="-15" number="1" type="stop"/>
        </notations>
        <lyric default-y="-92" number="1">
          <syllabic>end</syllabic>
          <text>ю</text>
        </lyric>
      </note>
      <note default-x="213">
        <pitch>
          <step>D</step>
          <octave>4</octave>
        </pitch>
        <duration>2</duration>
        <voice>1</voice>
        <type>quarter</type>
        <stem default-y="-10">up</stem>
        <lyric default-y="-92" number="1">
          <syllabic>begin</syllabic>
          <text>шаль</text>
        </lyric>
      </note>
      <note default-x="257">
        <pitch>
          <step>C</step>
          <octave>4</octave>
        </pitch>
        <duration>1</duration>
        <voice>1</voice>
        <type>eighth</type>
        <stem default-y="-15">up</stem>
        <beam number="1">begin</beam>
        <notations>
          <slur bezier-x="10" bezier-y="6" default-x="13" default-y="-7" number="1" placement="above" type="start"/>
          <slur bezier-x="6" bezier-y="-10" default-x="6" default-y="-60" number="2" placement="below" type="start"/>
        </notations>
        <lyric default-y="-92" number="1">
          <syllabic>middle</syllabic>
          <text>ві</text>
        </lyric>
      </note>
      <note default-x="283">
        <pitch>
          <step>B</step>
          <octave>3</octave>
        </pitch>
        <duration>1</duration>
        <voice>1</voice>
        <type>eighth</type>
        <stem default-y="-20">up</stem>
        <beam number="1">end</beam>
        <notations>
          <slur bezier-x="-5" bezier-y="11" default-x="12" default-y="-15" number="1" type="stop"/>
          <slur bezier-x="-10" bezier-y="-7" default-x="6" default-y="-65" number="2" type="stop"/>
        </notations>
      </note>
      <note default-x="310">
        <pitch>
          <step>A</step>
          <octave>3</octave>
        </pitch>
        <duration>3</duration>
        <voice>1</voice>
        <type>quarter</type>
        <dot/>
        <stem default-y="-20">up</stem>
        <lyric default-y="-92" number="1">
          <syllabic>end</syllabic>
          <text>ю/</text>
        </lyric>
      </note>
      <note default-x="365">
        <rest>
          <display-step>B</display-step>
          <display-octave>4</display-octave>
        </rest>
        <duration>1</duration>
        <voice>1</voice>
        <type>eighth</type>
      </note>
      <backup>
        <duration>14</duration>
      </backup>
      <forward>
        <duration>8</duration>
        <voice>2</voice>
      </forward>
      <forward>
        <duration>2</duration>
        <voice>2</voice>
      </forward>
      <note default-x="310">
        <pitch>
          <step>A</step>
          <octave>3</octave>
        </pitch>
        <duration>3</duration>
        <voice>2</voice>
        <type>quarter</type>
        <dot/>
        <stem default-y="-88">down</stem>
        <notations>
          <slur bezier-x="13" bezier-y="-11" default-x="6" default-y="-78" number="1" placement="below" type="start"/>
        </notations>
      </note>
      <note default-x="365">
        <pitch>
          <step>C</step>
          <octave>4</octave>
        </pitch>
        <duration>1</duration>
        <voice>2</voice>
        <type>eighth</type>
        <stem default-y="-85">down</stem>
        <notations>
          <slur bezier-x="-12" bezier-y="-12" default-x="-5" default-y="-75" number="1" type="stop"/>
        </notations>
      </note>
    </measure>
    <!--=======================================================-->
    <measure number="2" width="388">
      <note default-x="13">
        <pitch>
          <step>E</step>
          <octave>4</octave>
        </pitch>
        <duration>3</duration>
        <voice>1</voice>
        <type>quarter</type>
        <dot/>
        <stem default-y="-5">up</stem>
        <lyric default-y="-92" number="1">
          <syllabic>begin</syllabic>
          <text>ра</text>
        </lyric>
      </note>
      <note default-x="67">
        <pitch>
          <step>F</step>
          <octave>4</octave>
        </pitch>
        <duration>1</duration>
        <voice>1</voice>
        <type>eighth</type>
        <stem default-y="0">up</stem>
        <notations>
          <slur bezier-x="10" bezier-y="5" default-x="23" default-y="-7" number="1" orientation="over" type="start"/>
        </notations>
        <lyric default-y="-92" number="1">
          <syllabic>middle</syllabic>
          <text>нень</text>
        </lyric>
      </note>
      <note default-x="106">
        <pitch>
          <step>E</step>
          <octave>4</octave>
        </pitch>
        <duration>2</duration>
        <voice>1</voice>
        <type>quarter</type>
        <stem default-y="-5">up</stem>
        <notations>
          <slur bezier-x="-4" bezier-y="10" default-x="7" default-y="-15" number="1" type="stop"/>
        </notations>
        <lyric default-y="-92" number="1">
          <syllabic>end</syllabic>
          <text>ко</text>
        </lyric>
      </note>
      <note default-x="148">
        <pitch>
          <step>D</step>
          <octave>4</octave>
        </pitch>
        <duration>2</duration>
        <voice>1</voice>
        <type>quarter</type>
        <stem default-y="-10">up</stem>
        <lyric default-y="-92" number="1">
          <syllabic>single</syllabic>
          <text>в</text>
          <elision> </elision>
          <syllabic>begin</syllabic>
          <text>не</text>
        </lyric>
      </note>
      <note default-x="189">
        <pitch>
          <step>C</step>
          <octave>4</octave>
        </pitch>
        <duration>1</duration>
        <voice>1</voice>
        <type>eighth</type>
        <stem default-y="-15">up</stem>
        <beam number="1">begin</beam>
        <notations>
          <slur bezier-x="6" bezier-y="-10" default-x="6" default-y="-60" number="1" placement="below" type="start"/>
        </notations>
        <lyric default-y="-92" number="1">
          <syllabic>middle</syllabic>
          <text>ді</text>
        </lyric>
      </note>
      <note default-x="215">
        <pitch>
          <step>B</step>
          <octave>3</octave>
        </pitch>
        <duration>1</duration>
        <voice>1</voice>
        <type>eighth</type>
        <stem default-y="-20">up</stem>
        <beam number="1">end</beam>
        <notations>
          <slur bezier-x="-10" bezier-y="-7" default-x="6" default-y="-65" number="1" type="stop"/>
          <slur bezier-x="5" bezier-y="7" default-x="18" default-y="-27" number="1" orientation="over" type="start"/>
        </notations>
      </note>
      <note default-x="242">
        <pitch>
          <step>A</step>
          <octave>3</octave>
        </pitch>
        <duration>3</duration>
        <voice>1</voice>
        <type>quarter</type>
        <dot/>
        <stem default-y="-20">up</stem>
        <notations>
          <slur bezier-x="-5" bezier-y="7" default-x="7" default-y="-27" number="1" type="stop"/>
        </notations>
        <lyric default-y="-92" number="1" relative-x="8">
          <syllabic>end</syllabic>
          <text>лю,/</text>
        </lyric>
      </note>
      <note default-x="296">
        <rest/>
        <duration>1</duration>
        <voice>1</voice>
        <type>eighth</type>
      </note>
    </measure>
    <!--=======================================================-->
    <measure number="3" width="448">
      <print new-system="yes">
        <system-layout>
          <system-distance>82</system-distance>
        </system-layout>
      </print>
      <barline location="left">
        <bar-style>heavy-light</bar-style>
        <repeat direction="forward" winged="none"/>
      </barline>
      <attributes>
        <time>
          <beats>4</beats>
          <beat-type>4</beat-type>
          <beats>4</beats>
          <beat-type>4</beat-type>
        </time>
      </attributes>
      <note default-x="135">
        <pitch>
          <step>D</step>
          <octave>4</octave>
        </pitch>
        <duration>3</duration>
        <voice>1</voice>
        <type>quarter</type>
        <dot/>
        <stem default-y="-10">up</stem>
        <lyric default-y="-80" number="1">
          <syllabic>begin</syllabic>
          <text>чо</text>
        </lyric>
      </note>
      <note default-x="180">
        <pitch>
          <step>D</step>
          <octave>4</octave>
        </pitch>
        <duration>1</duration>
        <voice>1</voice>
        <type>eighth</type>
        <stem default-y="-10">up</stem>
        <lyric default-y="-80" number="1">
          <syllabic>end</syllabic>
          <text>гось</text>
        </lyric>
      </note>
      <note default-x="217">
        <pitch>
          <step>C</step>
          <octave>4</octave>
        </pitch>
        <duration>2</duration>
        <voice>1</voice>
        <type>quarter</type>
        <stem default-y="-15">up</stem>
        <lyric default-y="-80" number="1">
          <syllabic>begin</syllabic>
          <text>мі</text>
        </lyric>
      </note>
      <direction placement="above">
        <direction-type>
          <words default-y="11">( )</words>
        </direction-type>
      </direction>
      <note default-x="250">
        <pitch>
          <step>D</step>
          <octave>4</octave>
        </pitch>
        <duration>2</duration>
        <voice>1</voice>
        <type>quarter</type>
        <stem default-y="-10">up</stem>
        <notations>
          <technical>
            <up-bow default-x="2" default-y="5" placement="above"/>
          </technical>
        </notations>
        <lyric default-y="-80" number="1">
          <syllabic>end</syllabic>
          <text>ні</text>
        </lyric>
      </note>
      <note default-x="282">
        <pitch>
          <step>E</step>
          <octave>4</octave>
        </pitch>
        <duration>2</duration>
        <voice>1</voice>
        <type>quarter</type>
        <stem default-y="-5">up</stem>
        <notations>
          <slur bezier-x="10" bezier-y="-8" default-x="6" default-y="-50" number="1" placement="below" type="start"/>
          <other-notation default-x="6" default-y="-94" placement="below" smufl="barlineDashed" type="single"/>
        </notations>
        <lyric default-y="-80" number="1" relative-x="8">
          <syllabic>single</syllabic>
          <text>Бог</text>
        </lyric>
      </note>
      <note default-x="313">
        <pitch>
          <step>F</step>
          <octave>4</octave>
        </pitch>
        <duration>1</duration>
        <voice>1</voice>
        <type>eighth</type>
        <stem default-y="10">up</stem>
        <notations>
          <slur bezier-x="-7" bezier-y="-11" default-x="6" default-y="-45" number="1" type="stop"/>
        </notations>
      </note>
      <note default-x="313">
        <chord/>
        <pitch>
          <step>A</step>
          <octave>4</octave>
        </pitch>
        <duration>1</duration>
        <voice>1</voice>
        <type>eighth</type>
        <stem>up</stem>
      </note>
      <note default-x="345">
        <pitch>
          <step>F</step>
          <octave>4</octave>
        </pitch>
        <duration>1</duration>
        <voice>1</voice>
        <type>eighth</type>
        <stem default-y="10">up</stem>
        <lyric default-y="-80" number="1">
          <syllabic>single</syllabic>
          <text>ни</text>
        </lyric>
      </note>
      <note default-x="345">
        <chord/>
        <pitch>
          <step>A</step>
          <octave>4</octave>
        </pitch>
        <duration>1</duration>
        <voice>1</voice>
        <type>eighth</type>
        <stem>up</stem>
      </note>
      <note default-x="378">
        <pitch>
          <step>E</step>
          <octave>4</octave>
        </pitch>
        <duration>2</duration>
        <voice>1</voice>
        <type>quarter</type>
        <stem default-y="5">up</stem>
        <lyric default-y="-80" number="1">
          <syllabic>begin</syllabic>
          <text>ро</text>
        </lyric>
      </note>
      <note default-x="378">
        <chord/>
        <pitch>
          <step>G</step>
          <octave>4</octave>
        </pitch>
        <duration>2</duration>
        <voice>1</voice>
        <type>quarter</type>
        <stem>up</stem>
      </note>
      <note default-x="413">
        <pitch>
          <step>D</step>
          <octave>4</octave>
        </pitch>
        <duration>2</duration>
        <voice>1</voice>
        <type>quarter</type>
        <stem default-y="10">up</stem>
        <lyric default-y="-80" number="1">
          <syllabic>end</syllabic>
          <text>ди,/</text>
        </lyric>
      </note>
      <note default-x="413">
        <chord/>
        <pitch>
          <step>A</step>
          <octave>4</octave>
        </pitch>
        <duration>2</duration>
        <voice>1</voice>
        <type>quarter</type>
        <stem>up</stem>
      </note>
    </measure>
    <!--=======================================================-->
    <measure number="4" width="392">
      <attributes>
        <time>
          <beats>2</beats>
          <beat-type>4</beat-type>
          <beats>5</beats>
          <beat-type>4</beat-type>
        </time>
      </attributes>
      <note default-x="82">
        <pitch>
          <step>A</step>
          <octave>3</octave>
        </pitch>
        <duration>2</duration>
        <voice>1</voice>
        <type>quarter</type>
        <stem default-y="-20">up</stem>
        <lyric default-y="-80" number="1">
          <syllabic>begin</syllabic>
          <text>шаль</text>
        </lyric>
      </note>
      <note default-x="120">
        <pitch>
          <step>C</step>
          <octave>4</octave>
        </pitch>
        <duration>2</duration>
        <voice>1</voice>
        <type>quarter</type>
        <stem default-y="-5">up</stem>
        <lyric default-y="-80" number="1">
          <syllabic>end</syllabic>
          <text>ві...</text>
        </lyric>
      </note>
      <note default-x="120">
        <chord/>
        <pitch>
          <step>E</step>
          <octave>4</octave>
        </pitch>
        <duration>2</duration>
        <voice>1</voice>
        <type>quarter</type>
        <stem>up</stem>
      </note>
      <direction placement="above">
        <direction-type>
          <words default-y="10">( )</words>
        </direction-type>
      </direction>
      <note default-x="173">
        <pitch>
          <step>D</step>
          <octave>4</octave>
        </pitch>
        <duration>1</duration>
        <voice>1</voice>
        <type>eighth</type>
        <stem default-y="0">up</stem>
        <notations>
          <other-notation default-x="6" default-y="-50" placement="below" smufl="barlineDashed" type="single"/>
          <technical>
            <up-bow default-x="2" default-y="11" placement="above"/>
          </technical>
        </notations>
        <lyric default-y="-80" number="1">
          <syllabic>begin</syllabic>
          <text>шаль</text>
        </lyric>
      </note>
      <note default-x="173">
        <chord/>
        <pitch>
          <step>F</step>
          <octave>4</octave>
        </pitch>
        <duration>1</duration>
        <voice>1</voice>
        <type>eighth</type>
        <stem>up</stem>
      </note>
      <note default-x="211">
        <pitch>
          <step>D</step>
          <octave>4</octave>
        </pitch>
        <duration>1</duration>
        <voice>1</voice>
        <type>eighth</type>
        <stem default-y="10">up</stem>
        <lyric default-y="-80" number="1">
          <syllabic>middle</syllabic>
          <text>ві</text>
        </lyric>
      </note>
      <note default-x="211">
        <chord/>
        <pitch>
          <step>A</step>
          <octave>4</octave>
        </pitch>
        <duration>1</duration>
        <voice>1</voice>
        <type>eighth</type>
        <stem>up</stem>
      </note>
      <note default-x="241">
        <pitch>
          <step>C</step>
          <octave>4</octave>
        </pitch>
        <duration>1</duration>
        <voice>1</voice>
        <type>eighth</type>
        <stem default-y="5">up</stem>
        <lyric default-y="-80" number="1">
          <syllabic>end</syllabic>
          <text>я</text>
        </lyric>
      </note>
      <note default-x="241">
        <chord/>
        <pitch>
          <step>G</step>
          <octave>4</octave>
        </pitch>
        <duration>1</duration>
        <voice>1</voice>
        <type>eighth</type>
        <stem>up</stem>
      </note>
      <note default-x="272">
        <pitch>
          <step>B</step>
          <octave>3</octave>
        </pitch>
        <duration>1</duration>
        <voice>1</voice>
        <type>eighth</type>
        <stem default-y="5">up</stem>
        <lyric default-y="-80" number="1">
          <syllabic>single</syllabic>
          <text>не</text>
        </lyric>
      </note>
      <note default-x="272">
        <chord/>
        <pitch>
          <step>G</step>
          <octave>4</octave>
        </pitch>
        <duration>1</duration>
        <voice>1</voice>
        <type>eighth</type>
        <stem>up</stem>
      </note>
      <note default-x="305">
        <pitch>
          <step>A</step>
          <octave>3</octave>
        </pitch>
        <duration>6</duration>
        <voice>1</voice>
        <type>half</type>
        <dot/>
        <stem default-y="10">up</stem>
        <notations>
          <technical>
            <up-bow default-x="2" default-y="20" placement="above"/>
          </technical>
        </notations>
        <lyric default-y="-80" number="1" relative-x="19">
          <syllabic>single</syllabic>
          <text>схо(ди).</text>
        </lyric>
      </note>
      <note default-x="305">
        <chord/>
        <pitch>
          <step>A</step>
          <octave>4</octave>
        </pitch>
        <duration>6</duration>
        <voice>1</voice>
        <type>half</type>
        <dot/>
        <stem>up</stem>
      </note>
      <barline location="right">
        <bar-style>light-heavy</bar-style>
        <repeat direction="backward" winged="none"/>
      </barline>
    </measure>
  </part>
  <!--=========================================================-->
</score-partwise>
