<?xml version="1.0" encoding="UTF-8" standalone="no"?>
<!DOCTYPE score-partwise PUBLIC "-//Recordare//DTD MusicXML 4.0 Partwise//EN" "http://www.musicxml.org/dtds/partwise.dtd">
<score-partwise version="4.0">
  <identification>
    <encoding>
      <software>Finale v27.3 for Windows</software>
      <encoding-date>2024-08-15</encoding-date>
      <supports attribute="new-system" element="print" type="yes" value="yes"/>
      <supports attribute="new-page" element="print" type="yes" value="yes"/>
      <supports element="accidental" type="yes"/>
      <supports element="beam" type="yes"/>
      <supports element="stem" type="yes"/>
    </encoding>
  </identification>
  <defaults>
    <scaling>
      <millimeters>8.4667</millimeters>
      <tenths>40</tenths>
    </scaling>
    <page-layout>
      <page-height>1320</page-height>
      <page-width>1020</page-width>
      <page-margins type="both">
        <left-margin>60</left-margin>
        <right-margin>60</right-margin>
        <top-margin>60</top-margin>
        <bottom-margin>60</bottom-margin>
      </page-margins>
    </page-layout>
    <system-layout>
      <system-margins>
        <left-margin>58</left-margin>
        <right-margin>0</right-margin>
      </system-margins>
      <system-distance>639</system-distance>
      <top-system-distance>618</top-system-distance>
    </system-layout>
    <appearance>
      <line-width type="stem">0.7682</line-width>
      <line-width type="beam">5</line-width>
      <line-width type="staff">0.7682</line-width>
      <line-width type="light barline">0.7682</line-width>
      <line-width type="heavy barline">5</line-width>
      <line-width type="leger">0.7682</line-width>
      <line-width type="ending">0.7682</line-width>
      <line-width type="wedge">0.7682</line-width>
      <line-width type="enclosure">0.7682</line-width>
      <line-width type="tuplet bracket">0.7682</line-width>
      <note-size type="grace">50</note-size>
      <note-size type="cue">50</note-size>
      <distance type="hyphen">60</distance>
      <distance type="beam">7.5</distance>
    </appearance>
    <music-font font-family="Finale Maestro,engraved" font-size="24"/>
    <word-font font-family="Times New Roman" font-size="12"/>
    <lyric-font font-family="Times New Roman" font-size="12"/>
  </defaults>
  <credit page="1">
    <credit-words default-x="129" default-y="794" font-size="17" valign="top" xml:space="preserve">1. Ой під горою, 
Під камінною,
Там сидів голуб 
Та із голубкою.*
2. Цілувалися, 
Милувалися,
Сизими крильцями 
Обіймалися.
3. Ой десь узявся 
Стрілець з-за гори,
Убив голуба, 
А голубку зловив.
4. Приніс в світлицю, 
Сипить пшеницю:
– Їж же і пий же, 
Молода вдовице.</credit-words>
  </credit>
  <credit page="1">
    <credit-words default-x="120" default-y="259" valign="top" xml:space="preserve">Зап. 1918 р. Постоловський А. у с. Чорнокозинці Кам'янець-Подільського р-ну Хмельницької обл. 
від матері та тітки. ІМФЕ, ф. 6-4, од. зб. 119, арк. 63, № 38. вар. зап. 19.V.1971 р. експ. ІМФЕ у 
складі: Шумада Н. С., Іванов В. Ф., Довженок Г. В., Спінатьєв В. Т. у м. Кам’янець-Подільський 
Хмельницької обл. від Сис Тамари Андріївни, 1913 р. н., музейний працівник, збирач фольклору. 
– ІМФЕ, ф. 14-5, од. зб. 419, арк. 116-117, пл. ф. 14-10, од. зб. 1181 (1). Нотація З. Василенко.</credit-words>
  </credit>
  <credit page="1">
    <credit-words default-x="120" default-y="81" valign="top">* Другу половину кожної строфи співають двічі. (Л. Є.)</credit-words>
  </credit>
  <credit page="1">
    <credit-words default-x="410" default-y="806" font-size="17" valign="top" xml:space="preserve">5. – Як мені їсти, 
Як мені пити, –
Який світ широкий, 
А нема з ким жити.
6. – Ой є у мене 
Сімсот голубів, –
Вибирай собі, 
Який тобі любий.
7. – Ой нехай буде 
Сімсот чотири, –
Нема такого, 
Який був мій милий.
8. А мій миленький – 
Чорнобривенький,
Личко рум'яне, 
А сам молоденький.</credit-words>
  </credit>
  <credit page="1">
    <credit-words default-x="690" default-y="800" font-size="17" valign="top" xml:space="preserve">9. Як заговорить, 
Мов дзвін задзвонить,
Як засміється – 
Аж сад розів'ється.
10. Позаростали 
Тії доріжки,
Де прохожали 
Миленького ніжки.
11. Позаростали 
Терном-травою,
Де прохожали ми, 
Серце, з тобою.</credit-words>
  </credit>
  <credit page="1">
    <credit-words default-x="528" default-y="43" valign="top">352</credit-words>
  </credit>
  <credit page="1">
    <credit-words default-x="293" default-y="1173" font-size="19" valign="top">499. Ой під горою (07-БК-04)</credit-words>
  </credit>
  <part-list>
    <score-part id="P1">
      <part-name print-object="no">MusicXML Part</part-name>
      <group>score</group>
      <score-instrument id="P1-I1">
        <instrument-name>Čķńņšóģåķņ 1</instrument-name>
      </score-instrument>
      <midi-instrument id="P1-I1">
        <midi-channel>1</midi-channel>
        <midi-program>1</midi-program>
        <volume>80</volume>
        <pan>0</pan>
      </midi-instrument>
    </score-part>
  </part-list>
  <!--=========================================================-->
  <part id="P1">
    <measure number="1" width="200">
      <print>
        <page-layout>
          <page-height>1320</page-height>
          <page-width>1020</page-width>
          <page-margins>
            <left-margin>120</left-margin>
            <right-margin>60</right-margin>
            <top-margin>60</top-margin>
            <bottom-margin>60</bottom-margin>
          </page-margins>
        </page-layout>
        <system-layout>
          <system-margins>
            <left-margin>50</left-margin>
            <right-margin>10</right-margin>
          </system-margins>
          <top-system-distance>150</top-system-distance>
        </system-layout>
        <measure-numbering>none</measure-numbering>
      </print>
      <attributes>
        <divisions>2</divisions>
        <key>
          <fifths>0</fifths>
          <mode>major</mode>
        </key>
        <time>
          <beats>3</beats>
          <beat-type>4</beat-type>
        </time>
        <clef>
          <sign>G</sign>
          <line>2</line>
        </clef>
      </attributes>
      <sound tempo="96">
        <swing>
          <straight/>
        </swing>
      </sound>
      <direction placement="below">
        <direction-type>
          <words default-y="-20" relative-x="-147">Вар.</words>
        </direction-type>
      </direction>
      <note default-x="83">
        <pitch>
          <step>G</step>
          <octave>4</octave>
        </pitch>
        <duration>1</duration>
        <voice>1</voice>
        <type>eighth</type>
        <stem default-y="5">up</stem>
        <lyric default-y="-70" number="1">
          <syllabic>single</syllabic>
          <text>Ой</text>
        </lyric>
      </note>
      <note default-x="112">
        <pitch>
          <step>G</step>
          <octave>4</octave>
        </pitch>
        <duration>1</duration>
        <voice>1</voice>
        <type>eighth</type>
        <stem default-y="5">up</stem>
        <lyric default-y="-70" number="1">
          <syllabic>single</syllabic>
          <text>і</text>
        </lyric>
      </note>
      <note default-x="140">
        <pitch>
          <step>D</step>
          <octave>5</octave>
        </pitch>
        <duration>3</duration>
        <voice>1</voice>
        <type>quarter</type>
        <dot/>
        <stem default-y="-45">down</stem>
        <notations>
          <slur bezier-x="14" bezier-y="8" default-x="6" default-y="3" number="1" placement="above" type="start"/>
        </notations>
        <lyric default-y="-70" number="1" relative-x="9">
          <syllabic>single</syllabic>
          <text>там</text>
        </lyric>
      </note>
      <note default-x="179">
        <pitch>
          <step>C</step>
          <octave>5</octave>
        </pitch>
        <duration>1</duration>
        <voice>1</voice>
        <type>eighth</type>
        <stem default-y="-50">down</stem>
        <notations>
          <slur bezier-x="-9" bezier-y="13" default-x="6" default-y="-5" number="1" type="stop"/>
        </notations>
      </note>
    </measure>
    <!--=======================================================-->
    <measure number="2" width="176">
      <attributes>
        <time symbol="common">
          <beats>4</beats>
          <beat-type>4</beat-type>
        </time>
      </attributes>
      <note default-x="45">
        <pitch>
          <step>B</step>
          <octave>4</octave>
        </pitch>
        <duration>2</duration>
        <voice>1</voice>
        <type>quarter</type>
        <stem default-y="-55">down</stem>
        <lyric default-y="-70" number="1">
          <syllabic>single</syllabic>
          <text>на</text>
        </lyric>
      </note>
      <note default-x="77">
        <pitch>
          <step>G</step>
          <octave>4</octave>
        </pitch>
        <duration>2</duration>
        <voice>1</voice>
        <type>quarter</type>
        <stem default-y="5">up</stem>
        <lyric default-y="-70" number="1">
          <syllabic>begin</syllabic>
          <text>го</text>
        </lyric>
      </note>
      <note default-x="110">
        <pitch>
          <step>C</step>
          <octave>5</octave>
        </pitch>
        <duration>2</duration>
        <voice>1</voice>
        <type>quarter</type>
        <stem default-y="-50">down</stem>
        <notations>
          <slur bezier-x="10" bezier-y="9" default-x="6" default-y="-5" number="1" placement="above" type="start"/>
        </notations>
        <lyric default-y="-70" number="1" relative-x="6">
          <syllabic>end</syllabic>
          <text>рі,/</text>
        </lyric>
      </note>
      <note default-x="143">
        <pitch>
          <step>B</step>
          <octave>4</octave>
        </pitch>
        <duration>2</duration>
        <voice>1</voice>
        <type>quarter</type>
        <stem default-y="-55">down</stem>
        <notations>
          <slur bezier-x="-9" bezier-y="10" default-x="6" default-y="-7" number="1" type="stop"/>
        </notations>
      </note>
    </measure>
    <!--=======================================================-->
    <measure number="3" width="193">
      <attributes>
        <time>
          <beats>3</beats>
          <beat-type>4</beat-type>
        </time>
      </attributes>
      <note default-x="46">
        <pitch>
          <step>A</step>
          <octave>4</octave>
        </pitch>
        <duration>1</duration>
        <voice>1</voice>
        <type>eighth</type>
        <stem default-y="10">up</stem>
        <lyric default-y="-70" number="1" relative-x="5">
          <syllabic>single</syllabic>
          <text>та</text>
          <elision> </elision>
          <syllabic>single</syllabic>
          <text>й</text>
        </lyric>
      </note>
      <note default-x="102">
        <pitch>
          <step>B</step>
          <octave>4</octave>
        </pitch>
        <duration>1</duration>
        <voice>1</voice>
        <type>eighth</type>
        <stem default-y="-55">down</stem>
        <lyric default-y="-70" number="1">
          <syllabic>single</syllabic>
          <text>в</text>
          <elision> </elision>
          <syllabic>begin</syllabic>
          <text>шов</text>
        </lyric>
      </note>
      <note default-x="146">
        <pitch>
          <step>C</step>
          <octave>5</octave>
        </pitch>
        <duration>4</duration>
        <voice>1</voice>
        <type>half</type>
        <stem default-y="-50">down</stem>
        <lyric default-y="-70" number="1">
          <syllabic>middle</syllabic>
          <text>ко</text>
        </lyric>
      </note>
    </measure>
    <!--=======================================================-->
    <measure number="4" width="210">
      <attributes>
        <time symbol="common">
          <beats>4</beats>
          <beat-type>4</beat-type>
        </time>
      </attributes>
      <note default-x="45">
        <pitch>
          <step>C</step>
          <octave>5</octave>
        </pitch>
        <duration>2</duration>
        <voice>1</voice>
        <type>quarter</type>
        <stem default-y="-50">down</stem>
        <lyric default-y="-70" number="1">
          <syllabic>end</syllabic>
          <text>вій</text>
        </lyric>
      </note>
      <note default-x="82">
        <pitch>
          <step>C</step>
          <octave>5</octave>
        </pitch>
        <duration>2</duration>
        <voice>1</voice>
        <type>quarter</type>
        <stem default-y="-50">down</stem>
        <lyric default-y="-70" number="1">
          <syllabic>begin</syllabic>
          <text>тра</text>
        </lyric>
      </note>
      <note default-x="116">
        <pitch>
          <step>C</step>
          <octave>5</octave>
        </pitch>
        <duration>2</duration>
        <voice>1</voice>
        <type>quarter</type>
        <stem default-y="-50">down</stem>
        <notations>
          <slur bezier-x="10" bezier-y="9" default-x="6" default-y="-5" number="1" placement="above" type="start"/>
        </notations>
        <lyric default-y="-70" number="1" relative-x="6">
          <syllabic>end</syllabic>
          <text>ві,/</text>
        </lyric>
      </note>
      <note default-x="147">
        <pitch>
          <step>B</step>
          <octave>4</octave>
        </pitch>
        <duration>2</duration>
        <voice>1</voice>
        <type>quarter</type>
        <stem default-y="-55">down</stem>
        <notations>
          <slur bezier-x="-9" bezier-y="10" default-x="6" default-y="-7" number="1" type="stop"/>
        </notations>
      </note>
    </measure>
    <!--=======================================================-->
    <measure number="5" width="248">
      <print new-system="yes">
        <system-layout>
          <system-margins>
            <left-margin>0</left-margin>
            <right-margin>0</right-margin>
          </system-margins>
          <system-distance>43</system-distance>
        </system-layout>
      </print>
      <attributes>
        <time>
          <beats>3</beats>
          <beat-type>4</beat-type>
        </time>
      </attributes>
      <note default-x="83">
        <pitch>
          <step>G</step>
          <octave>4</octave>
        </pitch>
        <duration>1</duration>
        <voice>1</voice>
        <type>eighth</type>
        <stem default-y="5">up</stem>
        <lyric default-y="-84" number="1">
          <syllabic>single</syllabic>
          <text>ой</text>
        </lyric>
      </note>
      <note default-x="115">
        <pitch>
          <step>G</step>
          <octave>4</octave>
        </pitch>
        <duration>1</duration>
        <voice>1</voice>
        <type>eighth</type>
        <stem default-y="5">up</stem>
        <lyric default-y="-84" number="1">
          <syllabic>single</syllabic>
          <text>і</text>
        </lyric>
      </note>
      <note default-x="147">
        <pitch>
          <step>G</step>
          <octave>4</octave>
        </pitch>
        <duration>3</duration>
        <voice>1</voice>
        <type>quarter</type>
        <dot/>
        <stem default-y="5">up</stem>
        <notations>
          <slur bezier-x="15" bezier-y="-19" default-x="6" default-y="-43" number="1" placement="below" type="start"/>
        </notations>
        <lyric default-y="-84" number="1" relative-x="9">
          <syllabic>single</syllabic>
          <text>там</text>
        </lyric>
      </note>
      <note default-x="215">
        <pitch>
          <step>D</step>
          <octave>4</octave>
        </pitch>
        <duration>1</duration>
        <voice>1</voice>
        <type>eighth</type>
        <stem default-y="-10">up</stem>
        <notations>
          <slur bezier-x="-21" bezier-y="-13" default-x="6" default-y="-55" number="1" type="stop"/>
        </notations>
      </note>
    </measure>
    <!--=======================================================-->
    <measure number="6" width="240">
      <attributes>
        <time symbol="common">
          <beats>4</beats>
          <beat-type>4</beat-type>
        </time>
      </attributes>
      <note default-x="45">
        <pitch>
          <step>G</step>
          <octave>4</octave>
        </pitch>
        <duration>1</duration>
        <voice>1</voice>
        <type>eighth</type>
        <stem default-y="5">up</stem>
        <beam number="1">begin</beam>
        <notations>
          <slur bezier-x="11" bezier-y="-7" default-x="6" default-y="-43" number="1" placement="below" type="start"/>
        </notations>
        <lyric default-y="-84" number="1">
          <syllabic>begin</syllabic>
          <text>лю</text>
        </lyric>
      </note>
      <note default-x="73">
        <pitch>
          <step>A</step>
          <octave>4</octave>
        </pitch>
        <duration>1</duration>
        <voice>1</voice>
        <type>eighth</type>
        <stem default-y="10">up</stem>
        <beam number="1">end</beam>
        <notations>
          <slur bezier-x="-6" bezier-y="-11" default-x="6" default-y="-35" number="1" type="stop"/>
        </notations>
      </note>
      <note default-x="101">
        <pitch>
          <step>B</step>
          <octave>4</octave>
        </pitch>
        <duration>2</duration>
        <voice>1</voice>
        <type>quarter</type>
        <stem default-y="-55">down</stem>
        <lyric default-y="-84" number="1">
          <syllabic>middle</syllabic>
          <text>би</text>
        </lyric>
      </note>
      <note default-x="147">
        <pitch>
          <step>A</step>
          <octave>4</octave>
        </pitch>
        <duration>2</duration>
        <voice>1</voice>
        <type>quarter</type>
        <stem default-y="10">up</stem>
        <notations>
          <slur bezier-x="11" bezier-y="-14" default-x="6" default-y="-35" number="1" placement="below" type="start"/>
        </notations>
        <lyric default-y="-84" number="1">
          <syllabic>end</syllabic>
          <text>лась/</text>
        </lyric>
      </note>
      <note default-x="193">
        <pitch>
          <step>G</step>
          <octave>4</octave>
        </pitch>
        <duration>2</duration>
        <voice>1</voice>
        <type>quarter</type>
        <stem default-y="5">up</stem>
        <notations>
          <slur bezier-x="-15" bezier-y="-10" default-x="6" default-y="-43" number="1" type="stop"/>
        </notations>
      </note>
    </measure>
    <!--=======================================================-->
    <measure number="7" width="172">
      <attributes>
        <time>
          <beats>3</beats>
          <beat-type>4</beat-type>
        </time>
      </attributes>
      <note default-x="46">
        <pitch>
          <step>D</step>
          <octave>4</octave>
        </pitch>
        <duration>1</duration>
        <voice>1</voice>
        <type>eighth</type>
        <stem default-y="-10">up</stem>
        <beam number="1">begin</beam>
        <notations>
          <slur bezier-x="9" bezier-y="-7" default-x="6" default-y="-55" number="1" placement="below" type="start"/>
        </notations>
        <lyric default-y="-84" number="1">
          <syllabic>begin</syllabic>
          <text>па</text>
        </lyric>
      </note>
      <note default-x="73">
        <pitch>
          <step>E</step>
          <octave>4</octave>
        </pitch>
        <duration>1</duration>
        <voice>1</voice>
        <type>eighth</type>
        <stem default-y="-5">up</stem>
        <beam number="1">end</beam>
        <notations>
          <slur bezier-x="-6" bezier-y="-10" default-x="6" default-y="-50" number="1" type="stop"/>
        </notations>
      </note>
      <note default-x="100">
        <pitch>
          <step>F</step>
          <octave>4</octave>
        </pitch>
        <duration>4</duration>
        <voice>1</voice>
        <type>half</type>
        <stem default-y="0">up</stem>
        <lyric default-y="-84" number="1">
          <syllabic>end</syllabic>
          <text>ра</text>
        </lyric>
      </note>
    </measure>
    <!--=======================================================-->
    <measure number="8" width="180">
      <note default-x="15">
        <pitch>
          <step>F</step>
          <octave>4</octave>
        </pitch>
        <duration>2</duration>
        <voice>1</voice>
        <type>quarter</type>
        <stem default-y="0">up</stem>
        <lyric default-y="-84" number="1">
          <syllabic>begin</syllabic>
          <text>го</text>
        </lyric>
      </note>
      <note default-x="61">
        <pitch>
          <step>E</step>
          <octave>4</octave>
        </pitch>
        <duration>1</duration>
        <voice>1</voice>
        <type>eighth</type>
        <stem default-y="-5">up</stem>
        <beam number="1">begin</beam>
        <notations>
          <slur bezier-x="11" bezier-y="6" default-x="13" default-y="3" number="1" placement="above" type="start"/>
        </notations>
        <lyric default-y="-84" number="1" relative-x="4">
          <syllabic>middle</syllabic>
          <text>лу</text>
        </lyric>
      </note>
      <note default-x="90">
        <pitch>
          <step>C</step>
          <octave>4</octave>
        </pitch>
        <duration>1</duration>
        <voice>1</voice>
        <type>eighth</type>
        <stem default-y="-10">up</stem>
        <beam number="1">end</beam>
        <notations>
          <slur bezier-x="-6" bezier-y="11" default-x="12" default-y="-5" number="1" type="stop"/>
        </notations>
      </note>
      <note default-x="122">
        <pitch>
          <step>D</step>
          <octave>4</octave>
        </pitch>
        <duration>2</duration>
        <voice>1</voice>
        <type>quarter</type>
        <stem default-y="-10">up</stem>
        <lyric default-y="-83" number="1">
          <syllabic>end</syllabic>
          <text>бів,/</text>
        </lyric>
      </note>
      <backup>
        <duration>6</duration>
      </backup>
      <forward>
        <duration>4</duration>
        <voice>2</voice>
      </forward>
      <note default-x="122">
        <pitch>
          <step>D</step>
          <octave>4</octave>
        </pitch>
        <duration>1</duration>
        <voice>2</voice>
        <type>eighth</type>
        <stem default-y="-80">down</stem>
        <beam number="1">begin</beam>
        <notations>
          <slur bezier-x="10" bezier-y="-7" default-x="1" default-y="-85" number="1" placement="below" type="start"/>
        </notations>
      </note>
      <note default-x="151">
        <pitch>
          <step>E</step>
          <octave>4</octave>
        </pitch>
        <duration>1</duration>
        <voice>2</voice>
        <type>eighth</type>
        <stem default-y="-75">down</stem>
        <beam number="1">end</beam>
        <notations>
          <slur bezier-x="-7" bezier-y="-10" default-x="0" default-y="-80" number="1" type="stop"/>
        </notations>
      </note>
    </measure>
    <!--=======================================================-->
    <measure number="9" width="226">
      <print new-system="yes">
        <system-layout>
          <system-margins>
            <left-margin>0</left-margin>
            <right-margin>0</right-margin>
          </system-margins>
          <system-distance>56</system-distance>
        </system-layout>
      </print>
      <note default-x="51">
        <pitch>
          <step>G</step>
          <octave>4</octave>
        </pitch>
        <duration>1</duration>
        <voice>1</voice>
        <type>eighth</type>
        <stem default-y="5">up</stem>
        <lyric default-y="-72" number="1">
          <syllabic>single</syllabic>
          <text>ой</text>
        </lyric>
      </note>
      <note default-x="85">
        <pitch>
          <step>G</step>
          <octave>4</octave>
        </pitch>
        <duration>1</duration>
        <voice>1</voice>
        <type>eighth</type>
        <stem default-y="5">up</stem>
        <lyric default-y="-72" number="1">
          <syllabic>single</syllabic>
          <text>і</text>
        </lyric>
      </note>
      <note default-x="119">
        <pitch>
          <step>G</step>
          <octave>4</octave>
        </pitch>
        <duration>3</duration>
        <voice>1</voice>
        <type>quarter</type>
        <dot/>
        <stem default-y="5">up</stem>
        <notations>
          <slur bezier-x="17" bezier-y="-20" default-x="6" default-y="-43" number="1" placement="below" type="start"/>
        </notations>
        <lyric default-y="-72" number="1" relative-x="9">
          <syllabic>single</syllabic>
          <text>там</text>
        </lyric>
      </note>
      <note default-x="191">
        <pitch>
          <step>D</step>
          <octave>4</octave>
        </pitch>
        <duration>1</duration>
        <voice>1</voice>
        <type>eighth</type>
        <stem default-y="-10">up</stem>
        <notations>
          <slur bezier-x="-22" bezier-y="-13" default-x="6" default-y="-55" number="1" type="stop"/>
        </notations>
      </note>
    </measure>
    <!--=======================================================-->
    <measure number="10" width="253">
      <attributes>
        <time symbol="common">
          <beats>4</beats>
          <beat-type>4</beat-type>
        </time>
      </attributes>
      <note default-x="45">
        <pitch>
          <step>G</step>
          <octave>4</octave>
        </pitch>
        <duration>1</duration>
        <voice>1</voice>
        <type>eighth</type>
        <stem default-y="5">up</stem>
        <beam number="1">begin</beam>
        <notations>
          <slur bezier-x="11" bezier-y="-7" default-x="6" default-y="-43" number="1" placement="below" type="start"/>
        </notations>
        <lyric default-y="-72" number="1">
          <syllabic>begin</syllabic>
          <text>лю</text>
        </lyric>
      </note>
      <note default-x="75">
        <pitch>
          <step>A</step>
          <octave>4</octave>
        </pitch>
        <duration>1</duration>
        <voice>1</voice>
        <type>eighth</type>
        <stem default-y="10">up</stem>
        <beam number="1">end</beam>
        <notations>
          <slur bezier-x="-6" bezier-y="-12" default-x="6" default-y="-35" number="1" type="stop"/>
        </notations>
      </note>
      <note default-x="105">
        <pitch>
          <step>B</step>
          <octave>4</octave>
        </pitch>
        <duration>2</duration>
        <voice>1</voice>
        <type>quarter</type>
        <stem default-y="-55">down</stem>
        <lyric default-y="-72" number="1">
          <syllabic>middle</syllabic>
          <text>би</text>
        </lyric>
      </note>
      <note default-x="154">
        <pitch>
          <step>A</step>
          <octave>4</octave>
        </pitch>
        <duration>2</duration>
        <voice>1</voice>
        <type>quarter</type>
        <stem default-y="10">up</stem>
        <notations>
          <slur bezier-x="12" bezier-y="-15" default-x="6" default-y="-35" number="1" placement="below" type="start"/>
        </notations>
        <lyric default-y="-72" number="1">
          <syllabic>end</syllabic>
          <text>лась/</text>
        </lyric>
      </note>
      <note default-x="203">
        <pitch>
          <step>G</step>
          <octave>4</octave>
        </pitch>
        <duration>2</duration>
        <voice>1</voice>
        <type>quarter</type>
        <stem default-y="5">up</stem>
        <notations>
          <slur bezier-x="-16" bezier-y="-10" default-x="6" default-y="-43" number="1" type="stop"/>
        </notations>
      </note>
    </measure>
    <!--=======================================================-->
    <measure number="11" width="181">
      <attributes>
        <time>
          <beats>3</beats>
          <beat-type>4</beat-type>
        </time>
      </attributes>
      <note default-x="46">
        <pitch>
          <step>D</step>
          <octave>4</octave>
        </pitch>
        <duration>1</duration>
        <voice>1</voice>
        <type>eighth</type>
        <stem default-y="-10">up</stem>
        <beam number="1">begin</beam>
        <notations>
          <slur bezier-x="10" bezier-y="-7" default-x="6" default-y="-55" number="1" placement="below" type="start"/>
        </notations>
        <lyric default-y="-72" number="1">
          <syllabic>begin</syllabic>
          <text>па</text>
        </lyric>
      </note>
      <note default-x="75">
        <pitch>
          <step>E</step>
          <octave>4</octave>
        </pitch>
        <duration>1</duration>
        <voice>1</voice>
        <type>eighth</type>
        <stem default-y="-5">up</stem>
        <beam number="1">end</beam>
        <notations>
          <slur bezier-x="-7" bezier-y="-10" default-x="6" default-y="-50" number="1" type="stop"/>
        </notations>
      </note>
      <note default-x="104">
        <pitch>
          <step>F</step>
          <octave>4</octave>
        </pitch>
        <duration>4</duration>
        <voice>1</voice>
        <type>half</type>
        <stem default-y="0">up</stem>
        <lyric default-y="-72" number="1">
          <syllabic>end</syllabic>
          <text>ра</text>
        </lyric>
      </note>
    </measure>
    <!--=======================================================-->
    <measure number="12" width="180">
      <note default-x="13">
        <pitch>
          <step>F</step>
          <octave>4</octave>
        </pitch>
        <duration>2</duration>
        <voice>1</voice>
        <type>quarter</type>
        <stem default-y="0">up</stem>
        <lyric default-y="-72" number="1">
          <syllabic>begin</syllabic>
          <text>го</text>
        </lyric>
      </note>
      <note default-x="62">
        <pitch>
          <step>E</step>
          <octave>4</octave>
        </pitch>
        <duration>1</duration>
        <voice>1</voice>
        <type>eighth</type>
        <stem default-y="-5">up</stem>
        <beam number="1">begin</beam>
        <notations>
          <slur bezier-x="6" bezier-y="-12" default-x="6" default-y="-50" number="1" placement="below" type="start"/>
        </notations>
        <lyric default-y="-72" number="1" relative-x="4">
          <syllabic>middle</syllabic>
          <text>лу</text>
        </lyric>
      </note>
      <note default-x="92">
        <pitch>
          <step>C</step>
          <octave>4</octave>
        </pitch>
        <duration>1</duration>
        <voice>1</voice>
        <type>eighth</type>
        <stem default-y="-10">up</stem>
        <beam number="1">end</beam>
        <notations>
          <slur bezier-x="-12" bezier-y="-6" default-x="6" default-y="-60" number="1" type="stop"/>
        </notations>
      </note>
      <note default-x="122">
        <pitch>
          <step>D</step>
          <octave>4</octave>
        </pitch>
        <duration>2</duration>
        <voice>1</voice>
        <type>quarter</type>
        <stem default-y="-10">up</stem>
        <lyric default-y="-72" number="1">
          <syllabic>end</syllabic>
          <text>бів.</text>
        </lyric>
      </note>
      <barline location="right">
        <bar-style>light-heavy</bar-style>
      </barline>
    </measure>
  </part>
  <!--=========================================================-->
</score-partwise>
