<?xml version="1.0" encoding="UTF-8" standalone="no"?>
<!DOCTYPE score-partwise PUBLIC "-//Recordare//DTD MusicXML 4.0 Partwise//EN" "http://www.musicxml.org/dtds/partwise.dtd">
<score-partwise version="4.0">
  <identification>
    <encoding>
      <software>Finale v27.3 for Windows</software>
      <encoding-date>2024-08-15</encoding-date>
      <supports attribute="new-system" element="print" type="yes" value="yes"/>
      <supports attribute="new-page" element="print" type="yes" value="yes"/>
      <supports element="accidental" type="yes"/>
      <supports element="beam" type="yes"/>
      <supports element="stem" type="yes"/>
    </encoding>
  </identification>
  <defaults>
    <scaling>
      <millimeters>8.4667</millimeters>
      <tenths>40</tenths>
    </scaling>
    <page-layout>
      <page-height>1320</page-height>
      <page-width>1020</page-width>
      <page-margins type="both">
        <left-margin>60</left-margin>
        <right-margin>60</right-margin>
        <top-margin>60</top-margin>
        <bottom-margin>60</bottom-margin>
      </page-margins>
    </page-layout>
    <system-layout>
      <system-margins>
        <left-margin>0</left-margin>
        <right-margin>0</right-margin>
      </system-margins>
      <system-distance>88</system-distance>
      <top-system-distance>67</top-system-distance>
    </system-layout>
    <appearance>
      <line-width type="stem">0.7682</line-width>
      <line-width type="beam">5</line-width>
      <line-width type="staff">0.7682</line-width>
      <line-width type="light barline">0.7682</line-width>
      <line-width type="heavy barline">5</line-width>
      <line-width type="leger">0.7682</line-width>
      <line-width type="ending">0.7682</line-width>
      <line-width type="wedge">0.7682</line-width>
      <line-width type="enclosure">0.7682</line-width>
      <line-width type="tuplet bracket">0.7682</line-width>
      <note-size type="grace">50</note-size>
      <note-size type="cue">50</note-size>
      <distance type="hyphen">60</distance>
      <distance type="beam">7.5</distance>
    </appearance>
    <music-font font-family="Finale Maestro,engraved" font-size="24"/>
    <word-font font-family="Times New Roman" font-size="12"/>
    <lyric-font font-family="Times New Roman" font-size="12"/>
  </defaults>
  <credit page="1">
    <credit-words default-x="334" default-y="1095" font-size="19" valign="top">475. Йа ця нічка (05-БР-09)</credit-words>
  </credit>
  <credit page="1">
    <credit-words default-x="135" default-y="867" font-size="17" valign="top" xml:space="preserve">1. Йа ця нічка 
Буде найтихіша,
Най мій милий 
З дороги приїде.**
2. Як мій милий 
З дороги приїхав,
А миленька 
Впала їму в ноги. 
3. – Ходи, милий, 
Сідай на порозі,
Розкажи, як 
Було у дорозі. 
4. – Ходи, мила, 
Сядем на порозі,
Розкажи, як 
Жила ти без мене. </credit-words>
  </credit>
  <credit page="1">
    <credit-words default-x="264" default-y="1052" valign="top">*</credit-words>
  </credit>
  <credit page="1">
    <credit-words default-x="122" default-y="107" valign="top" xml:space="preserve">* Тактові розміри проставлено нами. (Л. Є.)
** Другу половину кожної строфи (крім 7-ї) співають двічі. (Л. Є.)</credit-words>
  </credit>
  <credit page="1">
    <credit-words default-x="405" default-y="869" font-size="17" valign="top" xml:space="preserve">5. Ой шо, мила, 
Що то за новина,
Шо на руках 
Маленька дитина?
6. – Ой то, милий, 
Цигани стояли,
Вони ж мені 
Дитину забули. 
7. – Брешеш, мила, 
Брешеш, чорнобрива,
Не циганська, 
То твоя дитина. 
На головці 
Шовкова хустина. 
8. Ой йди, мила, 
До комори спати,
Буду тобі 
Всю правду казати. </credit-words>
  </credit>
  <credit page="1">
    <credit-words default-x="698" default-y="876" font-size="17" valign="top" xml:space="preserve">9. Іде мила 
До комори спати,
Бере собі 
Подушечку спати.
10. Іде милий 
До комори спати,
Бере собі 
Нагаєчку з хати. 
11. Ой з вечора 
Комора гуділа,
Йа з півночі 
Нагайка шуміла. 
12. На росвіті 
Іде син до хати,
Питається 
Своєй рідной мати: 
13. – Порадила, 
Як невістку бити,
Порадь мені, 
Як ї схоронити. </credit-words>
  </credit>
  <credit page="1">
    <credit-words default-x="530" default-y="44" valign="top">333</credit-words>
  </credit>
  <credit page="1">
    <credit-words default-x="126" default-y="223" valign="top" xml:space="preserve">Зап. 1927-1928 рр. Харків В. Й. у с. Ісаківці Жванецького р-ну Кам’янецької окр. (нині Кам’янець-
Подільського р-ну Хмельницької обл.). – ІМФЕ, ф.6-3, од.зб. 77, текст – арк. 127-128 (104), мел. – 
арк. 129 (105), № 33.</credit-words>
  </credit>
  <part-list>
    <score-part id="P1">
      <part-name print-object="no">MusicXML Part</part-name>
      <group>score</group>
      <score-instrument id="P1-I1">
        <instrument-name>Čķńņšóģåķņ 1</instrument-name>
      </score-instrument>
      <midi-instrument id="P1-I1">
        <midi-channel>1</midi-channel>
        <midi-program>1</midi-program>
        <volume>80</volume>
        <pan>0</pan>
      </midi-instrument>
    </score-part>
  </part-list>
  <!--=========================================================-->
  <part id="P1">
    <measure number="1" width="393">
      <print>
        <page-layout>
          <page-height>1320</page-height>
          <page-width>1020</page-width>
          <page-margins>
            <left-margin>120</left-margin>
            <right-margin>60</right-margin>
            <top-margin>60</top-margin>
            <bottom-margin>60</bottom-margin>
          </page-margins>
        </page-layout>
        <system-layout>
          <system-margins>
            <left-margin>72</left-margin>
            <right-margin>0</right-margin>
          </system-margins>
          <top-system-distance>229</top-system-distance>
        </system-layout>
        <measure-numbering>none</measure-numbering>
      </print>
      <attributes>
        <divisions>4</divisions>
        <key>
          <fifths>1</fifths>
          <mode>major</mode>
        </key>
        <time symbol="common">
          <beats>4</beats>
          <beat-type>4</beat-type>
        </time>
        <clef>
          <sign>G</sign>
          <line>2</line>
        </clef>
      </attributes>
      <sound tempo="96">
        <swing>
          <straight/>
        </swing>
      </sound>
      <note default-x="109">
        <pitch>
          <step>A</step>
          <octave>4</octave>
        </pitch>
        <duration>2</duration>
        <voice>1</voice>
        <type>eighth</type>
        <stem default-y="10">up</stem>
        <lyric default-y="-65" number="1">
          <syllabic>single</syllabic>
          <text>1.</text>
          <elision> </elision>
          <syllabic>single</syllabic>
          <text>Йа</text>
        </lyric>
      </note>
      <note default-x="155">
        <pitch>
          <step>C</step>
          <octave>5</octave>
        </pitch>
        <duration>2</duration>
        <voice>1</voice>
        <type>eighth</type>
        <stem default-y="-50">down</stem>
        <lyric default-y="-65" number="1">
          <syllabic>single</syllabic>
          <text>ця</text>
        </lyric>
      </note>
      <note default-x="200">
        <pitch>
          <step>E</step>
          <octave>5</octave>
        </pitch>
        <duration>4</duration>
        <voice>1</voice>
        <type>quarter</type>
        <stem default-y="-40">down</stem>
        <lyric default-y="-65" number="1">
          <syllabic>begin</syllabic>
          <text>ніч</text>
        </lyric>
      </note>
      <note default-x="273">
        <pitch>
          <step>E</step>
          <octave>5</octave>
        </pitch>
        <duration>8</duration>
        <voice>1</voice>
        <type>half</type>
        <stem default-y="-40">down</stem>
        <lyric default-y="-65" number="1">
          <syllabic>end</syllabic>
          <text>ка/</text>
        </lyric>
      </note>
    </measure>
    <!--=======================================================-->
    <measure number="2" width="375">
      <attributes>
        <time>
          <beats>3</beats>
          <beat-type>4</beat-type>
        </time>
      </attributes>
      <note default-x="46">
        <pitch>
          <step>F</step>
          <alter>1</alter>
          <octave>5</octave>
        </pitch>
        <duration>2</duration>
        <voice>1</voice>
        <type>eighth</type>
        <stem default-y="-35">down</stem>
        <lyric default-y="-65" number="1">
          <syllabic>begin</syllabic>
          <text>бу</text>
        </lyric>
      </note>
      <note default-x="98">
        <pitch>
          <step>G</step>
          <octave>5</octave>
        </pitch>
        <duration>2</duration>
        <voice>1</voice>
        <type>eighth</type>
        <stem default-y="-30">down</stem>
        <lyric default-y="-65" number="1">
          <syllabic>end</syllabic>
          <text>де</text>
        </lyric>
      </note>
      <note default-x="151">
        <pitch>
          <step>F</step>
          <alter>1</alter>
          <octave>5</octave>
        </pitch>
        <duration>2</duration>
        <voice>1</voice>
        <type>eighth</type>
        <stem default-y="-35">down</stem>
        <lyric default-y="-65" number="1">
          <syllabic>begin</syllabic>
          <text>най</text>
        </lyric>
      </note>
      <note default-x="204">
        <pitch>
          <step>E</step>
          <octave>5</octave>
        </pitch>
        <duration>2</duration>
        <voice>1</voice>
        <type>eighth</type>
        <stem default-y="-40">down</stem>
        <lyric default-y="-65" number="1">
          <syllabic>middle</syllabic>
          <text>ти</text>
        </lyric>
      </note>
      <note default-x="257">
        <pitch>
          <step>D</step>
          <octave>5</octave>
        </pitch>
        <duration>2</duration>
        <voice>1</voice>
        <type>eighth</type>
        <stem default-y="-45">down</stem>
        <lyric default-y="-65" number="1">
          <syllabic>middle</syllabic>
          <text>хі</text>
        </lyric>
      </note>
      <note default-x="309">
        <pitch>
          <step>E</step>
          <octave>5</octave>
        </pitch>
        <duration>1</duration>
        <voice>1</voice>
        <type>16th</type>
        <stem default-y="-40">down</stem>
        <beam number="1">begin</beam>
        <beam number="2">begin</beam>
        <notations>
          <slur bezier-x="10" bezier-y="9" default-x="6" default-y="5" number="1" placement="above" type="start"/>
        </notations>
        <lyric default-y="-65" number="1" relative-x="3">
          <syllabic>end</syllabic>
          <text>ша,/</text>
        </lyric>
      </note>
      <note default-x="342">
        <pitch>
          <step>D</step>
          <octave>5</octave>
        </pitch>
        <duration>1</duration>
        <voice>1</voice>
        <type>16th</type>
        <stem default-y="-45">down</stem>
        <beam number="1">end</beam>
        <beam number="2">end</beam>
        <notations>
          <slur bezier-x="-9" bezier-y="10" default-x="6" default-y="3" number="1" type="stop"/>
        </notations>
      </note>
    </measure>
    <!--=======================================================-->
    <measure number="3" width="359">
      <print new-system="yes">
        <system-layout>
          <system-distance>41</system-distance>
        </system-layout>
      </print>
      <barline location="left">
        <bar-style>heavy-light</bar-style>
        <repeat direction="forward" winged="none"/>
      </barline>
      <note default-x="95">
        <pitch>
          <step>C</step>
          <octave>5</octave>
        </pitch>
        <duration>2</duration>
        <voice>1</voice>
        <type>eighth</type>
        <stem default-y="-50">down</stem>
        <lyric default-y="-70" number="2">
          <syllabic>single</syllabic>
          <text>най</text>
        </lyric>
      </note>
      <note default-x="145">
        <pitch>
          <step>B</step>
          <octave>4</octave>
        </pitch>
        <duration>2</duration>
        <voice>1</voice>
        <type>eighth</type>
        <stem default-y="-55">down</stem>
        <lyric default-y="-70" number="2">
          <syllabic>single</syllabic>
          <text>мій</text>
        </lyric>
      </note>
      <note default-x="195">
        <pitch>
          <step>A</step>
          <octave>4</octave>
        </pitch>
        <duration>4</duration>
        <voice>1</voice>
        <type>quarter</type>
        <stem default-y="10">up</stem>
        <lyric default-y="-70" number="2">
          <syllabic>begin</syllabic>
          <text>ми</text>
        </lyric>
      </note>
      <note default-x="277">
        <pitch>
          <step>A</step>
          <octave>4</octave>
        </pitch>
        <duration>4</duration>
        <voice>1</voice>
        <type>quarter</type>
        <stem default-y="10">up</stem>
        <lyric default-y="-70" number="2">
          <syllabic>end</syllabic>
          <text>лий/</text>
        </lyric>
      </note>
    </measure>
    <!--=======================================================-->
    <measure number="4" width="481">
      <attributes>
        <time>
          <beats>5</beats>
          <beat-type>4</beat-type>
        </time>
      </attributes>
      <note default-x="46">
        <pitch>
          <step>C</step>
          <octave>5</octave>
        </pitch>
        <duration>2</duration>
        <voice>1</voice>
        <type>eighth</type>
        <stem default-y="-50">down</stem>
        <lyric default-y="-70" number="2" relative-x="-3">
          <syllabic>single</syllabic>
          <text>з</text>
          <elision> </elision>
          <syllabic>begin</syllabic>
          <text>до</text>
        </lyric>
      </note>
      <note default-x="93">
        <pitch>
          <step>E</step>
          <octave>5</octave>
        </pitch>
        <duration>2</duration>
        <voice>1</voice>
        <type>eighth</type>
        <stem default-y="-40">down</stem>
        <lyric default-y="-70" number="2">
          <syllabic>middle</syllabic>
          <text>ро</text>
        </lyric>
      </note>
      <note default-x="140">
        <pitch>
          <step>B</step>
          <octave>4</octave>
        </pitch>
        <duration>2</duration>
        <voice>1</voice>
        <type>eighth</type>
        <stem default-y="-55">down</stem>
        <lyric default-y="-70" number="2">
          <syllabic>end</syllabic>
          <text>ги</text>
        </lyric>
      </note>
      <note default-x="188">
        <pitch>
          <step>C</step>
          <octave>5</octave>
        </pitch>
        <duration>2</duration>
        <voice>1</voice>
        <type>eighth</type>
        <stem default-y="-50">down</stem>
        <lyric default-y="-70" number="2">
          <syllabic>begin</syllabic>
          <text>при</text>
        </lyric>
      </note>
      <note default-x="235">
        <pitch>
          <step>D</step>
          <octave>5</octave>
        </pitch>
        <duration>2</duration>
        <voice>1</voice>
        <type>eighth</type>
        <stem default-y="-50">down</stem>
        <beam number="1">begin</beam>
        <notations>
          <slur bezier-x="16" bezier-y="10" default-x="6" default-y="3" number="1" placement="above" type="start"/>
        </notations>
        <lyric default-y="-70" number="2">
          <syllabic>middle</syllabic>
          <text>ї</text>
        </lyric>
      </note>
      <note default-x="282">
        <pitch>
          <step>C</step>
          <octave>5</octave>
        </pitch>
        <duration>1</duration>
        <voice>1</voice>
        <type>16th</type>
        <stem default-y="-53">down</stem>
        <beam number="1">continue</beam>
        <beam number="2">begin</beam>
        <notations>
          <slur bezier-x="-11" bezier-y="15" default-x="6" default-y="-5" number="1" type="stop"/>
        </notations>
      </note>
      <note default-x="311">
        <pitch>
          <step>B</step>
          <octave>4</octave>
        </pitch>
        <duration>1</duration>
        <voice>1</voice>
        <type>16th</type>
        <stem default-y="-55">down</stem>
        <beam number="1">end</beam>
        <beam number="2">end</beam>
      </note>
      <note default-x="340">
        <pitch>
          <step>A</step>
          <octave>4</octave>
        </pitch>
        <duration>8</duration>
        <voice>1</voice>
        <type>half</type>
        <stem default-y="10">up</stem>
        <lyric default-y="-70" number="2">
          <syllabic>end</syllabic>
          <text>де.</text>
        </lyric>
      </note>
      <barline location="right">
        <bar-style>light-heavy</bar-style>
        <repeat direction="backward" winged="none"/>
      </barline>
    </measure>
  </part>
  <!--=========================================================-->
</score-partwise>
