<?xml version="1.0" encoding="UTF-8" standalone="no"?>
<!DOCTYPE score-partwise PUBLIC "-//Recordare//DTD MusicXML 4.0 Partwise//EN" "http://www.musicxml.org/dtds/partwise.dtd">
<score-partwise version="4.0">
  <identification>
    <encoding>
      <software>Finale v27.3 for Windows</software>
      <encoding-date>2024-08-14</encoding-date>
      <supports attribute="new-system" element="print" type="yes" value="yes"/>
      <supports attribute="new-page" element="print" type="yes" value="yes"/>
      <supports element="accidental" type="yes"/>
      <supports element="beam" type="yes"/>
      <supports element="stem" type="yes"/>
    </encoding>
  </identification>
  <defaults>
    <scaling>
      <millimeters>8.4667</millimeters>
      <tenths>40</tenths>
    </scaling>
    <page-layout>
      <page-height>1320</page-height>
      <page-width>1020</page-width>
      <page-margins type="both">
        <left-margin>60</left-margin>
        <right-margin>60</right-margin>
        <top-margin>60</top-margin>
        <bottom-margin>60</bottom-margin>
      </page-margins>
    </page-layout>
    <system-layout>
      <system-margins>
        <left-margin>0</left-margin>
        <right-margin>0</right-margin>
      </system-margins>
      <system-distance>65</system-distance>
      <top-system-distance>40</top-system-distance>
    </system-layout>
    <appearance>
      <line-width type="stem">0.7682</line-width>
      <line-width type="beam">5</line-width>
      <line-width type="staff">0.7682</line-width>
      <line-width type="light barline">0.7682</line-width>
      <line-width type="heavy barline">5</line-width>
      <line-width type="leger">0.7682</line-width>
      <line-width type="ending">0.7682</line-width>
      <line-width type="wedge">0.7682</line-width>
      <line-width type="enclosure">0.7682</line-width>
      <line-width type="tuplet bracket">0.7682</line-width>
      <note-size type="grace">50</note-size>
      <note-size type="cue">50</note-size>
      <distance type="hyphen">60</distance>
      <distance type="beam">7.5</distance>
    </appearance>
    <music-font font-family="Finale Maestro,engraved" font-size="24"/>
    <word-font font-family="Times New Roman" font-size="12"/>
    <lyric-font font-family="Times New Roman" font-size="12"/>
  </defaults>
  <credit page="1">
    <credit-words default-x="363" default-y="1287" font-size="19" valign="top">599. А в полі береза (14-БР-04)</credit-words>
  </credit>
  <credit page="1">
    <credit-words default-x="528" default-y="45" valign="top">422</credit-words>
  </credit>
  <credit page="1">
    <credit-words default-x="129" default-y="989" font-size="17" valign="top" xml:space="preserve">1. А в полі береза,
А в полі кудрява,
А на тій березі
Зозуля кувала.*
2. Ой то не зозуля,
То рідная мати.
Вона виряжала
Сина у солдати:
3. – Ой іди, синочку,
Довго не барися:
Через два годочки
Додому вернися.
4. Ой минає рочок,
Другий наступає,
Іде син додому,
Та й жіночку має.</credit-words>
  </credit>
  <credit page="1">
    <credit-words default-x="441" default-y="998" font-size="17" valign="top" xml:space="preserve">5. – Добрий вечір, мамо!
Чи рада ти мною?
Чи рада ти мною,
Моєю жоною?
6. – Ой рада я, сину,
Рада я тобою,
Та не рада, сину,
Твоєю жоною.
7. Посадила сина
За столом на розі,
Молоду невістку
В сінях на порозі.
8. Та й налила йому
Солодкого меду,
Молодій невістці
Зеленого яду.</credit-words>
  </credit>
  <credit page="1">
    <credit-words default-x="774" default-y="998" font-size="17" valign="top" xml:space="preserve">9. Вони мед із ядом
Докупи ізлили,
Як голуб й голубка
Голови схилили.
10. Поховала сина
В зеленім садочку,
Молоду невістку
В глибокім ярочку.
11. Посадила сину
Червону калину,
Молодій невістці
Колючу тернину.
12. Червона калина
В'яне, посихає,
Колюча тернина
Цвіте, процвітає.</credit-words>
  </credit>
  <credit page="1">
    <credit-words default-x="135" default-y="219" valign="top" xml:space="preserve">Зап. 27 липня 1986 р. Дмитренко М. К. у с. Яхнівці Волочиського р-ну Хмельницької обл. від 
Щесняк Н. І., 1944 р.н., Козак Н. В.,  Посполіти М. П., Дишльовської Ф. М. Нотація Єфремової 
Л. О. Вар. 1 зап. 1987 р. Нагорний Л. С. у с. Баламутівка Ярмолинецького р-ну Хмельницької обл. 
від Руської Марії Іванівни. Вар. 2 зап. 1971 р. Іванов В. у с. Острівчани Кам'янець-Подільського 
р-ну Хмельницької обл. від Бабак Л. – ІМФЕ, ф. 14-3, од. зб. 1093, арк. 1, № 1. </credit-words>
  </credit>
  <part-list>
    <score-part id="P1">
      <part-name print-object="no">MusicXML Part</part-name>
      <group>score</group>
      <score-instrument id="P1-I1">
        <instrument-name>Čķńņšóģåķņ 1</instrument-name>
      </score-instrument>
      <midi-instrument id="P1-I1">
        <midi-channel>1</midi-channel>
        <midi-program>1</midi-program>
        <volume>80</volume>
        <pan>0</pan>
      </midi-instrument>
    </score-part>
  </part-list>
  <!--=========================================================-->
  <part id="P1">
    <measure number="1" width="302">
      <print>
        <page-layout>
          <page-height>1320</page-height>
          <page-width>1020</page-width>
          <page-margins>
            <left-margin>121</left-margin>
            <right-margin>60</right-margin>
            <top-margin>60</top-margin>
            <bottom-margin>60</bottom-margin>
          </page-margins>
        </page-layout>
        <system-layout>
          <system-margins>
            <left-margin>54</left-margin>
            <right-margin>0</right-margin>
          </system-margins>
        </system-layout>
        <measure-numbering>none</measure-numbering>
      </print>
      <attributes>
        <divisions>2</divisions>
        <key>
          <fifths>-3</fifths>
          <mode>major</mode>
        </key>
        <time>
          <beats>3</beats>
          <beat-type>4</beat-type>
        </time>
        <clef>
          <sign>G</sign>
          <line>2</line>
        </clef>
      </attributes>
      <sound tempo="96">
        <swing>
          <straight/>
        </swing>
      </sound>
      <direction placement="below">
        <direction-type>
          <words default-y="-29" relative-x="-201">Вар. 2</words>
        </direction-type>
      </direction>
      <note default-x="131">
        <pitch>
          <step>C</step>
          <octave>4</octave>
        </pitch>
        <duration>1</duration>
        <voice>1</voice>
        <type>eighth</type>
        <stem default-y="-15">up</stem>
        <lyric default-y="-80" number="1">
          <syllabic>single</syllabic>
          <text>Ой</text>
        </lyric>
      </note>
      <note default-x="163">
        <pitch>
          <step>E</step>
          <alter>-1</alter>
          <octave>4</octave>
        </pitch>
        <duration>1</duration>
        <voice>1</voice>
        <type>eighth</type>
        <stem default-y="-5">up</stem>
        <lyric default-y="-80" number="1">
          <syllabic>single</syllabic>
          <text>у</text>
        </lyric>
      </note>
      <note default-x="196">
        <pitch>
          <step>G</step>
          <octave>4</octave>
        </pitch>
        <duration>2</duration>
        <voice>1</voice>
        <type>quarter</type>
        <stem default-y="5">up</stem>
        <lyric default-y="-80" number="1">
          <syllabic>begin</syllabic>
          <text>по</text>
        </lyric>
      </note>
      <note default-x="248">
        <pitch>
          <step>F</step>
          <octave>4</octave>
        </pitch>
        <duration>2</duration>
        <voice>1</voice>
        <type>quarter</type>
        <stem default-y="0">up</stem>
        <lyric default-y="-80" number="1">
          <syllabic>end</syllabic>
          <text>лю,</text>
        </lyric>
      </note>
    </measure>
    <!--=======================================================-->
    <measure number="2" width="145">
      <note default-x="13">
        <pitch>
          <step>B</step>
          <alter>-1</alter>
          <octave>4</octave>
        </pitch>
        <duration>1</duration>
        <voice>1</voice>
        <type>eighth</type>
        <stem default-y="15">up</stem>
        <beam number="1">begin</beam>
        <notations>
          <slur bezier-x="8" bezier-y="-10" default-x="6" default-y="-33" number="1" placement="below" type="start"/>
        </notations>
        <lyric default-y="-80" number="1">
          <syllabic>single</syllabic>
          <text>в</text>
          <elision> </elision>
          <syllabic>begin</syllabic>
          <text>по</text>
        </lyric>
      </note>
      <note default-x="42">
        <pitch>
          <step>A</step>
          <alter>-1</alter>
          <octave>4</octave>
        </pitch>
        <duration>1</duration>
        <voice>1</voice>
        <type>eighth</type>
        <stem default-y="10">up</stem>
        <beam number="1">end</beam>
        <notations>
          <slur bezier-x="-9" bezier-y="-8" default-x="6" default-y="-35" number="1" type="stop"/>
        </notations>
      </note>
      <note default-x="70">
        <pitch>
          <step>G</step>
          <octave>4</octave>
        </pitch>
        <duration>4</duration>
        <voice>1</voice>
        <type>half</type>
        <stem default-y="5">up</stem>
        <lyric default-y="-80" number="1">
          <syllabic>end</syllabic>
          <text>лі/</text>
        </lyric>
      </note>
    </measure>
    <!--=======================================================-->
    <measure number="3" width="188">
      <note default-x="16">
        <pitch>
          <step>C</step>
          <octave>4</octave>
        </pitch>
        <duration>1</duration>
        <voice>1</voice>
        <type>eighth</type>
        <stem default-y="-15">up</stem>
        <lyric default-y="-80" number="1">
          <syllabic>begin</syllabic>
          <text>бе</text>
        </lyric>
      </note>
      <note default-x="49">
        <pitch>
          <step>E</step>
          <alter>-1</alter>
          <octave>4</octave>
        </pitch>
        <duration>1</duration>
        <voice>1</voice>
        <type>eighth</type>
        <stem default-y="-5">up</stem>
        <lyric default-y="-80" number="1">
          <syllabic>middle</syllabic>
          <text>ре</text>
        </lyric>
      </note>
      <note default-x="81">
        <pitch>
          <step>G</step>
          <octave>4</octave>
        </pitch>
        <duration>2</duration>
        <voice>1</voice>
        <type>quarter</type>
        <stem default-y="5">up</stem>
        <lyric default-y="-80" number="1">
          <syllabic>end</syllabic>
          <text>за</text>
        </lyric>
      </note>
      <note default-x="134">
        <pitch>
          <step>F</step>
          <octave>4</octave>
        </pitch>
        <duration>2</duration>
        <voice>1</voice>
        <type>quarter</type>
        <stem default-y="0">up</stem>
        <lyric default-y="-80" number="1">
          <syllabic>begin</syllabic>
          <text>сто</text>
        </lyric>
      </note>
    </measure>
    <!--=======================================================-->
    <measure number="4" width="150">
      <note default-x="13">
        <pitch>
          <step>B</step>
          <alter>-1</alter>
          <octave>4</octave>
        </pitch>
        <duration>1</duration>
        <voice>1</voice>
        <type>eighth</type>
        <stem default-y="15">up</stem>
        <beam number="1">begin</beam>
        <notations>
          <slur bezier-x="8" bezier-y="-10" default-x="6" default-y="-33" number="1" placement="below" type="start"/>
        </notations>
        <lyric default-y="-80" number="1">
          <syllabic>middle</syllabic>
          <text>я</text>
        </lyric>
      </note>
      <note default-x="43">
        <pitch>
          <step>A</step>
          <alter>-1</alter>
          <octave>4</octave>
        </pitch>
        <duration>1</duration>
        <voice>1</voice>
        <type>eighth</type>
        <stem default-y="10">up</stem>
        <beam number="1">end</beam>
        <notations>
          <slur bezier-x="-9" bezier-y="-8" default-x="6" default-y="-35" number="1" type="stop"/>
        </notations>
      </note>
      <note default-x="72">
        <pitch>
          <step>G</step>
          <octave>4</octave>
        </pitch>
        <duration>4</duration>
        <voice>1</voice>
        <type>half</type>
        <stem default-y="5">up</stem>
        <lyric default-y="-80" number="1">
          <syllabic>end</syllabic>
          <text>ла,/</text>
        </lyric>
      </note>
    </measure>
    <!--=======================================================-->
    <measure number="5" width="312">
      <print new-system="yes"/>
      <barline location="left">
        <bar-style>heavy-light</bar-style>
        <repeat direction="forward" winged="none"/>
      </barline>
      <note default-x="115">
        <pitch>
          <step>A</step>
          <alter>-1</alter>
          <octave>4</octave>
        </pitch>
        <duration>1</duration>
        <voice>1</voice>
        <type>eighth</type>
        <stem default-y="10">up</stem>
        <lyric default-y="-80" number="1">
          <syllabic>single</syllabic>
          <text>а</text>
        </lyric>
      </note>
      <note default-x="153">
        <pitch>
          <step>G</step>
          <octave>4</octave>
        </pitch>
        <duration>1</duration>
        <voice>1</voice>
        <type>eighth</type>
        <stem default-y="5">up</stem>
        <lyric default-y="-80" number="1">
          <syllabic>single</syllabic>
          <text>на</text>
        </lyric>
      </note>
      <note default-x="190">
        <pitch>
          <step>F</step>
          <octave>4</octave>
        </pitch>
        <duration>2</duration>
        <voice>1</voice>
        <type>quarter</type>
        <stem default-y="0">up</stem>
        <lyric default-y="-80" number="1">
          <syllabic>single</syllabic>
          <text>тій</text>
        </lyric>
      </note>
      <note default-x="251">
        <pitch>
          <step>C</step>
          <octave>5</octave>
        </pitch>
        <duration>2</duration>
        <voice>1</voice>
        <type>quarter</type>
        <stem default-y="13.5">up</stem>
        <lyric default-y="-80" number="1">
          <syllabic>begin</syllabic>
          <text>бе</text>
        </lyric>
      </note>
      <backup>
        <duration>6</duration>
      </backup>
      <note default-x="114">
        <rest>
          <display-step>C</display-step>
          <display-octave>4</display-octave>
        </rest>
        <duration>4</duration>
        <voice>2</voice>
        <type>half</type>
      </note>
      <note default-x="251">
        <pitch>
          <step>F</step>
          <octave>4</octave>
        </pitch>
        <duration>2</duration>
        <voice>2</voice>
        <type>quarter</type>
        <stem default-y="-63">down</stem>
      </note>
    </measure>
    <!--=======================================================-->
    <measure number="6" width="147">
      <note default-x="13">
        <pitch>
          <step>C</step>
          <octave>5</octave>
        </pitch>
        <duration>2</duration>
        <voice>1</voice>
        <type>quarter</type>
        <stem default-y="13.5">up</stem>
        <lyric default-y="-80" number="1">
          <syllabic>middle</syllabic>
          <text>ре</text>
        </lyric>
      </note>
      <note default-x="64">
        <pitch>
          <step>G</step>
          <octave>4</octave>
        </pitch>
        <duration>4</duration>
        <voice>1</voice>
        <type>half</type>
        <stem default-y="5">up</stem>
        <lyric default-y="-80" number="1">
          <syllabic>end</syllabic>
          <text>зі/</text>
        </lyric>
      </note>
      <backup>
        <duration>6</duration>
      </backup>
      <note default-x="13">
        <pitch>
          <step>F</step>
          <octave>4</octave>
        </pitch>
        <duration>2</duration>
        <voice>2</voice>
        <type>quarter</type>
        <stem default-y="-63">down</stem>
      </note>
      <note default-x="64">
        <pitch>
          <step>E</step>
          <alter>-1</alter>
          <octave>4</octave>
        </pitch>
        <duration>4</duration>
        <voice>2</voice>
        <type>half</type>
        <stem default-y="-68">down</stem>
      </note>
    </measure>
    <!--=======================================================-->
    <measure number="7" width="204">
      <note default-x="13">
        <pitch>
          <step>G</step>
          <octave>4</octave>
        </pitch>
        <duration>1</duration>
        <voice>1</voice>
        <type>eighth</type>
        <stem default-y="5">up</stem>
        <lyric default-y="-80" number="1">
          <syllabic>begin</syllabic>
          <text>зо</text>
        </lyric>
      </note>
      <note default-x="50">
        <pitch>
          <step>F</step>
          <octave>4</octave>
        </pitch>
        <duration>1</duration>
        <voice>1</voice>
        <type>eighth</type>
        <stem default-y="0">up</stem>
        <lyric default-y="-80" number="1">
          <syllabic>middle</syllabic>
          <text>зу</text>
        </lyric>
      </note>
      <note default-x="86">
        <pitch>
          <step>E</step>
          <alter>-1</alter>
          <octave>4</octave>
        </pitch>
        <duration>2</duration>
        <voice>1</voice>
        <type>quarter</type>
        <stem default-y="-5">up</stem>
        <lyric default-y="-80" number="1">
          <syllabic>middle</syllabic>
          <text>ля</text>
        </lyric>
      </note>
      <note default-x="145">
        <pitch>
          <step>F</step>
          <octave>4</octave>
        </pitch>
        <duration>2</duration>
        <voice>1</voice>
        <type>quarter</type>
        <stem default-y="0">up</stem>
        <lyric default-y="-80" number="1">
          <syllabic>middle</syllabic>
          <text>ку</text>
        </lyric>
      </note>
      <backup>
        <duration>6</duration>
      </backup>
      <note default-x="13">
        <pitch>
          <step>E</step>
          <alter>-1</alter>
          <octave>4</octave>
        </pitch>
        <duration>1</duration>
        <voice>2</voice>
        <type>eighth</type>
        <stem default-y="-75">down</stem>
        <beam number="1">begin</beam>
      </note>
      <note default-x="50">
        <pitch>
          <step>D</step>
          <octave>4</octave>
        </pitch>
        <duration>1</duration>
        <voice>2</voice>
        <type>eighth</type>
        <stem default-y="-80">down</stem>
        <beam number="1">end</beam>
      </note>
      <note default-x="86">
        <pitch>
          <step>C</step>
          <octave>4</octave>
        </pitch>
        <duration>2</duration>
        <voice>2</voice>
        <type>quarter</type>
        <stem default-y="-78">down</stem>
      </note>
      <note default-x="145">
        <pitch>
          <step>D</step>
          <octave>4</octave>
        </pitch>
        <duration>2</duration>
        <voice>2</voice>
        <type>quarter</type>
        <stem default-y="-73">down</stem>
      </note>
    </measure>
    <!--=======================================================-->
    <measure number="8" width="176">
      <note default-x="13">
        <pitch>
          <step>E</step>
          <alter>-1</alter>
          <octave>4</octave>
        </pitch>
        <duration>1</duration>
        <voice>1</voice>
        <type>eighth</type>
        <stem default-y="-5">up</stem>
        <beam number="1">begin</beam>
        <notations>
          <slur bezier-x="8" bezier-y="-11" default-x="6" default-y="-50" number="1" placement="below" type="start"/>
        </notations>
        <lyric default-y="-80" number="1">
          <syllabic>middle</syllabic>
          <text>ва</text>
        </lyric>
      </note>
      <note default-x="45">
        <pitch>
          <step>D</step>
          <octave>4</octave>
        </pitch>
        <duration>1</duration>
        <voice>1</voice>
        <type>eighth</type>
        <stem default-y="-10">up</stem>
        <beam number="1">end</beam>
        <notations>
          <slur bezier-x="-10" bezier-y="-8" default-x="6" default-y="-55" number="1" type="stop"/>
        </notations>
      </note>
      <note default-x="76">
        <pitch>
          <step>C</step>
          <octave>4</octave>
        </pitch>
        <duration>4</duration>
        <voice>1</voice>
        <type>half</type>
        <stem default-y="-15">up</stem>
        <lyric default-y="-80" number="1">
          <syllabic>end</syllabic>
          <text>ла.</text>
        </lyric>
      </note>
      <barline location="right">
        <bar-style>light-heavy</bar-style>
        <repeat direction="backward" winged="none"/>
      </barline>
    </measure>
  </part>
  <!--=========================================================-->
</score-partwise>
