<?xml version="1.0" encoding="UTF-8" standalone="no"?>
<!DOCTYPE score-partwise PUBLIC "-//Recordare//DTD MusicXML 4.0 Partwise//EN" "http://www.musicxml.org/dtds/partwise.dtd">
<score-partwise version="4.0">
  <identification>
    <encoding>
      <software>Finale v27.3 for Windows</software>
      <encoding-date>2024-10-01</encoding-date>
      <supports attribute="new-system" element="print" type="yes" value="yes"/>
      <supports attribute="new-page" element="print" type="yes" value="yes"/>
      <supports element="accidental" type="yes"/>
      <supports element="beam" type="yes"/>
      <supports element="stem" type="yes"/>
    </encoding>
  </identification>
  <defaults>
    <scaling>
      <millimeters>8.4667</millimeters>
      <tenths>40</tenths>
    </scaling>
    <page-layout>
      <page-height>1320</page-height>
      <page-width>1020</page-width>
      <page-margins type="both">
        <left-margin>60</left-margin>
        <right-margin>60</right-margin>
        <top-margin>60</top-margin>
        <bottom-margin>60</bottom-margin>
      </page-margins>
    </page-layout>
    <system-layout>
      <system-margins>
        <left-margin>0</left-margin>
        <right-margin>0</right-margin>
      </system-margins>
      <system-distance>110</system-distance>
      <top-system-distance>67</top-system-distance>
    </system-layout>
    <appearance>
      <line-width type="stem">0.7682</line-width>
      <line-width type="beam">5</line-width>
      <line-width type="staff">0.7682</line-width>
      <line-width type="light barline">0.7682</line-width>
      <line-width type="heavy barline">5</line-width>
      <line-width type="leger">0.7682</line-width>
      <line-width type="ending">0.7682</line-width>
      <line-width type="wedge">0.7682</line-width>
      <line-width type="enclosure">0.7682</line-width>
      <line-width type="tuplet bracket">0.7682</line-width>
      <note-size type="grace">50</note-size>
      <note-size type="cue">50</note-size>
      <distance type="hyphen">60</distance>
      <distance type="beam">7.5</distance>
    </appearance>
    <music-font font-family="Finale Maestro,engraved" font-size="24"/>
    <word-font font-family="Times New Roman" font-size="12"/>
    <lyric-font font-family="Times New Roman" font-size="12"/>
  </defaults>
  <credit page="1">
    <credit-words default-x="121" default-y="806" font-size="17" valign="top" xml:space="preserve">1. Була собі Ганзя,
Ганзя Бондарівна,
Була в неї свекруха
Та й дуже невірна.
2. А в неділю рано
Та й всі дзвони дзвонять,
Асвекруха Ганзю
В поле жати гонить:
3. – Іди, іди, Ганю,
Та й не оглядайся,
Жни житечко в полі
Та й не розгинайся.</credit-words>
  </credit>
  <credit page="1">
    <credit-words default-x="696" default-y="808" font-size="17" valign="top" xml:space="preserve">7. – Соколю, соколю,
Ти ходиш по полю,
Не бачив дитини
Малої на полі?
8. – Ой бачив я, бачив
Ген там, під копою,
Ой чорнії круки
Рвуть її за руки.
9. Ой чорнії круки
Рвуть її за руки,
Малі крученята
Клюють оченята.</credit-words>
  </credit>
  <credit page="1">
    <credit-words default-x="123" default-y="416" valign="top" xml:space="preserve">Зап. 1971 р. Струтинський О. Д. від Осінської Броніслави Мартинівни з м. Шепетівка Шепетів-
ського р-ну Хмельницької обл. – ІМФЕ, ф. 14-3, од. зб. 860, арк. 177 зв.-178. Вар. 1 зап. 1927-1928 
рр. Харків В. Й. у с. Вітківці Жванецького р-ну Кам’янецької окр. (нині Кам’янець-Подільського 
р-ну Хмельницької обл.) від Шевчук Ольги. – ІМФЕ, ф.6-3, од.зб. 77, арк. 55 (45), № 75б. Чeрнет-
ка. Вар. 2 зап. 1927-1928 рр. Харків В. Й. у с. Вітківці від Дрегуш Дони. – ІМФЕ, ф.6-3, од.зб. 77, 
арк. 55 (45), № 75а. Чeрнетка.</credit-words>
  </credit>
  <credit page="1">
    <credit-words default-x="428" default-y="805" font-size="17" valign="top" xml:space="preserve">4. Ой побігла Ганя 
Та й не оглядалась,
Жала вона, жала
Та й не розгіналась.
5. Прибігла додому, –
Лихая година,
У полі лишилась
Малая дитина.
6. Біжи, Ганзю, біжи
Тою дорогою,
Де ходить сокольо
З сивой бородою.</credit-words>
  </credit>
  <credit page="1">
    <credit-words default-x="526" default-y="46" valign="top">421</credit-words>
  </credit>
  <credit page="1">
    <credit-words default-x="370" default-y="1239" font-size="19" valign="top">597. Була собі Ганзя (14-БР-03)</credit-words>
  </credit>
  <credit page="1">
    <credit-words default-x="281" default-y="1180" valign="top">Помірно</credit-words>
  </credit>
  <part-list>
    <score-part id="P1">
      <part-name print-object="no">MusicXML Part</part-name>
      <group>score</group>
      <score-instrument id="P1-I1">
        <instrument-name>Čķńņšóģåķņ 1</instrument-name>
      </score-instrument>
      <midi-instrument id="P1-I1">
        <midi-channel>1</midi-channel>
        <midi-program>1</midi-program>
        <volume>80</volume>
        <pan>0</pan>
      </midi-instrument>
    </score-part>
  </part-list>
  <!--=========================================================-->
  <part id="P1">
    <measure number="1" width="403">
      <print>
        <page-layout>
          <page-height>1320</page-height>
          <page-width>1020</page-width>
          <page-margins>
            <left-margin>119</left-margin>
            <right-margin>60</right-margin>
            <top-margin>60</top-margin>
            <bottom-margin>60</bottom-margin>
          </page-margins>
        </page-layout>
        <system-layout>
          <system-margins>
            <left-margin>58</left-margin>
            <right-margin>0</right-margin>
          </system-margins>
          <top-system-distance>120</top-system-distance>
        </system-layout>
        <measure-numbering>none</measure-numbering>
      </print>
      <attributes>
        <divisions>12</divisions>
        <key>
          <fifths>1</fifths>
          <mode>major</mode>
        </key>
        <time symbol="common">
          <beats>4</beats>
          <beat-type>4</beat-type>
        </time>
        <clef>
          <sign>G</sign>
          <line>2</line>
        </clef>
      </attributes>
      <sound tempo="96">
        <swing>
          <straight/>
        </swing>
      </sound>
      <direction placement="below">
        <direction-type>
          <words default-y="-25" relative-x="-165">Вар. 1</words>
        </direction-type>
      </direction>
      <note default-x="112">
        <pitch>
          <step>E</step>
          <octave>4</octave>
        </pitch>
        <duration>12</duration>
        <voice>1</voice>
        <type>quarter</type>
        <stem default-y="-5">up</stem>
        <lyric default-y="-100" number="2">
          <syllabic>single</syllabic>
          <text>Ой</text>
        </lyric>
      </note>
      <note default-x="185">
        <pitch>
          <step>F</step>
          <alter>1</alter>
          <octave>4</octave>
        </pitch>
        <duration>6</duration>
        <voice>1</voice>
        <type>eighth</type>
        <stem default-y="0">up</stem>
        <lyric default-y="-100" number="2">
          <syllabic>begin</syllabic>
          <text>ма</text>
        </lyric>
      </note>
      <note default-x="226">
        <pitch>
          <step>E</step>
          <octave>4</octave>
        </pitch>
        <duration>6</duration>
        <voice>1</voice>
        <type>eighth</type>
        <stem default-y="-5">up</stem>
        <lyric default-y="-100" number="2">
          <syllabic>end</syllabic>
          <text>ла</text>
        </lyric>
      </note>
      <note default-x="269">
        <pitch>
          <step>B</step>
          <octave>4</octave>
        </pitch>
        <duration>18</duration>
        <voice>1</voice>
        <type>quarter</type>
        <dot/>
        <stem default-y="-55">down</stem>
        <lyric default-y="-100" number="2" relative-x="7">
          <syllabic>begin</syllabic>
          <text>Ганд</text>
        </lyric>
      </note>
      <note default-x="347">
        <pitch>
          <step>A</step>
          <octave>4</octave>
        </pitch>
        <duration>3</duration>
        <voice>1</voice>
        <type>16th</type>
        <stem default-y="10">up</stem>
        <beam number="1">begin</beam>
        <beam number="2">begin</beam>
        <notations>
          <slur bezier-x="7" bezier-y="-12" default-x="6" default-y="-35" number="1" placement="below" type="start"/>
        </notations>
        <lyric default-y="-100" number="2" relative-x="5">
          <syllabic>end</syllabic>
          <text>зя/</text>
        </lyric>
      </note>
      <note default-x="378">
        <pitch>
          <step>G</step>
          <alter>1</alter>
          <octave>4</octave>
        </pitch>
        <duration>3</duration>
        <voice>1</voice>
        <type>16th</type>
        <accidental>sharp</accidental>
        <stem default-y="5">up</stem>
        <beam number="1">end</beam>
        <beam number="2">end</beam>
        <notations>
          <slur bezier-x="-11" bezier-y="-7" default-x="6" default-y="-43" number="1" type="stop"/>
        </notations>
      </note>
      <backup>
        <duration>48</duration>
      </backup>
      <note default-x="112">
        <pitch>
          <step>B</step>
          <octave>3</octave>
        </pitch>
        <duration>6</duration>
        <voice>2</voice>
        <type>eighth</type>
        <stem default-y="-90">down</stem>
      </note>
      <note default-x="148">
        <pitch>
          <step>E</step>
          <octave>4</octave>
        </pitch>
        <duration>6</duration>
        <voice>2</voice>
        <type>eighth</type>
        <stem default-y="-75">down</stem>
      </note>
      <forward>
        <duration>12</duration>
        <voice>2</voice>
      </forward>
      <forward>
        <duration>24</duration>
        <voice>2</voice>
      </forward>
    </measure>
    <!--=======================================================-->
    <measure number="2" width="380">
      <note default-x="13">
        <pitch>
          <step>A</step>
          <octave>4</octave>
        </pitch>
        <duration>6</duration>
        <voice>1</voice>
        <type>eighth</type>
        <stem default-y="10">up</stem>
        <lyric default-y="-100" number="2">
          <syllabic>begin</syllabic>
          <text>свек</text>
        </lyric>
      </note>
      <note default-x="60">
        <pitch>
          <step>B</step>
          <octave>4</octave>
        </pitch>
        <duration>6</duration>
        <voice>1</voice>
        <type>eighth</type>
        <stem default-y="-55">down</stem>
        <lyric default-y="-100" number="2">
          <syllabic>middle</syllabic>
          <text>ру</text>
        </lyric>
      </note>
      <note default-x="104">
        <pitch>
          <step>B</step>
          <octave>4</octave>
        </pitch>
        <duration>6</duration>
        <voice>1</voice>
        <type>eighth</type>
        <stem default-y="-55">down</stem>
        <lyric default-y="-100" number="2">
          <syllabic>end</syllabic>
          <text>ху</text>
        </lyric>
      </note>
      <note default-x="146">
        <pitch>
          <step>A</step>
          <octave>4</octave>
        </pitch>
        <duration>3</duration>
        <voice>1</voice>
        <type>16th</type>
        <stem default-y="10">up</stem>
        <beam number="1">begin</beam>
        <beam number="2">begin</beam>
        <notations>
          <slur bezier-x="10" bezier-y="8" default-x="13" default-y="15" number="1" placement="above" type="start"/>
        </notations>
        <lyric default-y="-100" number="2" relative-x="4">
          <syllabic>begin</syllabic>
          <text>ли</text>
        </lyric>
      </note>
      <note default-x="177">
        <pitch>
          <step>G</step>
          <alter>1</alter>
          <octave>4</octave>
        </pitch>
        <duration>3</duration>
        <voice>1</voice>
        <type>16th</type>
        <accidental>sharp</accidental>
        <stem default-y="5">up</stem>
        <beam number="1">end</beam>
        <beam number="2">end</beam>
        <notations>
          <slur bezier-x="-7" bezier-y="10" default-x="12" default-y="10" number="1" type="stop"/>
        </notations>
      </note>
      <note default-x="204">
        <pitch>
          <step>A</step>
          <octave>4</octave>
        </pitch>
        <duration>6</duration>
        <voice>1</voice>
        <type>eighth</type>
        <stem default-y="10">up</stem>
        <beam number="1">begin</beam>
        <notations>
          <slur bezier-x="22" bezier-y="16" default-x="13" default-y="15" number="1" placement="above" type="start"/>
        </notations>
        <lyric default-y="-100" number="2" relative-x="3">
          <syllabic>middle</syllabic>
          <text>ху</text>
        </lyric>
      </note>
      <note default-x="248">
        <pitch>
          <step>G</step>
          <octave>4</octave>
        </pitch>
        <duration>3</duration>
        <voice>1</voice>
        <type>16th</type>
        <accidental>natural</accidental>
        <stem default-y="7">up</stem>
        <beam number="1">continue</beam>
        <beam number="2">begin</beam>
      </note>
      <note default-x="280">
        <pitch>
          <step>F</step>
          <alter>1</alter>
          <octave>4</octave>
        </pitch>
        <duration>3</duration>
        <voice>1</voice>
        <type>16th</type>
        <stem default-y="5">up</stem>
        <beam number="1">end</beam>
        <beam number="2">end</beam>
        <notations>
          <slur bezier-x="-19" bezier-y="18" default-x="12" default-y="10" number="1" type="stop"/>
        </notations>
      </note>
      <note default-x="313">
        <pitch>
          <step>E</step>
          <octave>4</octave>
        </pitch>
        <duration>12</duration>
        <voice>1</voice>
        <type>quarter</type>
        <stem default-y="-5">up</stem>
        <lyric default-y="-99" number="2">
          <syllabic>end</syllabic>
          <text>ю,/</text>
        </lyric>
      </note>
      <backup>
        <duration>48</duration>
      </backup>
      <forward>
        <duration>12</duration>
        <voice>2</voice>
      </forward>
      <forward>
        <duration>6</duration>
        <voice>2</voice>
      </forward>
      <note default-x="146">
        <pitch>
          <step>E</step>
          <octave>4</octave>
        </pitch>
        <duration>6</duration>
        <voice>2</voice>
        <type>eighth</type>
        <stem default-y="-75">down</stem>
      </note>
      <note default-x="204">
        <pitch>
          <step>A</step>
          <octave>4</octave>
        </pitch>
        <duration>6</duration>
        <voice>2</voice>
        <type>eighth</type>
        <stem default-y="-70">down</stem>
        <beam number="1">begin</beam>
        <notations>
          <slur bezier-x="22" bezier-y="-20" default-x="1" default-y="-75" number="1" placement="below" type="start"/>
        </notations>
      </note>
      <note default-x="248">
        <pitch>
          <step>G</step>
          <octave>4</octave>
        </pitch>
        <duration>2</duration>
        <voice>2</voice>
        <type>16th</type>
        <time-modification>
          <actual-notes>3</actual-notes>
          <normal-notes>2</normal-notes>
        </time-modification>
        <stem default-y="-72">down</stem>
        <beam number="1">continue</beam>
        <beam number="2">begin</beam>
        <notations>
          <tuplet bracket="yes" number="1" placement="below" type="start"/>
        </notations>
      </note>
      <note default-x="269">
        <pitch>
          <step>F</step>
          <alter>1</alter>
          <octave>4</octave>
        </pitch>
        <duration>2</duration>
        <voice>2</voice>
        <type>16th</type>
        <time-modification>
          <actual-notes>3</actual-notes>
          <normal-notes>2</normal-notes>
        </time-modification>
        <stem default-y="-74">down</stem>
        <beam number="1">continue</beam>
        <beam number="2">continue</beam>
      </note>
      <note default-x="291">
        <pitch>
          <step>E</step>
          <octave>4</octave>
        </pitch>
        <duration>2</duration>
        <voice>2</voice>
        <type>16th</type>
        <time-modification>
          <actual-notes>3</actual-notes>
          <normal-notes>2</normal-notes>
        </time-modification>
        <stem default-y="-75">down</stem>
        <beam number="1">end</beam>
        <beam number="2">end</beam>
        <notations>
          <tuplet number="1" type="stop"/>
          <slur bezier-x="-24" bezier-y="-18" default-x="0" default-y="-80" number="1" type="stop"/>
        </notations>
      </note>
      <forward>
        <duration>12</duration>
        <voice>2</voice>
      </forward>
    </measure>
    <!--=======================================================-->
    <measure number="3" width="464">
      <print new-system="yes">
        <system-layout>
          <system-distance>86</system-distance>
        </system-layout>
      </print>
      <note default-x="77">
        <pitch>
          <step>A</step>
          <octave>4</octave>
        </pitch>
        <duration>6</duration>
        <voice>1</voice>
        <type>eighth</type>
        <stem default-y="10">up</stem>
        <lyric default-y="-82" number="2" relative-x="10">
          <syllabic>single</syllabic>
          <text>та</text>
          <elision> </elision>
          <syllabic>single</syllabic>
          <text>й</text>
        </lyric>
      </note>
      <note default-x="121">
        <pitch>
          <step>B</step>
          <octave>4</octave>
        </pitch>
        <duration>6</duration>
        <voice>1</voice>
        <type>eighth</type>
        <stem default-y="-55">down</stem>
        <lyric default-y="-82" number="2">
          <syllabic>begin</syllabic>
          <text>пі</text>
        </lyric>
      </note>
      <note default-x="166">
        <pitch>
          <step>B</step>
          <octave>4</octave>
        </pitch>
        <duration>6</duration>
        <voice>1</voice>
        <type>eighth</type>
        <stem default-y="-55">down</stem>
        <lyric default-y="-82" number="2">
          <syllabic>middle</syllabic>
          <text>сла</text>
        </lyric>
      </note>
      <note default-x="210">
        <pitch>
          <step>A</step>
          <octave>4</octave>
        </pitch>
        <duration>3</duration>
        <voice>1</voice>
        <type>16th</type>
        <stem default-y="-65">down</stem>
        <beam number="1">begin</beam>
        <beam number="2">begin</beam>
        <notations>
          <slur bezier-x="6" bezier-y="-10" default-x="1" default-y="-70" number="1" placement="below" type="start"/>
        </notations>
        <lyric default-y="-82" number="2" relative-x="3">
          <syllabic>end</syllabic>
          <text>ла</text>
        </lyric>
      </note>
      <note default-x="238">
        <pitch>
          <step>F</step>
          <alter>1</alter>
          <octave>4</octave>
        </pitch>
        <duration>3</duration>
        <voice>1</voice>
        <type>16th</type>
        <stem default-y="-70">down</stem>
        <beam number="1">end</beam>
        <beam number="2">end</beam>
        <notations>
          <slur bezier-x="-10" bezier-y="-7" default-x="0" default-y="-75" number="1" type="stop"/>
        </notations>
      </note>
      <note default-x="265">
        <pitch>
          <step>A</step>
          <octave>4</octave>
        </pitch>
        <duration>6</duration>
        <voice>1</voice>
        <type>eighth</type>
        <stem default-y="15">up</stem>
        <beam number="1">begin</beam>
        <notations>
          <slur bezier-x="29" bezier-y="-27" default-x="6" default-y="-35" number="1" placement="below" type="start"/>
        </notations>
        <lyric default-y="-82" number="2" relative-x="5">
          <syllabic>begin</syllabic>
          <text>жа</text>
        </lyric>
      </note>
      <note default-x="309">
        <pitch>
          <step>B</step>
          <octave>4</octave>
        </pitch>
        <duration>3</duration>
        <voice>1</voice>
        <type>16th</type>
        <stem default-y="15">up</stem>
        <beam number="1">continue</beam>
        <beam number="2">begin</beam>
      </note>
      <note default-x="336">
        <pitch>
          <step>A</step>
          <octave>4</octave>
        </pitch>
        <duration>3</duration>
        <voice>1</voice>
        <type>16th</type>
        <stem default-y="15">up</stem>
        <beam number="1">continue</beam>
        <beam number="2">continue</beam>
      </note>
      <note default-x="364">
        <pitch>
          <step>G</step>
          <octave>4</octave>
        </pitch>
        <duration>3</duration>
        <voice>1</voice>
        <type>16th</type>
        <stem default-y="15">up</stem>
        <beam number="1">continue</beam>
        <beam number="2">continue</beam>
      </note>
      <note default-x="391">
        <pitch>
          <step>F</step>
          <alter>1</alter>
          <octave>4</octave>
        </pitch>
        <duration>3</duration>
        <voice>1</voice>
        <type>16th</type>
        <stem default-y="15">up</stem>
        <beam number="1">end</beam>
        <beam number="2">end</beam>
        <notations>
          <slur bezier-x="-33" bezier-y="-22" default-x="6" default-y="-45" number="1" type="stop"/>
        </notations>
      </note>
      <note default-x="418">
        <pitch>
          <step>E</step>
          <octave>4</octave>
        </pitch>
        <duration>6</duration>
        <voice>1</voice>
        <type>eighth</type>
        <stem default-y="-5">up</stem>
        <lyric default-y="-82" number="2">
          <syllabic>end</syllabic>
          <text>ти/</text>
        </lyric>
      </note>
    </measure>
    <!--=======================================================-->
    <measure number="4" width="377">
      <note default-x="13">
        <pitch>
          <step>F</step>
          <alter>1</alter>
          <octave>4</octave>
        </pitch>
        <duration>6</duration>
        <voice>1</voice>
        <type>eighth</type>
        <stem default-y="0">up</stem>
        <lyric default-y="-82" number="2" relative-x="-3">
          <syllabic>single</syllabic>
          <text>в</text>
          <elision> </elision>
          <syllabic>begin</syllabic>
          <text>не</text>
        </lyric>
      </note>
      <note default-x="60">
        <pitch>
          <step>A</step>
          <octave>4</octave>
        </pitch>
        <duration>6</duration>
        <voice>1</voice>
        <type>eighth</type>
        <stem default-y="10">up</stem>
        <lyric default-y="-82" number="2">
          <syllabic>middle</syllabic>
          <text>ді</text>
        </lyric>
      </note>
      <note default-x="104">
        <pitch>
          <step>A</step>
          <octave>4</octave>
        </pitch>
        <duration>2</duration>
        <voice>1</voice>
        <type>16th</type>
        <time-modification>
          <actual-notes>3</actual-notes>
          <normal-notes>2</normal-notes>
        </time-modification>
        <stem default-y="10">up</stem>
        <beam number="1">begin</beam>
        <beam number="2">begin</beam>
        <notations>
          <tuplet bracket="yes" number="1" placement="above" type="start"/>
          <slur bezier-x="10" bezier-y="-15" default-x="6" default-y="-35" number="1" placement="below" type="start"/>
        </notations>
        <lyric default-y="-82" number="2" relative-x="6">
          <syllabic>end</syllabic>
          <text>лю</text>
        </lyric>
      </note>
      <note default-x="127">
        <pitch>
          <step>G</step>
          <octave>4</octave>
        </pitch>
        <duration>2</duration>
        <voice>1</voice>
        <type>16th</type>
        <time-modification>
          <actual-notes>3</actual-notes>
          <normal-notes>2</normal-notes>
        </time-modification>
        <stem default-y="8">up</stem>
        <beam number="1">continue</beam>
        <beam number="2">continue</beam>
      </note>
      <note default-x="150">
        <pitch>
          <step>F</step>
          <alter>1</alter>
          <octave>4</octave>
        </pitch>
        <duration>2</duration>
        <voice>1</voice>
        <type>16th</type>
        <time-modification>
          <actual-notes>3</actual-notes>
          <normal-notes>2</normal-notes>
        </time-modification>
        <stem default-y="5">up</stem>
        <beam number="1">end</beam>
        <beam number="2">end</beam>
        <notations>
          <tuplet number="1" type="stop"/>
          <slur bezier-x="-16" bezier-y="-10" default-x="6" default-y="-45" number="1" type="stop"/>
        </notations>
      </note>
      <note default-x="180">
        <pitch>
          <step>E</step>
          <octave>4</octave>
        </pitch>
        <duration>6</duration>
        <voice>1</voice>
        <type>eighth</type>
        <stem default-y="-5">up</stem>
        <lyric default-y="-82" number="2">
          <syllabic>begin</syllabic>
          <text>сьва</text>
        </lyric>
      </note>
      <note default-x="229">
        <pitch>
          <step>E</step>
          <octave>4</octave>
        </pitch>
        <duration>18</duration>
        <voice>1</voice>
        <type>quarter</type>
        <dot/>
        <stem default-y="-5">up</stem>
        <lyric default-y="-82" number="2">
          <syllabic>middle</syllabic>
          <text>ту</text>
        </lyric>
      </note>
      <direction placement="below">
        <direction-type>
          <words default-y="-38">( )</words>
        </direction-type>
      </direction>
      <note default-x="316">
        <pitch>
          <step>E</step>
          <octave>4</octave>
        </pitch>
        <duration>6</duration>
        <voice>1</voice>
        <type>eighth</type>
        <stem default-y="-5">up</stem>
        <lyric default-y="-82" number="2" relative-x="6">
          <syllabic>end</syllabic>
          <text>(ю).</text>
        </lyric>
      </note>
      <barline location="right">
        <bar-style>light-heavy</bar-style>
      </barline>
    </measure>
  </part>
  <!--=========================================================-->
</score-partwise>
