<?xml version="1.0" encoding="UTF-8" standalone="no"?>
<!DOCTYPE score-partwise PUBLIC "-//Recordare//DTD MusicXML 4.0 Partwise//EN" "http://www.musicxml.org/dtds/partwise.dtd">
<score-partwise version="4.0">
  <identification>
    <encoding>
      <software>Finale v27.3 for Windows</software>
      <encoding-date>2024-10-01</encoding-date>
      <supports attribute="new-system" element="print" type="yes" value="yes"/>
      <supports attribute="new-page" element="print" type="yes" value="yes"/>
      <supports element="accidental" type="yes"/>
      <supports element="beam" type="yes"/>
      <supports element="stem" type="yes"/>
    </encoding>
  </identification>
  <defaults>
    <scaling>
      <millimeters>8.4667</millimeters>
      <tenths>40</tenths>
    </scaling>
    <page-layout>
      <page-height>1320</page-height>
      <page-width>1020</page-width>
      <page-margins type="both">
        <left-margin>60</left-margin>
        <right-margin>60</right-margin>
        <top-margin>60</top-margin>
        <bottom-margin>60</bottom-margin>
      </page-margins>
    </page-layout>
    <system-layout>
      <system-margins>
        <left-margin>0</left-margin>
        <right-margin>0</right-margin>
      </system-margins>
      <system-distance>95</system-distance>
      <top-system-distance>67</top-system-distance>
    </system-layout>
    <appearance>
      <line-width type="stem">0.7682</line-width>
      <line-width type="beam">5</line-width>
      <line-width type="staff">0.7682</line-width>
      <line-width type="light barline">0.7682</line-width>
      <line-width type="heavy barline">5</line-width>
      <line-width type="leger">0.7682</line-width>
      <line-width type="ending">0.7682</line-width>
      <line-width type="wedge">0.7682</line-width>
      <line-width type="enclosure">0.7682</line-width>
      <line-width type="tuplet bracket">0.7682</line-width>
      <note-size type="grace">50</note-size>
      <note-size type="cue">50</note-size>
      <distance type="hyphen">60</distance>
      <distance type="beam">7.5</distance>
    </appearance>
    <music-font font-family="Finale Maestro,engraved" font-size="24"/>
    <word-font font-family="Times New Roman" font-size="12"/>
    <lyric-font font-family="Times New Roman" font-size="12"/>
  </defaults>
  <credit page="1">
    <credit-words default-x="130" default-y="635" font-size="18" valign="top" xml:space="preserve">1. Ой піду я в ліс по дрова, 
Наломаю лому,
Привів мене дурний розум 
У чужу сторону.
2. А в чужії сторононьці 
Ні отца, ні ненькі.
Тількі в саду вишневому 
Поють соловейкі.
3. Пойтє, пойтє, соловейкі, 
Різнімі голосамі,
А я піду в сад вишневій, 
Вміюся сльозамі.</credit-words>
  </credit>
  <credit page="1">
    <credit-words default-x="528" default-y="622" font-size="18" valign="top" xml:space="preserve">4. Ой вірву я з рожі квітку 
Та й пущу на воду:
– Пливі, пливі, з рожи квітка, 
Аж до мого роду.
5. Плівла, плівла з рожи квітка, 
При березі стала,
Війшла мати воду брати 
І квітку пізнала.
6. Квітко моя розовая, 
Чо ти так зів'яла?
Доню моя молодая, 
Чо ти така стала?</credit-words>
  </credit>
  <credit page="1">
    <credit-words default-x="314" default-y="1086" font-size="20" valign="top">592. Ой піду я в ліс по дрова (13-БР-06)</credit-words>
  </credit>
  <credit page="1">
    <credit-words default-x="340" default-y="1039" valign="top">96 Повільно, сумно</credit-words>
  </credit>
  <credit page="1">
    <credit-words default-x="528" default-y="44" valign="top">417</credit-words>
  </credit>
  <credit page="1">
    <credit-words default-x="135" default-y="186" valign="top" xml:space="preserve">Зап. 1995 р. Панчук О. В. у с. Гриців Шепетівського р-ну Хмельницької обл. від Панчук Олени 
Онуфріївни, 1932 р. н. Касета № 1, ст. А, № 6. Нотація та ред. тексту Єфремової Л. О. № 11.</credit-words>
  </credit>
  <part-list>
    <score-part id="P1">
      <part-name print-object="no">MusicXML Part</part-name>
      <group>score</group>
      <score-instrument id="P1-I1">
        <instrument-name>Čķńņšóģåķņ 1</instrument-name>
      </score-instrument>
      <midi-instrument id="P1-I1">
        <midi-channel>1</midi-channel>
        <midi-program>1</midi-program>
        <volume>80</volume>
        <pan>0</pan>
      </midi-instrument>
    </score-part>
  </part-list>
  <!--=========================================================-->
  <part id="P1">
    <measure number="1" width="255">
      <print>
        <page-layout>
          <page-height>1320</page-height>
          <page-width>1020</page-width>
          <page-margins>
            <left-margin>121</left-margin>
            <right-margin>60</right-margin>
            <top-margin>60</top-margin>
            <bottom-margin>60</bottom-margin>
          </page-margins>
        </page-layout>
        <system-layout>
          <system-margins>
            <left-margin>55</left-margin>
            <right-margin>5</right-margin>
          </system-margins>
          <top-system-distance>258</top-system-distance>
        </system-layout>
        <measure-numbering>none</measure-numbering>
      </print>
      <attributes>
        <divisions>2</divisions>
        <key>
          <fifths>-2</fifths>
          <mode>major</mode>
        </key>
        <time symbol="common">
          <beats>4</beats>
          <beat-type>4</beat-type>
        </time>
        <clef>
          <sign>G</sign>
          <line>2</line>
          <clef-octave-change>-1</clef-octave-change>
        </clef>
      </attributes>
      <sound tempo="96">
        <swing>
          <straight/>
        </swing>
      </sound>
      <direction placement="above">
        <direction-type>
          <words default-y="25" relative-x="-115">quarter note equals</words>
        </direction-type>
      </direction>
      <note default-x="118">
        <pitch>
          <step>G</step>
          <octave>3</octave>
        </pitch>
        <duration>2</duration>
        <voice>1</voice>
        <type>quarter</type>
        <stem default-y="5">up</stem>
        <lyric default-y="-72" number="1">
          <syllabic>single</syllabic>
          <text>1.</text>
          <elision> </elision>
          <syllabic>single</syllabic>
          <text>Ой</text>
        </lyric>
      </note>
      <note default-x="156">
        <pitch>
          <step>B</step>
          <alter>-1</alter>
          <octave>3</octave>
        </pitch>
        <duration>1</duration>
        <voice>1</voice>
        <type>eighth</type>
        <stem default-y="15">up</stem>
        <beam number="1">begin</beam>
        <notations>
          <slur bezier-x="5" bezier-y="-7" default-x="6" default-y="-33" number="1" placement="below" type="start"/>
        </notations>
        <lyric default-y="-72" number="1">
          <syllabic>begin</syllabic>
          <text>пі</text>
        </lyric>
      </note>
      <note default-x="173">
        <pitch>
          <step>A</step>
          <octave>3</octave>
        </pitch>
        <duration>1</duration>
        <voice>1</voice>
        <type>eighth</type>
        <stem default-y="10">up</stem>
        <beam number="1">end</beam>
        <notations>
          <slur bezier-x="-6" bezier-y="-6" default-x="6" default-y="-35" number="1" type="stop"/>
        </notations>
      </note>
      <note default-x="191">
        <pitch>
          <step>G</step>
          <octave>3</octave>
        </pitch>
        <duration>2</duration>
        <voice>1</voice>
        <type>quarter</type>
        <stem default-y="5">up</stem>
        <lyric default-y="-72" number="1" relative-x="4">
          <syllabic>end</syllabic>
          <text>ду</text>
        </lyric>
      </note>
      <note default-x="217">
        <pitch>
          <step>B</step>
          <alter>-1</alter>
          <octave>3</octave>
        </pitch>
        <duration>2</duration>
        <voice>1</voice>
        <type>quarter</type>
        <stem default-y="-55">down</stem>
        <lyric default-y="-72" number="1" relative-x="9">
          <syllabic>single</syllabic>
          <text>я</text>
          <elision> </elision>
          <syllabic>single</syllabic>
          <text>в</text>
        </lyric>
      </note>
    </measure>
    <!--=======================================================-->
    <measure number="2" width="152">
      <note default-x="13">
        <pitch>
          <step>D</step>
          <octave>4</octave>
        </pitch>
        <duration>2</duration>
        <voice>1</voice>
        <type>quarter</type>
        <stem default-y="-45">down</stem>
        <lyric default-y="-72" number="1">
          <syllabic>single</syllabic>
          <text>ліс</text>
        </lyric>
      </note>
      <note default-x="46">
        <pitch>
          <step>E</step>
          <alter>-1</alter>
          <octave>4</octave>
        </pitch>
        <duration>2</duration>
        <voice>1</voice>
        <type>quarter</type>
        <stem default-y="-40">down</stem>
        <notations>
          <other-notation default-x="0" default-y="5" placement="above" smufl="noteQuarterDown" type="single"/>
        </notations>
        <lyric default-y="-72" number="1">
          <syllabic>single</syllabic>
          <text>по</text>
        </lyric>
      </note>
      <note default-x="74">
        <pitch>
          <step>C</step>
          <octave>4</octave>
        </pitch>
        <duration>1</duration>
        <voice>1</voice>
        <type>eighth</type>
        <stem default-y="-50">down</stem>
        <beam number="1">begin</beam>
        <notations>
          <slur bezier-x="6" bezier-y="7" default-x="6" default-y="-5" number="1" placement="above" type="start"/>
        </notations>
        <lyric default-y="-72" number="1" relative-x="9">
          <syllabic>begin</syllabic>
          <text>дро</text>
        </lyric>
      </note>
      <note default-x="93">
        <pitch>
          <step>B</step>
          <alter>-1</alter>
          <octave>3</octave>
        </pitch>
        <duration>1</duration>
        <voice>1</voice>
        <type>eighth</type>
        <stem default-y="-55">down</stem>
        <beam number="1">end</beam>
        <notations>
          <slur bezier-x="-5" bezier-y="8" default-x="6" default-y="-7" number="1" type="stop"/>
        </notations>
      </note>
      <note default-x="114">
        <pitch>
          <step>C</step>
          <octave>4</octave>
        </pitch>
        <duration>1</duration>
        <voice>1</voice>
        <type>eighth</type>
        <stem default-y="-55">down</stem>
        <beam number="1">begin</beam>
        <notations>
          <slur bezier-x="9" bezier-y="4" default-x="6" default-y="-5" number="1" placement="above" type="start"/>
        </notations>
        <lyric default-y="-72" number="1" relative-x="5">
          <syllabic>end</syllabic>
          <text>ва,/</text>
        </lyric>
      </note>
      <note default-x="132">
        <pitch>
          <step>A</step>
          <octave>3</octave>
        </pitch>
        <duration>1</duration>
        <voice>1</voice>
        <type>eighth</type>
        <stem default-y="-60">down</stem>
        <beam number="1">end</beam>
        <notations>
          <slur bezier-x="-2" bezier-y="10" default-x="6" default-y="-15" number="1" type="stop"/>
        </notations>
      </note>
    </measure>
    <!--=======================================================-->
    <measure number="3" width="152">
      <note default-x="13">
        <pitch>
          <step>G</step>
          <octave>3</octave>
        </pitch>
        <duration>2</duration>
        <voice>1</voice>
        <type>quarter</type>
        <stem default-y="5">up</stem>
        <lyric default-y="-72" number="1">
          <syllabic>begin</syllabic>
          <text>на</text>
        </lyric>
      </note>
      <note default-x="43">
        <pitch>
          <step>B</step>
          <alter>-1</alter>
          <octave>3</octave>
        </pitch>
        <duration>1</duration>
        <voice>1</voice>
        <type>eighth</type>
        <stem default-y="15">up</stem>
        <beam number="1">begin</beam>
        <notations>
          <slur bezier-x="5" bezier-y="-8" default-x="6" default-y="-33" number="1" placement="below" type="start"/>
        </notations>
        <lyric default-y="-72" number="1" relative-x="4">
          <syllabic>middle</syllabic>
          <text>ло</text>
        </lyric>
      </note>
      <note default-x="62">
        <pitch>
          <step>A</step>
          <octave>3</octave>
        </pitch>
        <duration>1</duration>
        <voice>1</voice>
        <type>eighth</type>
        <stem default-y="10">up</stem>
        <beam number="1">end</beam>
        <notations>
          <slur bezier-x="-7" bezier-y="-7" default-x="6" default-y="-35" number="1" type="stop"/>
        </notations>
      </note>
      <note default-x="84">
        <pitch>
          <step>G</step>
          <octave>3</octave>
        </pitch>
        <duration>2</duration>
        <voice>1</voice>
        <type>quarter</type>
        <stem default-y="5">up</stem>
        <lyric default-y="-72" number="1">
          <syllabic>middle</syllabic>
          <text>ма</text>
        </lyric>
      </note>
      <note default-x="114">
        <pitch>
          <step>B</step>
          <alter>-1</alter>
          <octave>3</octave>
        </pitch>
        <duration>1</duration>
        <voice>1</voice>
        <type>eighth</type>
        <stem default-y="-55">down</stem>
        <lyric default-y="-72" number="1">
          <syllabic>end</syllabic>
          <text>ю</text>
        </lyric>
      </note>
      <note default-x="133">
        <rest/>
        <duration>1</duration>
        <voice>1</voice>
        <type>eighth</type>
      </note>
    </measure>
    <!--=======================================================-->
    <measure number="4" width="221">
      <attributes>
        <time>
          <beats>3</beats>
          <beat-type>2</beat-type>
        </time>
      </attributes>
      <note default-x="45">
        <pitch>
          <step>D</step>
          <octave>4</octave>
        </pitch>
        <duration>4</duration>
        <voice>1</voice>
        <type>half</type>
        <stem default-y="-45">down</stem>
        <notations>
          <slur bezier-x="25" bezier-y="17" default-x="7" default-y="3" number="1" placement="above" type="start"/>
        </notations>
        <lyric default-y="-72" number="1">
          <syllabic>begin</syllabic>
          <text>ло</text>
        </lyric>
      </note>
      <note default-x="91">
        <pitch>
          <step>B</step>
          <alter>-1</alter>
          <octave>3</octave>
        </pitch>
        <duration>3</duration>
        <voice>1</voice>
        <type>quarter</type>
        <dot/>
        <stem default-y="-55">down</stem>
      </note>
      <note default-x="131">
        <pitch>
          <step>G</step>
          <octave>3</octave>
        </pitch>
        <duration>1</duration>
        <voice>1</voice>
        <type>eighth</type>
        <stem default-y="5">up</stem>
        <notations>
          <slur bezier-x="-21" bezier-y="21" default-x="7" default-y="-5" number="1" type="stop"/>
        </notations>
      </note>
      <note default-x="160">
        <pitch>
          <step>G</step>
          <octave>3</octave>
        </pitch>
        <duration>3</duration>
        <voice>1</voice>
        <type>quarter</type>
        <dot/>
        <stem default-y="5">up</stem>
        <lyric default-y="-72" number="1" relative-x="9">
          <syllabic>end</syllabic>
          <text>му,/</text>
        </lyric>
      </note>
      <note default-x="200">
        <rest/>
        <duration>1</duration>
        <voice>1</voice>
        <type>eighth</type>
      </note>
    </measure>
    <!--=======================================================-->
    <measure number="5" width="229">
      <print new-system="yes">
        <system-layout>
          <system-distance>62</system-distance>
        </system-layout>
      </print>
      <note default-x="86">
        <pitch>
          <step>C</step>
          <octave>4</octave>
        </pitch>
        <duration>2</duration>
        <voice>1</voice>
        <type>quarter</type>
        <stem default-y="-50">down</stem>
        <lyric default-y="-72" number="1">
          <syllabic>begin</syllabic>
          <text>при</text>
        </lyric>
      </note>
      <note default-x="124">
        <pitch>
          <step>D</step>
          <octave>4</octave>
        </pitch>
        <duration>2</duration>
        <voice>1</voice>
        <type>quarter</type>
        <stem default-y="-45">down</stem>
        <lyric default-y="-72" number="1">
          <syllabic>end</syllabic>
          <text>вів</text>
        </lyric>
      </note>
      <note default-x="153">
        <pitch>
          <step>E</step>
          <alter>-1</alter>
          <octave>4</octave>
        </pitch>
        <duration>3</duration>
        <voice>1</voice>
        <type>quarter</type>
        <dot/>
        <stem default-y="-40">down</stem>
        <notations>
          <slur bezier-x="11" bezier-y="6" default-x="6" default-y="5" number="1" placement="above" type="start"/>
        </notations>
        <lyric default-y="-72" number="1" relative-x="4">
          <syllabic>begin</syllabic>
          <text>ме</text>
        </lyric>
      </note>
      <note default-x="180">
        <pitch>
          <step>C</step>
          <octave>4</octave>
        </pitch>
        <duration>1</duration>
        <voice>1</voice>
        <type>eighth</type>
        <stem default-y="-50">down</stem>
        <notations>
          <slur bezier-x="-5" bezier-y="12" default-x="6" default-y="-5" number="1" type="stop"/>
        </notations>
      </note>
      <note default-x="201">
        <pitch>
          <step>C</step>
          <octave>4</octave>
        </pitch>
        <duration>4</duration>
        <voice>1</voice>
        <type>half</type>
        <stem default-y="-50">down</stem>
        <lyric default-y="-72" number="1">
          <syllabic>end</syllabic>
          <text>не</text>
        </lyric>
      </note>
    </measure>
    <!--=======================================================-->
    <measure number="6" width="290">
      <attributes>
        <time>
          <beats>5</beats>
          <beat-type>2</beat-type>
        </time>
      </attributes>
      <note default-x="45">
        <pitch>
          <step>E</step>
          <alter>-1</alter>
          <octave>4</octave>
        </pitch>
        <duration>2</duration>
        <voice>1</voice>
        <type>quarter</type>
        <stem default-y="-40">down</stem>
        <lyric default-y="-72" number="1">
          <syllabic>begin</syllabic>
          <text>дур</text>
        </lyric>
      </note>
      <note default-x="87">
        <pitch>
          <step>E</step>
          <alter>-1</alter>
          <octave>4</octave>
        </pitch>
        <duration>2</duration>
        <voice>1</voice>
        <type>quarter</type>
        <stem default-y="-40">down</stem>
        <lyric default-y="-72" number="1">
          <syllabic>end</syllabic>
          <text>ний</text>
        </lyric>
      </note>
      <note default-x="120">
        <pitch>
          <step>D</step>
          <octave>4</octave>
        </pitch>
        <duration>4</duration>
        <voice>1</voice>
        <type>half</type>
        <stem default-y="-45">down</stem>
        <notations>
          <slur bezier-x="25" bezier-y="28" default-x="7" default-y="3" number="1" placement="above" type="start"/>
        </notations>
        <lyric default-y="-72" number="1" relative-x="4">
          <syllabic>begin</syllabic>
          <text>ро</text>
        </lyric>
      </note>
      <note default-x="148">
        <pitch>
          <step>B</step>
          <alter>-1</alter>
          <octave>3</octave>
        </pitch>
        <duration>4</duration>
        <voice>1</voice>
        <type>half</type>
        <stem default-y="-55">down</stem>
      </note>
      <note default-x="176">
        <pitch>
          <step>A</step>
          <octave>3</octave>
        </pitch>
        <duration>3</duration>
        <voice>1</voice>
        <type>quarter</type>
        <dot/>
        <stem default-y="10">up</stem>
      </note>
      <note default-x="208">
        <pitch>
          <step>G</step>
          <octave>3</octave>
        </pitch>
        <duration>1</duration>
        <voice>1</voice>
        <type>eighth</type>
        <stem default-y="5">up</stem>
        <notations>
          <slur bezier-x="-22" bezier-y="32" default-x="7" default-y="-5" number="1" type="stop"/>
        </notations>
      </note>
      <note default-x="240">
        <pitch>
          <step>G</step>
          <octave>3</octave>
        </pitch>
        <duration>3</duration>
        <voice>1</voice>
        <type>quarter</type>
        <dot/>
        <stem default-y="5">up</stem>
        <lyric default-y="-72" number="1" relative-x="8">
          <syllabic>end</syllabic>
          <text>зум/</text>
        </lyric>
      </note>
      <note default-x="272">
        <rest/>
        <duration>1</duration>
        <voice>1</voice>
        <type>eighth</type>
      </note>
    </measure>
    <!--=======================================================-->
    <measure number="7" width="320">
      <attributes>
        <time>
          <beats>6</beats>
          <beat-type>2</beat-type>
        </time>
      </attributes>
      <note default-x="45">
        <pitch>
          <step>B</step>
          <alter>-1</alter>
          <octave>3</octave>
        </pitch>
        <duration>4</duration>
        <voice>1</voice>
        <type>half</type>
        <stem default-y="-55">down</stem>
        <lyric default-y="-72" number="1">
          <syllabic>single</syllabic>
          <text>у</text>
        </lyric>
      </note>
      <note default-x="79">
        <pitch>
          <step>D</step>
          <octave>4</octave>
        </pitch>
        <duration>3</duration>
        <voice>1</voice>
        <type>quarter</type>
        <dot/>
        <stem default-y="-45">down</stem>
        <notations>
          <slur bezier-x="13" bezier-y="7" default-x="6" default-y="3" number="1" placement="above" type="start"/>
        </notations>
        <lyric default-y="-72" number="1">
          <syllabic>begin</syllabic>
          <text>чу</text>
        </lyric>
      </note>
      <note default-x="111">
        <pitch>
          <step>B</step>
          <alter>-1</alter>
          <octave>3</octave>
        </pitch>
        <duration>1</duration>
        <voice>1</voice>
        <type>eighth</type>
        <stem default-y="-55">down</stem>
        <notations>
          <slur bezier-x="-7" bezier-y="13" default-x="6" default-y="-7" number="1" type="stop"/>
        </notations>
      </note>
      <note default-x="130">
        <pitch>
          <step>D</step>
          <octave>4</octave>
        </pitch>
        <duration>2</duration>
        <voice>1</voice>
        <type>quarter</type>
        <stem default-y="-45">down</stem>
        <notations>
          <slur bezier-x="16" bezier-y="9" default-x="6" default-y="3" number="1" placement="above" type="start"/>
        </notations>
        <lyric default-y="-72" number="1" relative-x="10">
          <syllabic>end</syllabic>
          <text>жу</text>
        </lyric>
      </note>
      <note default-x="152">
        <pitch>
          <step>C</step>
          <octave>4</octave>
        </pitch>
        <duration>2</duration>
        <voice>1</voice>
        <type>quarter</type>
        <stem default-y="-50">down</stem>
      </note>
      <note default-x="175">
        <pitch>
          <step>B</step>
          <alter>-1</alter>
          <octave>3</octave>
        </pitch>
        <duration>2</duration>
        <voice>1</voice>
        <type>quarter</type>
        <stem default-y="-55">down</stem>
        <notations>
          <slur bezier-x="-10" bezier-y="15" default-x="6" default-y="-7" number="1" type="stop"/>
        </notations>
      </note>
      <note default-x="197">
        <pitch>
          <step>A</step>
          <octave>3</octave>
        </pitch>
        <duration>1</duration>
        <voice>1</voice>
        <type>eighth</type>
        <stem default-y="10">up</stem>
        <beam number="1">begin</beam>
        <notations>
          <slur bezier-x="3" bezier-y="-9" default-x="6" default-y="-35" number="1" placement="below" type="start"/>
        </notations>
        <lyric default-y="-72" number="1" relative-x="7">
          <syllabic>begin</syllabic>
          <text>сто</text>
        </lyric>
      </note>
      <note default-x="216">
        <pitch>
          <step>G</step>
          <octave>3</octave>
        </pitch>
        <duration>1</duration>
        <voice>1</voice>
        <type>eighth</type>
        <stem default-y="5">up</stem>
        <beam number="1">end</beam>
        <notations>
          <slur bezier-x="-9" bezier-y="-5" default-x="6" default-y="-43" number="1" type="stop"/>
        </notations>
      </note>
      <note default-x="235">
        <pitch>
          <step>G</step>
          <octave>3</octave>
        </pitch>
        <duration>8</duration>
        <voice>1</voice>
        <type>whole</type>
        <lyric default-y="-72" number="1" relative-x="22">
          <syllabic>end</syllabic>
          <text>рон(у).</text>
        </lyric>
      </note>
      <barline location="right">
        <bar-style>light-heavy</bar-style>
      </barline>
    </measure>
  </part>
  <!--=========================================================-->
</score-partwise>
