<?xml version="1.0" encoding="UTF-8" standalone="no"?>
<!DOCTYPE score-partwise PUBLIC "-//Recordare//DTD MusicXML 4.0 Partwise//EN" "http://www.musicxml.org/dtds/partwise.dtd">
<score-partwise version="4.0">
  <identification>
    <encoding>
      <software>Finale v27.3 for Windows</software>
      <encoding-date>2024-10-01</encoding-date>
      <supports attribute="new-system" element="print" type="yes" value="yes"/>
      <supports attribute="new-page" element="print" type="yes" value="yes"/>
      <supports element="accidental" type="yes"/>
      <supports element="beam" type="yes"/>
      <supports element="stem" type="yes"/>
    </encoding>
  </identification>
  <defaults>
    <scaling>
      <millimeters>8.4667</millimeters>
      <tenths>40</tenths>
    </scaling>
    <page-layout>
      <page-height>1320</page-height>
      <page-width>1020</page-width>
      <page-margins type="both">
        <left-margin>60</left-margin>
        <right-margin>60</right-margin>
        <top-margin>60</top-margin>
        <bottom-margin>60</bottom-margin>
      </page-margins>
    </page-layout>
    <system-layout>
      <system-margins>
        <left-margin>0</left-margin>
        <right-margin>0</right-margin>
      </system-margins>
      <system-distance>110</system-distance>
      <top-system-distance>67</top-system-distance>
    </system-layout>
    <appearance>
      <line-width type="stem">0.7682</line-width>
      <line-width type="beam">5</line-width>
      <line-width type="staff">0.7682</line-width>
      <line-width type="light barline">0.7682</line-width>
      <line-width type="heavy barline">5</line-width>
      <line-width type="leger">0.7682</line-width>
      <line-width type="ending">0.7682</line-width>
      <line-width type="wedge">0.7682</line-width>
      <line-width type="enclosure">0.7682</line-width>
      <line-width type="tuplet bracket">0.7682</line-width>
      <note-size type="grace">50</note-size>
      <note-size type="cue">50</note-size>
      <distance type="hyphen">60</distance>
      <distance type="beam">7.5</distance>
    </appearance>
    <music-font font-family="Finale Maestro,engraved" font-size="24"/>
    <word-font font-family="Times New Roman" font-size="12"/>
    <lyric-font font-family="Times New Roman" font-size="12"/>
  </defaults>
  <credit page="1">
    <credit-words default-x="130" default-y="318" valign="top" xml:space="preserve">Зап. у серпні 2003 р. Панчук О. В. у с. Гриців Шепетівського р-ну від Панчук Людмили Іванівни, 
1966 р. н. – Касета № 2, ст. В, № 2. Нотація та ред. тексту Єфремової Л. О. № 29.</credit-words>
  </credit>
  <credit page="1">
    <credit-words default-x="333" default-y="1283" font-size="19" valign="top">468. На городі чорнобиль (05-БР-02)</credit-words>
  </credit>
  <credit page="1">
    <credit-words default-x="337" default-y="1232" valign="top">70 Неспішно</credit-words>
  </credit>
  <credit page="1">
    <credit-words default-x="140" default-y="886" font-size="17" valign="top" xml:space="preserve">1. На городі чорнобиль 
Квіточками стелиться,
А мій милий Михайло 
В чужим селі жениться.*
2. Запрягай, брате, коня, 
Коня й вороненького,
Поїдемо в те село 
Шукати миленького. 
3. Приїжаєм в те село, 
Щось мені не весело,
Ось уже подвір'ячко, 
В милого весіллячко. 
4. – Ой ти жінко, Тетяно, 
Серце моє кохане,
Неси мед-горілочку, 
Частуй першу жіночку.</credit-words>
  </credit>
  <credit page="1">
    <credit-words default-x="126" default-y="82" valign="top">* Другу половину кожної строфи, [крім останньої,] співають двічі. (Л. Є.)</credit-words>
  </credit>
  <credit page="1">
    <credit-words default-x="596" default-y="876" font-size="17" valign="top" xml:space="preserve">5. – На городі чорнобиль 
Та й дрібненькі квіточки,
Чом ти ж не сказав мені, 
Що в тебе є діточки? 
6. На городі чорнобиль
Та й одненька квіточка,
Чом ти ж не сказав мені, 
Що в тебе є жіночка? 
7. – Ой ти, жінко Тетяно, 
Серце моє кохане,
Залишайся дівкою, 
А я їду з жінкою,
Знімай вельона й бинди, 
Як ходила, так ходи.</credit-words>
  </credit>
  <credit page="1">
    <credit-words default-x="525" default-y="45" valign="top">328</credit-words>
  </credit>
  <part-list>
    <score-part id="P1">
      <part-name print-object="no">MusicXML Part</part-name>
      <group>score</group>
      <score-instrument id="P1-I1">
        <instrument-name>Čķńņšóģåķņ 1</instrument-name>
      </score-instrument>
      <midi-instrument id="P1-I1">
        <midi-channel>1</midi-channel>
        <midi-program>1</midi-program>
        <volume>80</volume>
        <pan>0</pan>
      </midi-instrument>
    </score-part>
  </part-list>
  <!--=========================================================-->
  <part id="P1">
    <measure number="1" width="435">
      <print>
        <page-layout>
          <page-height>1320</page-height>
          <page-width>1020</page-width>
          <page-margins>
            <left-margin>122</left-margin>
            <right-margin>60</right-margin>
            <top-margin>60</top-margin>
            <bottom-margin>60</bottom-margin>
          </page-margins>
        </page-layout>
        <system-layout>
          <system-margins>
            <left-margin>58</left-margin>
            <right-margin>0</right-margin>
          </system-margins>
          <top-system-distance>59</top-system-distance>
        </system-layout>
        <measure-numbering>none</measure-numbering>
      </print>
      <attributes>
        <divisions>2</divisions>
        <key>
          <fifths>-2</fifths>
          <mode>major</mode>
        </key>
        <time>
          <beats>5</beats>
          <beat-type>4</beat-type>
        </time>
        <clef>
          <sign>G</sign>
          <line>2</line>
          <clef-octave-change>-1</clef-octave-change>
        </clef>
      </attributes>
      <sound tempo="70">
        <swing>
          <straight/>
        </swing>
      </sound>
      <direction placement="above">
        <direction-type>
          <words default-y="19" relative-x="-123">quarter note equals</words>
        </direction-type>
      </direction>
      <note default-x="118">
        <pitch>
          <step>G</step>
          <octave>3</octave>
        </pitch>
        <duration>1</duration>
        <voice>1</voice>
        <type>eighth</type>
        <stem default-y="5">up</stem>
        <lyric default-y="-70" number="1">
          <syllabic>single</syllabic>
          <text>1.</text>
          <elision> </elision>
          <syllabic>single</syllabic>
          <text>На</text>
        </lyric>
      </note>
      <note default-x="161">
        <pitch>
          <step>B</step>
          <alter>-1</alter>
          <octave>3</octave>
        </pitch>
        <duration>1</duration>
        <voice>1</voice>
        <type>eighth</type>
        <stem default-y="-55">down</stem>
        <lyric default-y="-70" number="1">
          <syllabic>begin</syllabic>
          <text>го</text>
        </lyric>
      </note>
      <note default-x="196">
        <pitch>
          <step>B</step>
          <alter>-1</alter>
          <octave>3</octave>
        </pitch>
        <duration>1</duration>
        <voice>1</voice>
        <type>eighth</type>
        <stem default-y="-55">down</stem>
        <lyric default-y="-70" number="1">
          <syllabic>middle</syllabic>
          <text>ро</text>
        </lyric>
      </note>
      <note default-x="230">
        <pitch>
          <step>B</step>
          <alter>-1</alter>
          <octave>3</octave>
        </pitch>
        <duration>1</duration>
        <voice>1</voice>
        <type>eighth</type>
        <stem default-y="-55">down</stem>
        <lyric default-y="-70" number="1">
          <syllabic>end</syllabic>
          <text>ді</text>
        </lyric>
      </note>
      <note default-x="263">
        <pitch>
          <step>C</step>
          <octave>4</octave>
        </pitch>
        <duration>1</duration>
        <voice>1</voice>
        <type>eighth</type>
        <stem default-y="-50">down</stem>
        <beam number="1">begin</beam>
        <notations>
          <slur bezier-x="9" bezier-y="9" default-x="6" default-y="-5" number="1" placement="above" type="start"/>
        </notations>
        <lyric default-y="-70" number="1" relative-x="9">
          <syllabic>begin</syllabic>
          <text>чор</text>
        </lyric>
      </note>
      <note default-x="293">
        <pitch>
          <step>B</step>
          <alter>-1</alter>
          <octave>3</octave>
        </pitch>
        <duration>1</duration>
        <voice>1</voice>
        <type>eighth</type>
        <stem default-y="-55">down</stem>
        <beam number="1">end</beam>
        <notations>
          <slur bezier-x="-8" bezier-y="10" default-x="6" default-y="-7" number="1" type="stop"/>
        </notations>
      </note>
      <note default-x="324">
        <pitch>
          <step>A</step>
          <octave>3</octave>
        </pitch>
        <duration>1</duration>
        <voice>1</voice>
        <type>eighth</type>
        <stem default-y="10">up</stem>
        <lyric default-y="-80" number="1">
          <syllabic>end</syllabic>
          <text>но</text>
        </lyric>
      </note>
      <note default-x="368">
        <pitch>
          <step>G</step>
          <octave>3</octave>
        </pitch>
        <duration>3</duration>
        <voice>1</voice>
        <type>quarter</type>
        <dot/>
        <stem default-y="5">up</stem>
        <lyric default-y="-70" number="1">
          <syllabic>single</syllabic>
          <text>биль/</text>
        </lyric>
      </note>
    </measure>
    <!--=======================================================-->
    <measure number="2" width="345">
      <note default-x="13">
        <pitch>
          <step>B</step>
          <alter>-1</alter>
          <octave>3</octave>
        </pitch>
        <duration>1</duration>
        <voice>1</voice>
        <type>eighth</type>
        <stem default-y="-55">down</stem>
        <lyric default-y="-70" number="1">
          <syllabic>begin</syllabic>
          <text>кві</text>
        </lyric>
      </note>
      <note default-x="52">
        <pitch>
          <step>D</step>
          <octave>4</octave>
        </pitch>
        <duration>1</duration>
        <voice>1</voice>
        <type>eighth</type>
        <stem default-y="-45">down</stem>
        <lyric default-y="-70" number="1">
          <syllabic>middle</syllabic>
          <text>точ</text>
        </lyric>
      </note>
      <note default-x="90">
        <pitch>
          <step>D</step>
          <octave>4</octave>
        </pitch>
        <duration>1</duration>
        <voice>1</voice>
        <type>eighth</type>
        <stem default-y="-45">down</stem>
        <lyric default-y="-70" number="1">
          <syllabic>middle</syllabic>
          <text>ка</text>
        </lyric>
      </note>
      <note default-x="127">
        <pitch>
          <step>B</step>
          <alter>-1</alter>
          <octave>3</octave>
        </pitch>
        <duration>1</duration>
        <voice>1</voice>
        <type>eighth</type>
        <stem default-y="-55">down</stem>
        <lyric default-y="-70" number="1">
          <syllabic>end</syllabic>
          <text>ми</text>
        </lyric>
      </note>
      <note default-x="163">
        <pitch>
          <step>E</step>
          <alter>-1</alter>
          <octave>4</octave>
        </pitch>
        <duration>1</duration>
        <voice>1</voice>
        <type>eighth</type>
        <stem default-y="-40">down</stem>
        <beam number="1">begin</beam>
        <notations>
          <slur bezier-x="10" bezier-y="10" default-x="6" default-y="5" number="1" placement="above" type="start"/>
        </notations>
        <lyric default-y="-70" number="1" relative-x="7">
          <syllabic>begin</syllabic>
          <text>сте</text>
        </lyric>
      </note>
      <note default-x="196">
        <pitch>
          <step>D</step>
          <octave>4</octave>
        </pitch>
        <duration>1</duration>
        <voice>1</voice>
        <type>eighth</type>
        <stem default-y="-45">down</stem>
        <beam number="1">end</beam>
        <notations>
          <slur bezier-x="-9" bezier-y="10" default-x="6" default-y="3" number="1" type="stop"/>
        </notations>
      </note>
      <note default-x="233">
        <pitch>
          <step>C</step>
          <octave>4</octave>
        </pitch>
        <duration>1</duration>
        <voice>1</voice>
        <type>eighth</type>
        <stem default-y="-50">down</stem>
        <lyric default-y="-70" number="1">
          <syllabic>middle</syllabic>
          <text>лить</text>
        </lyric>
      </note>
      <direction placement="below">
        <direction-type>
          <symbol default-y="-24" font-family="MaestroTimes">rest8th</symbol>
        </direction-type>
      </direction>
      <direction placement="below">
        <direction-type>
          <words default-y="-20">( )</words>
        </direction-type>
      </direction>
      <note default-x="273">
        <pitch>
          <step>B</step>
          <alter>-1</alter>
          <octave>3</octave>
        </pitch>
        <duration>3</duration>
        <voice>1</voice>
        <type>quarter</type>
        <dot/>
        <stem default-y="-55">down</stem>
        <lyric default-y="-70" number="1" relative-x="3">
          <syllabic>end</syllabic>
          <text>ся,/</text>
        </lyric>
      </note>
    </measure>
    <!--=======================================================-->
    <measure number="3" width="453">
      <print new-system="yes">
        <system-layout>
          <system-margins>
            <left-margin>4</left-margin>
            <right-margin>0</right-margin>
          </system-margins>
          <system-distance>76</system-distance>
        </system-layout>
      </print>
      <note default-x="86">
        <pitch>
          <step>B</step>
          <alter>-1</alter>
          <octave>3</octave>
        </pitch>
        <duration>1</duration>
        <voice>1</voice>
        <type>eighth</type>
        <stem default-y="-55">down</stem>
        <lyric default-y="-73" number="1">
          <syllabic>single</syllabic>
          <text>а</text>
        </lyric>
      </note>
      <note default-x="124">
        <pitch>
          <step>D</step>
          <octave>4</octave>
        </pitch>
        <duration>1</duration>
        <voice>1</voice>
        <type>eighth</type>
        <stem default-y="-45">down</stem>
        <lyric default-y="-73" number="1">
          <syllabic>single</syllabic>
          <text>мій</text>
        </lyric>
      </note>
      <note default-x="162">
        <pitch>
          <step>D</step>
          <octave>4</octave>
        </pitch>
        <duration>1</duration>
        <voice>1</voice>
        <type>eighth</type>
        <stem default-y="-45">down</stem>
        <lyric default-y="-73" number="1">
          <syllabic>begin</syllabic>
          <text>ми</text>
        </lyric>
      </note>
      <note default-x="200">
        <pitch>
          <step>B</step>
          <alter>-1</alter>
          <octave>3</octave>
        </pitch>
        <duration>1</duration>
        <voice>1</voice>
        <type>eighth</type>
        <stem default-y="-55">down</stem>
        <lyric default-y="-73" number="1">
          <syllabic>end</syllabic>
          <text>лий</text>
        </lyric>
      </note>
      <note default-x="238">
        <pitch>
          <step>E</step>
          <alter>-1</alter>
          <octave>4</octave>
        </pitch>
        <duration>1</duration>
        <voice>1</voice>
        <type>eighth</type>
        <stem default-y="-40">down</stem>
        <beam number="1">begin</beam>
        <notations>
          <slur bezier-x="12" bezier-y="10" default-x="6" default-y="5" number="1" placement="above" type="start"/>
        </notations>
        <lyric default-y="-73" number="1" relative-x="8">
          <syllabic>begin</syllabic>
          <text>Ми</text>
        </lyric>
      </note>
      <note default-x="277">
        <pitch>
          <step>D</step>
          <octave>4</octave>
        </pitch>
        <duration>1</duration>
        <voice>1</voice>
        <type>eighth</type>
        <stem default-y="-45">down</stem>
        <beam number="1">end</beam>
        <notations>
          <slur bezier-x="-11" bezier-y="11" default-x="6" default-y="3" number="1" type="stop"/>
        </notations>
      </note>
      <note default-x="315">
        <pitch>
          <step>C</step>
          <octave>4</octave>
        </pitch>
        <duration>1</duration>
        <voice>1</voice>
        <type>eighth</type>
        <stem default-y="-50">down</stem>
        <lyric default-y="-73" number="1">
          <syllabic>middle</syllabic>
          <text>хай</text>
        </lyric>
      </note>
      <note default-x="353">
        <pitch>
          <step>B</step>
          <alter>-1</alter>
          <octave>3</octave>
        </pitch>
        <duration>2</duration>
        <voice>1</voice>
        <type>quarter</type>
        <stem default-y="-55">down</stem>
        <notations>
          <slur bezier-x="15" bezier-y="18" default-x="6" default-y="-7" number="1" placement="above" type="start"/>
        </notations>
        <lyric default-y="-73" number="1" relative-x="6">
          <syllabic>end</syllabic>
          <text>ло/</text>
        </lyric>
      </note>
      <note default-x="414">
        <pitch>
          <step>A</step>
          <octave>3</octave>
        </pitch>
        <duration>1</duration>
        <voice>1</voice>
        <type>eighth</type>
        <stem default-y="10">up</stem>
        <notations>
          <slur bezier-x="-20" bezier-y="12" default-x="7" default-y="3" number="1" type="stop"/>
        </notations>
      </note>
    </measure>
    <!--=======================================================-->
    <measure number="4" width="380">
      <note default-x="13">
        <pitch>
          <step>G</step>
          <octave>3</octave>
        </pitch>
        <duration>1</duration>
        <voice>1</voice>
        <type>eighth</type>
        <stem default-y="5">up</stem>
        <lyric default-y="-73" number="1">
          <syllabic>single</syllabic>
          <text>в</text>
          <elision> </elision>
          <syllabic>begin</syllabic>
          <text>чу</text>
        </lyric>
      </note>
      <note default-x="59">
        <pitch>
          <step>B</step>
          <alter>-1</alter>
          <octave>3</octave>
        </pitch>
        <duration>1</duration>
        <voice>1</voice>
        <type>eighth</type>
        <stem default-y="-55">down</stem>
        <lyric default-y="-73" number="1">
          <syllabic>end</syllabic>
          <text>жим</text>
        </lyric>
      </note>
      <note default-x="101">
        <pitch>
          <step>B</step>
          <alter>-1</alter>
          <octave>3</octave>
        </pitch>
        <duration>1</duration>
        <voice>1</voice>
        <type>eighth</type>
        <stem default-y="-55">down</stem>
        <lyric default-y="-73" number="1">
          <syllabic>begin</syllabic>
          <text>се</text>
        </lyric>
      </note>
      <note default-x="140">
        <pitch>
          <step>B</step>
          <alter>-1</alter>
          <octave>3</octave>
        </pitch>
        <duration>1</duration>
        <voice>1</voice>
        <type>eighth</type>
        <stem default-y="-55">down</stem>
        <lyric default-y="-73" number="1">
          <syllabic>end</syllabic>
          <text>лі</text>
        </lyric>
      </note>
      <note default-x="178">
        <pitch>
          <step>C</step>
          <octave>4</octave>
        </pitch>
        <duration>1</duration>
        <voice>1</voice>
        <type>eighth</type>
        <stem default-y="-50">down</stem>
        <beam number="1">begin</beam>
        <notations>
          <slur bezier-x="11" bezier-y="10" default-x="6" default-y="-5" number="1" placement="above" type="start"/>
        </notations>
        <lyric default-y="-73" number="1" relative-x="5">
          <syllabic>begin</syllabic>
          <text>же</text>
        </lyric>
      </note>
      <note default-x="215">
        <pitch>
          <step>B</step>
          <alter>-1</alter>
          <octave>3</octave>
        </pitch>
        <duration>1</duration>
        <voice>1</voice>
        <type>eighth</type>
        <stem default-y="-55">down</stem>
        <beam number="1">end</beam>
        <notations>
          <slur bezier-x="-10" bezier-y="11" default-x="6" default-y="-7" number="1" type="stop"/>
        </notations>
      </note>
      <note default-x="255">
        <pitch>
          <step>A</step>
          <octave>3</octave>
        </pitch>
        <duration>1</duration>
        <voice>1</voice>
        <type>eighth</type>
        <stem default-y="10">up</stem>
        <lyric default-y="-73" number="1">
          <syllabic>middle</syllabic>
          <text>нить</text>
        </lyric>
      </note>
      <note default-x="300">
        <pitch>
          <step>G</step>
          <octave>3</octave>
        </pitch>
        <duration>3</duration>
        <voice>1</voice>
        <type>quarter</type>
        <dot/>
        <stem default-y="5">up</stem>
        <lyric default-y="-73" number="1">
          <syllabic>end</syllabic>
          <text>ся./</text>
        </lyric>
      </note>
    </measure>
    <!--=======================================================-->
    <measure number="5" width="455">
      <print new-system="yes">
        <system-layout>
          <system-distance>68</system-distance>
        </system-layout>
      </print>
      <note default-x="86">
        <pitch>
          <step>B</step>
          <alter>-1</alter>
          <octave>3</octave>
        </pitch>
        <duration>1</duration>
        <voice>1</voice>
        <type>eighth</type>
        <stem default-y="-55">down</stem>
        <lyric default-y="-73" number="1">
          <syllabic>single</syllabic>
          <text>а</text>
        </lyric>
      </note>
      <note default-x="125">
        <pitch>
          <step>D</step>
          <octave>4</octave>
        </pitch>
        <duration>1</duration>
        <voice>1</voice>
        <type>eighth</type>
        <stem default-y="-45">down</stem>
        <lyric default-y="-73" number="1">
          <syllabic>single</syllabic>
          <text>мій</text>
        </lyric>
      </note>
      <note default-x="163">
        <pitch>
          <step>D</step>
          <octave>4</octave>
        </pitch>
        <duration>1</duration>
        <voice>1</voice>
        <type>eighth</type>
        <stem default-y="-45">down</stem>
        <lyric default-y="-73" number="1">
          <syllabic>begin</syllabic>
          <text>ми</text>
        </lyric>
      </note>
      <note default-x="201">
        <pitch>
          <step>B</step>
          <alter>-1</alter>
          <octave>3</octave>
        </pitch>
        <duration>1</duration>
        <voice>1</voice>
        <type>eighth</type>
        <stem default-y="-55">down</stem>
        <lyric default-y="-73" number="1">
          <syllabic>end</syllabic>
          <text>лий</text>
        </lyric>
      </note>
      <note default-x="239">
        <pitch>
          <step>E</step>
          <alter>-1</alter>
          <octave>4</octave>
        </pitch>
        <duration>1</duration>
        <voice>1</voice>
        <type>eighth</type>
        <stem default-y="-40">down</stem>
        <beam number="1">begin</beam>
        <notations>
          <slur bezier-x="12" bezier-y="10" default-x="6" default-y="5" number="1" placement="above" type="start"/>
        </notations>
        <lyric default-y="-73" number="1" relative-x="8">
          <syllabic>begin</syllabic>
          <text>Ми</text>
        </lyric>
      </note>
      <note default-x="278">
        <pitch>
          <step>D</step>
          <octave>4</octave>
        </pitch>
        <duration>1</duration>
        <voice>1</voice>
        <type>eighth</type>
        <stem default-y="-45">down</stem>
        <beam number="1">end</beam>
        <notations>
          <slur bezier-x="-11" bezier-y="11" default-x="6" default-y="3" number="1" type="stop"/>
        </notations>
      </note>
      <note default-x="316">
        <pitch>
          <step>C</step>
          <octave>4</octave>
        </pitch>
        <duration>1</duration>
        <voice>1</voice>
        <type>eighth</type>
        <stem default-y="-50">down</stem>
        <lyric default-y="-73" number="1">
          <syllabic>middle</syllabic>
          <text>хай</text>
        </lyric>
      </note>
      <note default-x="354">
        <pitch>
          <step>B</step>
          <alter>-1</alter>
          <octave>3</octave>
        </pitch>
        <duration>2</duration>
        <voice>1</voice>
        <type>quarter</type>
        <stem default-y="-55">down</stem>
        <notations>
          <slur bezier-x="15" bezier-y="18" default-x="6" default-y="-7" number="1" placement="above" type="start"/>
        </notations>
        <lyric default-y="-73" number="1" relative-x="6">
          <syllabic>end</syllabic>
          <text>ло/</text>
        </lyric>
      </note>
      <note default-x="416">
        <pitch>
          <step>A</step>
          <octave>3</octave>
        </pitch>
        <duration>1</duration>
        <voice>1</voice>
        <type>eighth</type>
        <stem default-y="10">up</stem>
        <notations>
          <slur bezier-x="-20" bezier-y="12" default-x="7" default-y="3" number="1" type="stop"/>
        </notations>
      </note>
    </measure>
    <!--=======================================================-->
    <measure number="6" width="383">
      <note default-x="13">
        <pitch>
          <step>G</step>
          <octave>3</octave>
        </pitch>
        <duration>1</duration>
        <voice>1</voice>
        <type>eighth</type>
        <stem default-y="5">up</stem>
        <lyric default-y="-73" number="1">
          <syllabic>single</syllabic>
          <text>в</text>
          <elision> </elision>
          <syllabic>begin</syllabic>
          <text>чу</text>
        </lyric>
      </note>
      <note default-x="59">
        <pitch>
          <step>B</step>
          <alter>-1</alter>
          <octave>3</octave>
        </pitch>
        <duration>1</duration>
        <voice>1</voice>
        <type>eighth</type>
        <stem default-y="-55">down</stem>
        <lyric default-y="-73" number="1">
          <syllabic>end</syllabic>
          <text>жим</text>
        </lyric>
      </note>
      <note default-x="101">
        <pitch>
          <step>B</step>
          <alter>-1</alter>
          <octave>3</octave>
        </pitch>
        <duration>1</duration>
        <voice>1</voice>
        <type>eighth</type>
        <stem default-y="-55">down</stem>
        <lyric default-y="-73" number="1">
          <syllabic>begin</syllabic>
          <text>се</text>
        </lyric>
      </note>
      <note default-x="139">
        <pitch>
          <step>B</step>
          <alter>-1</alter>
          <octave>3</octave>
        </pitch>
        <duration>1</duration>
        <voice>1</voice>
        <type>eighth</type>
        <stem default-y="-55">down</stem>
        <lyric default-y="-73" number="1">
          <syllabic>end</syllabic>
          <text>лі</text>
        </lyric>
      </note>
      <note default-x="177">
        <pitch>
          <step>C</step>
          <octave>4</octave>
        </pitch>
        <duration>1</duration>
        <voice>1</voice>
        <type>eighth</type>
        <stem default-y="-50">down</stem>
        <beam number="1">begin</beam>
        <notations>
          <slur bezier-x="11" bezier-y="10" default-x="6" default-y="-5" number="1" placement="above" type="start"/>
        </notations>
        <lyric default-y="-73" number="1" relative-x="5">
          <syllabic>begin</syllabic>
          <text>же</text>
        </lyric>
      </note>
      <note default-x="213">
        <pitch>
          <step>B</step>
          <alter>-1</alter>
          <octave>3</octave>
        </pitch>
        <duration>1</duration>
        <voice>1</voice>
        <type>eighth</type>
        <stem default-y="-55">down</stem>
        <beam number="1">end</beam>
        <notations>
          <slur bezier-x="-10" bezier-y="11" default-x="6" default-y="-7" number="1" type="stop"/>
        </notations>
      </note>
      <note default-x="253">
        <pitch>
          <step>A</step>
          <octave>3</octave>
        </pitch>
        <duration>1</duration>
        <voice>1</voice>
        <type>eighth</type>
        <stem default-y="10">up</stem>
        <lyric default-y="-73" number="1">
          <syllabic>middle</syllabic>
          <text>нить</text>
        </lyric>
      </note>
      <note default-x="295">
        <pitch>
          <step>G</step>
          <octave>3</octave>
        </pitch>
        <duration>3</duration>
        <voice>1</voice>
        <type>quarter</type>
        <dot/>
        <stem default-y="5">up</stem>
        <lyric default-y="-73" number="1">
          <syllabic>end</syllabic>
          <text>ся.</text>
        </lyric>
      </note>
      <barline location="right">
        <bar-style>light-heavy</bar-style>
      </barline>
    </measure>
  </part>
  <!--=========================================================-->
</score-partwise>
