<?xml version="1.0" encoding="UTF-8" standalone="no"?>
<!DOCTYPE score-partwise PUBLIC "-//Recordare//DTD MusicXML 4.0 Partwise//EN" "http://www.musicxml.org/dtds/partwise.dtd">
<score-partwise version="4.0">
  <identification>
    <encoding>
      <software>Finale v27.3 for Windows</software>
      <encoding-date>2024-10-01</encoding-date>
      <supports attribute="new-system" element="print" type="yes" value="yes"/>
      <supports attribute="new-page" element="print" type="yes" value="yes"/>
      <supports element="accidental" type="yes"/>
      <supports element="beam" type="yes"/>
      <supports element="stem" type="yes"/>
    </encoding>
  </identification>
  <defaults>
    <scaling>
      <millimeters>8.4667</millimeters>
      <tenths>40</tenths>
    </scaling>
    <page-layout>
      <page-height>1320</page-height>
      <page-width>1020</page-width>
      <page-margins type="both">
        <left-margin>60</left-margin>
        <right-margin>60</right-margin>
        <top-margin>60</top-margin>
        <bottom-margin>60</bottom-margin>
      </page-margins>
    </page-layout>
    <system-layout>
      <system-margins>
        <left-margin>0</left-margin>
        <right-margin>0</right-margin>
      </system-margins>
      <system-distance>110</system-distance>
      <top-system-distance>67</top-system-distance>
    </system-layout>
    <appearance>
      <line-width type="stem">0.7682</line-width>
      <line-width type="beam">5</line-width>
      <line-width type="staff">0.7682</line-width>
      <line-width type="light barline">0.7682</line-width>
      <line-width type="heavy barline">5</line-width>
      <line-width type="leger">0.7682</line-width>
      <line-width type="ending">0.7682</line-width>
      <line-width type="wedge">0.7682</line-width>
      <line-width type="enclosure">0.7682</line-width>
      <line-width type="tuplet bracket">0.7682</line-width>
      <note-size type="grace">50</note-size>
      <note-size type="cue">50</note-size>
      <distance type="hyphen">60</distance>
      <distance type="beam">7.5</distance>
    </appearance>
    <music-font font-family="Finale Maestro,engraved" font-size="24"/>
    <word-font font-family="Times New Roman" font-size="12"/>
    <lyric-font font-family="Times New Roman" font-size="12"/>
  </defaults>
  <credit page="1">
    <credit-words default-x="346" default-y="1260" font-size="19" valign="top">539. Ой у садочку (09-БК-01)</credit-words>
  </credit>
  <credit page="1">
    <credit-words default-x="278" default-y="1236" valign="top" xml:space="preserve">Помірно
Одна</credit-words>
  </credit>
  <credit page="1">
    <credit-words default-x="108" default-y="685" font-size="17" valign="top" xml:space="preserve">1. Ой у садочку
Там зацвіла ліщина,
Заболів козак,
Заплакала дівчина.*
2. – Ой ти, козаче,
Що ж ти думаєш,
Звів мене з ума,
А тепер покидаєш.
3. – Не я тебе звів,
Звела темная нічка,
Солодкий медок,
Гіркая горілочка.</credit-words>
  </credit>
  <credit page="1">
    <credit-words default-x="121" default-y="80" valign="top">* Другу половину кожної строфи співають двічі. (Л. Є.)</credit-words>
  </credit>
  <credit page="1">
    <credit-words default-x="689" default-y="655" font-size="17" valign="top" xml:space="preserve">7. – Як ти любила
Подаруночки брати,
То й тепер люби
Мале дитя гойдати.
8. – Не багато я 
Подаруночків брала,
Тільки дев’ять пар
Черевичок стоптала.
9. Подаруй, козак,
Ще й десятую пару,
Як не схожу я,
Сходить дитина твоя.</credit-words>
  </credit>
  <credit page="1">
    <credit-words default-x="101" default-y="191" valign="top" xml:space="preserve">Зап. 1954 р. експ.  ІМФЕ у с. Требухівці Меджибіжського р-ну (нині Летичівського р-ну) Хмель-
ницької обл. від мішаного гурту. – ІМФЕ, ф. 14-5, од.зб. 171, арк. 36, № 10; плівка ф. 14-10, од. зб. 
340. Розш. Стьожка О. у січні1955 р.</credit-words>
  </credit>
  <credit page="1">
    <credit-words default-x="403" default-y="669" font-size="17" valign="top" xml:space="preserve">4. – Горілки не п’ю,
Меду не вп’юся,
Тепер я твоя,
Я тебе не боюся.
5. Козак молодий
На Вкраїну в’їжджає,
Молода дівка
З козаком розмовляє:
6. – Ой ти, козаче,
Возьми цюю дитину,
Бо як не візьмеш,
То й під коня підкину.</credit-words>
  </credit>
  <credit page="1">
    <credit-words default-x="529" default-y="44" valign="top">380</credit-words>
  </credit>
  <part-list>
    <score-part id="P1">
      <part-name print-object="no">MusicXML Part</part-name>
      <group>score</group>
      <score-instrument id="P1-I1">
        <instrument-name>Čķńņšóģåķņ 1</instrument-name>
      </score-instrument>
      <midi-instrument id="P1-I1">
        <midi-channel>1</midi-channel>
        <midi-program>1</midi-program>
        <volume>80</volume>
        <pan>0</pan>
      </midi-instrument>
    </score-part>
  </part-list>
  <!--=========================================================-->
  <part id="P1">
    <measure number="1" width="325">
      <print>
        <page-layout>
          <page-height>1320</page-height>
          <page-width>1020</page-width>
          <page-margins>
            <left-margin>121</left-margin>
            <right-margin>60</right-margin>
            <top-margin>60</top-margin>
            <bottom-margin>60</bottom-margin>
          </page-margins>
        </page-layout>
        <system-layout>
          <system-margins>
            <left-margin>58</left-margin>
            <right-margin>0</right-margin>
          </system-margins>
          <top-system-distance>62</top-system-distance>
        </system-layout>
        <measure-numbering>none</measure-numbering>
      </print>
      <attributes>
        <divisions>2</divisions>
        <key>
          <fifths>0</fifths>
          <mode>major</mode>
        </key>
        <time>
          <beats>6</beats>
          <beat-type>4</beat-type>
        </time>
        <clef>
          <sign>G</sign>
          <line>2</line>
        </clef>
      </attributes>
      <sound tempo="96">
        <swing>
          <straight/>
        </swing>
      </sound>
      <note default-x="83">
        <pitch>
          <step>E</step>
          <octave>4</octave>
        </pitch>
        <duration>3</duration>
        <voice>1</voice>
        <type>quarter</type>
        <dot/>
        <stem default-y="-68">down</stem>
        <notations>
          <slur bezier-x="8" bezier-y="-16" dash-length="7.5" default-x="6" default-y="-58" line-type="dashed" number="1" placement="below" space-length="7.5" type="start"/>
        </notations>
        <lyric default-y="-98" number="2">
          <syllabic>single</syllabic>
          <text>1.</text>
          <elision> </elision>
          <syllabic>single</syllabic>
          <text>Ой</text>
        </lyric>
      </note>
      <note default-x="137">
        <pitch>
          <step>C</step>
          <octave>4</octave>
        </pitch>
        <duration>1</duration>
        <voice>1</voice>
        <type>eighth</type>
        <stem default-y="-85">down</stem>
        <notations>
          <slur bezier-x="-16" bezier-y="-7" default-x="-5" default-y="-75" number="1" type="stop"/>
        </notations>
        <lyric default-y="-98" number="2">
          <syllabic>single</syllabic>
          <text>у</text>
        </lyric>
      </note>
      <note default-x="162">
        <pitch>
          <step>F</step>
          <octave>4</octave>
        </pitch>
        <duration>2</duration>
        <voice>1</voice>
        <type>quarter</type>
        <stem default-y="-63">down</stem>
        <notations>
          <slur bezier-x="7" bezier-y="-10" dash-length="7.5" default-x="6" default-y="-53" line-type="dashed" number="1" placement="below" space-length="7.5" type="start"/>
        </notations>
        <lyric default-y="-98" number="2" relative-x="3">
          <syllabic>begin</syllabic>
          <text>са</text>
        </lyric>
      </note>
      <note default-x="203">
        <pitch>
          <step>E</step>
          <octave>4</octave>
        </pitch>
        <duration>2</duration>
        <voice>1</voice>
        <type>quarter</type>
        <stem default-y="-68">down</stem>
        <notations>
          <slur bezier-x="-10" bezier-y="-7" default-x="-5" default-y="-58" number="1" type="stop"/>
        </notations>
        <lyric default-y="-98" number="2">
          <syllabic>middle</syllabic>
          <text>доч</text>
        </lyric>
      </note>
      <note default-x="243">
        <pitch>
          <step>D</step>
          <octave>4</octave>
        </pitch>
        <duration>2</duration>
        <voice>1</voice>
        <type>quarter</type>
        <stem default-y="-73">down</stem>
        <notations>
          <slur bezier-x="7" bezier-y="-10" default-x="6" default-y="-63" number="1" placement="below" type="start"/>
        </notations>
        <lyric default-y="-98" number="2" relative-x="6">
          <syllabic>end</syllabic>
          <text>ку/</text>
        </lyric>
      </note>
      <note default-x="284">
        <pitch>
          <step>C</step>
          <octave>4</octave>
        </pitch>
        <duration>2</duration>
        <voice>1</voice>
        <type>quarter</type>
        <stem default-y="-78">down</stem>
        <notations>
          <slur bezier-x="-10" bezier-y="-7" default-x="-5" default-y="-68" number="1" type="stop"/>
        </notations>
      </note>
    </measure>
    <!--=======================================================-->
    <measure number="2" width="456">
      <attributes>
        <time>
          <beats>9</beats>
          <beat-type>4</beat-type>
        </time>
      </attributes>
      <note default-x="46">
        <pitch>
          <step>E</step>
          <octave>4</octave>
        </pitch>
        <duration>2</duration>
        <voice>1</voice>
        <type>quarter</type>
        <stem default-y="-68">down</stem>
        <lyric default-y="-98" number="2">
          <syllabic>single</syllabic>
          <text>там</text>
        </lyric>
      </note>
      <note default-x="86">
        <pitch>
          <step>G</step>
          <octave>4</octave>
        </pitch>
        <duration>2</duration>
        <voice>1</voice>
        <type>quarter</type>
        <stem default-y="-58">down</stem>
        <lyric default-y="-98" number="2">
          <syllabic>begin</syllabic>
          <text>за</text>
        </lyric>
      </note>
      <direction placement="below">
        <direction-type>
          <words default-y="-50">( )</words>
        </direction-type>
      </direction>
      <note default-x="126">
        <pitch>
          <step>F</step>
          <octave>4</octave>
        </pitch>
        <duration>1</duration>
        <voice>1</voice>
        <type>eighth</type>
        <stem default-y="-75">down</stem>
        <beam number="1">begin</beam>
        <notations>
          <slur bezier-x="5" bezier-y="-10" default-x="1" default-y="-80" number="1" placement="below" type="start"/>
        </notations>
        <lyric default-y="-98" number="2" relative-x="6">
          <syllabic>middle</syllabic>
          <text>цві</text>
        </lyric>
      </note>
      <note default-x="151">
        <pitch>
          <step>D</step>
          <octave>4</octave>
        </pitch>
        <duration>1</duration>
        <voice>1</voice>
        <type>eighth</type>
        <stem default-y="-80">down</stem>
        <beam number="1">end</beam>
        <notations>
          <slur bezier-x="-9" bezier-y="-7" default-x="0" default-y="-85" number="1" type="stop"/>
        </notations>
      </note>
      <direction placement="below">
        <direction-type>
          <words default-y="-52">( )</words>
        </direction-type>
      </direction>
      <note default-x="176">
        <pitch>
          <step>E</step>
          <octave>4</octave>
        </pitch>
        <duration>1</duration>
        <voice>1</voice>
        <type>eighth</type>
        <stem default-y="-80">down</stem>
        <beam number="1">begin</beam>
        <notations>
          <slur bezier-x="5" bezier-y="-10" default-x="1" default-y="-85" number="1" placement="below" type="start"/>
        </notations>
        <lyric default-y="-98" number="2" relative-x="3">
          <syllabic>end</syllabic>
          <text>ла</text>
        </lyric>
      </note>
      <note default-x="200">
        <pitch>
          <step>C</step>
          <octave>4</octave>
        </pitch>
        <duration>1</duration>
        <voice>1</voice>
        <type>eighth</type>
        <stem default-y="-85">down</stem>
        <beam number="1">end</beam>
        <notations>
          <slur bezier-x="-9" bezier-y="-7" default-x="0" default-y="-90" number="1" type="stop"/>
        </notations>
      </note>
      <note default-x="225">
        <pitch>
          <step>D</step>
          <octave>4</octave>
        </pitch>
        <duration>2</duration>
        <voice>1</voice>
        <type>quarter</type>
        <stem default-y="-73">down</stem>
        <notations>
          <slur bezier-x="7" bezier-y="-10" default-x="6" default-y="-63" number="1" placement="below" type="start"/>
        </notations>
      </note>
      <note default-x="265">
        <pitch>
          <step>C</step>
          <octave>4</octave>
        </pitch>
        <duration>2</duration>
        <voice>1</voice>
        <type>quarter</type>
        <stem default-y="-78">down</stem>
        <notations>
          <slur bezier-x="-10" bezier-y="-7" default-x="-5" default-y="-68" number="1" type="stop"/>
        </notations>
      </note>
      <note default-x="305">
        <pitch>
          <step>B</step>
          <octave>3</octave>
        </pitch>
        <duration>2</duration>
        <voice>1</voice>
        <type>quarter</type>
        <stem default-y="-83">down</stem>
        <lyric default-y="-98" number="2">
          <syllabic>begin</syllabic>
          <text>щи</text>
        </lyric>
      </note>
      <note default-x="345">
        <pitch>
          <step>A</step>
          <octave>3</octave>
        </pitch>
        <duration>3</duration>
        <voice>1</voice>
        <type>quarter</type>
        <dot/>
        <stem default-y="-88">down</stem>
        <lyric default-y="-98" number="2" relative-x="6">
          <syllabic>end</syllabic>
          <text>на,/</text>
        </lyric>
      </note>
      <note default-x="398">
        <rest/>
        <duration>1</duration>
        <voice>1</voice>
        <type>eighth</type>
      </note>
    </measure>
    <!--=======================================================-->
    <measure number="3" width="373">
      <print new-system="yes">
        <system-layout>
          <system-distance>77</system-distance>
        </system-layout>
      </print>
      <attributes>
        <time>
          <beats>6</beats>
          <beat-type>4</beat-type>
        </time>
      </attributes>
      <direction placement="above">
        <direction-type>
          <words default-y="26">[Гурт]</words>
        </direction-type>
      </direction>
      <note default-x="84">
        <pitch>
          <step>F</step>
          <octave>4</octave>
        </pitch>
        <duration>2</duration>
        <voice>1</voice>
        <type>quarter</type>
        <stem default-y="0">up</stem>
        <lyric default-y="-97" number="2">
          <syllabic>begin</syllabic>
          <text>за</text>
        </lyric>
      </note>
      <note default-x="133">
        <pitch>
          <step>F</step>
          <octave>4</octave>
        </pitch>
        <duration>2</duration>
        <voice>1</voice>
        <type>quarter</type>
        <stem default-y="0">up</stem>
        <lyric default-y="-97" number="2">
          <syllabic>middle</syllabic>
          <text>бо</text>
        </lyric>
      </note>
      <note default-x="181">
        <pitch>
          <step>F</step>
          <octave>4</octave>
        </pitch>
        <duration>2</duration>
        <voice>1</voice>
        <type>quarter</type>
        <stem default-y="0">up</stem>
        <lyric default-y="-97" number="2">
          <syllabic>end</syllabic>
          <text>лів</text>
        </lyric>
      </note>
      <note default-x="230">
        <pitch>
          <step>E</step>
          <octave>4</octave>
        </pitch>
        <duration>2</duration>
        <voice>1</voice>
        <type>quarter</type>
        <stem default-y="-5">up</stem>
        <lyric default-y="-97" number="2">
          <syllabic>begin</syllabic>
          <text>ко</text>
        </lyric>
      </note>
      <note default-x="278">
        <pitch>
          <step>G</step>
          <octave>4</octave>
        </pitch>
        <duration>3</duration>
        <voice>1</voice>
        <type>quarter</type>
        <dot/>
        <stem default-y="5">up</stem>
        <notations>
          <slur bezier-x="18" bezier-y="10" default-x="18" default-y="-5" number="1" orientation="over" type="start"/>
        </notations>
        <lyric default-y="-97" number="2" relative-x="12">
          <syllabic>end</syllabic>
          <text>зак,/</text>
        </lyric>
      </note>
      <note default-x="343">
        <pitch>
          <step>E</step>
          <octave>4</octave>
        </pitch>
        <duration>1</duration>
        <voice>1</voice>
        <type>eighth</type>
        <stem default-y="-5">up</stem>
        <notations>
          <slur bezier-x="-12" bezier-y="16" default-x="7" default-y="-15" number="1" type="stop"/>
        </notations>
      </note>
      <backup>
        <duration>12</duration>
      </backup>
      <note default-x="84">
        <pitch>
          <step>D</step>
          <octave>4</octave>
        </pitch>
        <duration>2</duration>
        <voice>2</voice>
        <type>quarter</type>
        <stem default-y="-73">down</stem>
      </note>
      <note default-x="133">
        <pitch>
          <step>D</step>
          <octave>4</octave>
        </pitch>
        <duration>2</duration>
        <voice>2</voice>
        <type>quarter</type>
        <stem default-y="-73">down</stem>
      </note>
      <note default-x="181">
        <pitch>
          <step>D</step>
          <octave>4</octave>
        </pitch>
        <duration>2</duration>
        <voice>2</voice>
        <type>quarter</type>
        <stem default-y="-73">down</stem>
      </note>
      <note default-x="230">
        <pitch>
          <step>C</step>
          <octave>4</octave>
        </pitch>
        <duration>2</duration>
        <voice>2</voice>
        <type>quarter</type>
        <stem default-y="-78">down</stem>
      </note>
      <note default-x="278">
        <pitch>
          <step>E</step>
          <octave>4</octave>
        </pitch>
        <duration>3</duration>
        <voice>2</voice>
        <type>quarter</type>
        <dot/>
        <stem default-y="-68">down</stem>
        <notations>
          <slur bezier-x="11" bezier-y="-18" default-x="6" default-y="-58" number="1" placement="below" type="start"/>
        </notations>
      </note>
      <note default-x="343">
        <pitch>
          <step>C</step>
          <octave>4</octave>
        </pitch>
        <duration>1</duration>
        <voice>2</voice>
        <type>eighth</type>
        <stem default-y="-85">down</stem>
        <notations>
          <slur bezier-x="-19" bezier-y="-8" default-x="-5" default-y="-75" number="1" type="stop"/>
        </notations>
      </note>
    </measure>
    <!--=======================================================-->
    <measure number="4" width="466">
      <attributes>
        <time>
          <beats>8</beats>
          <beat-type>4</beat-type>
        </time>
      </attributes>
      <note default-x="46">
        <pitch>
          <step>F</step>
          <octave>4</octave>
        </pitch>
        <duration>2</duration>
        <voice>1</voice>
        <type>quarter</type>
        <stem default-y="0">up</stem>
        <lyric default-y="-97" number="2">
          <syllabic>begin</syllabic>
          <text>за</text>
        </lyric>
      </note>
      <note default-x="94">
        <pitch>
          <step>E</step>
          <octave>4</octave>
        </pitch>
        <duration>2</duration>
        <voice>1</voice>
        <type>quarter</type>
        <stem default-y="-5">up</stem>
        <lyric default-y="-97" number="2">
          <syllabic>middle</syllabic>
          <text>пла</text>
        </lyric>
      </note>
      <note default-x="143">
        <pitch>
          <step>D</step>
          <octave>4</octave>
        </pitch>
        <duration>2</duration>
        <voice>1</voice>
        <type>quarter</type>
        <stem default-y="-10">up</stem>
        <lyric default-y="-97" number="2">
          <syllabic>middle</syllabic>
          <text>ка</text>
        </lyric>
      </note>
      <note default-x="191">
        <pitch>
          <step>A</step>
          <octave>4</octave>
        </pitch>
        <duration>2</duration>
        <voice>1</voice>
        <type>quarter</type>
        <stem default-y="10">up</stem>
        <lyric default-y="-97" number="2" relative-x="3">
          <syllabic>end</syllabic>
          <text>ла</text>
        </lyric>
      </note>
      <direction placement="below">
        <direction-type>
          <words default-y="-25">( )</words>
        </direction-type>
      </direction>
      <note default-x="240">
        <pitch>
          <step>G</step>
          <octave>4</octave>
        </pitch>
        <duration>3</duration>
        <voice>1</voice>
        <type>quarter</type>
        <dot/>
        <stem default-y="5">up</stem>
        <notations>
          <slur bezier-x="18" bezier-y="10" default-x="18" default-y="-5" number="1" orientation="over" type="start"/>
        </notations>
        <lyric default-y="-97" number="2" relative-x="6">
          <syllabic>begin</syllabic>
          <text>дів</text>
        </lyric>
      </note>
      <note default-x="304">
        <pitch>
          <step>E</step>
          <octave>4</octave>
        </pitch>
        <duration>1</duration>
        <voice>1</voice>
        <type>eighth</type>
        <stem default-y="-5">up</stem>
        <notations>
          <slur bezier-x="-12" bezier-y="16" default-x="7" default-y="-15" number="1" type="stop"/>
        </notations>
      </note>
      <note default-x="336">
        <pitch>
          <step>D</step>
          <octave>4</octave>
        </pitch>
        <duration>2</duration>
        <voice>1</voice>
        <type>quarter</type>
        <stem default-y="-10">up</stem>
        <lyric default-y="-97" number="2">
          <syllabic>middle</syllabic>
          <text>чи</text>
        </lyric>
      </note>
      <direction placement="below">
        <direction-type>
          <words default-y="-44">( )</words>
        </direction-type>
      </direction>
      <note default-x="385">
        <pitch>
          <step>A</step>
          <octave>4</octave>
        </pitch>
        <duration>2</duration>
        <voice>1</voice>
        <type>quarter</type>
        <stem default-y="10">up</stem>
        <notations>
          <fermata default-x="-7" default-y="16" type="upright"/>
        </notations>
        <lyric default-y="-97" number="2">
          <syllabic>end</syllabic>
          <text>на./</text>
        </lyric>
      </note>
      <backup>
        <duration>16</duration>
      </backup>
      <note default-x="46">
        <pitch>
          <step>D</step>
          <octave>4</octave>
        </pitch>
        <duration>2</duration>
        <voice>2</voice>
        <type>quarter</type>
        <stem default-y="-73">down</stem>
      </note>
      <note default-x="94">
        <pitch>
          <step>C</step>
          <octave>4</octave>
        </pitch>
        <duration>2</duration>
        <voice>2</voice>
        <type>quarter</type>
        <stem default-y="-78">down</stem>
      </note>
      <note default-x="143">
        <pitch>
          <step>B</step>
          <octave>3</octave>
        </pitch>
        <duration>2</duration>
        <voice>2</voice>
        <type>quarter</type>
        <stem default-y="-83">down</stem>
      </note>
      <note default-x="191">
        <pitch>
          <step>A</step>
          <octave>3</octave>
        </pitch>
        <duration>2</duration>
        <voice>2</voice>
        <type>quarter</type>
        <stem default-y="-88">down</stem>
      </note>
      <note default-x="240">
        <pitch>
          <step>C</step>
          <octave>4</octave>
        </pitch>
        <duration>4</duration>
        <voice>2</voice>
        <type>half</type>
        <stem default-y="-78">down</stem>
      </note>
      <note default-x="336">
        <pitch>
          <step>B</step>
          <octave>3</octave>
        </pitch>
        <duration>2</duration>
        <voice>2</voice>
        <type>quarter</type>
        <stem default-y="-83">down</stem>
      </note>
      <note default-x="385">
        <pitch>
          <step>A</step>
          <octave>3</octave>
        </pitch>
        <duration>2</duration>
        <voice>2</voice>
        <type>quarter</type>
        <stem default-y="-88">down</stem>
      </note>
    </measure>
    <!--=======================================================-->
    <measure number="5" width="839">
      <print new-system="yes"/>
      <attributes>
        <time>
          <beats>6</beats>
          <beat-type>4</beat-type>
        </time>
      </attributes>
      <direction placement="above">
        <direction-type>
          <words default-y="26">[Гурт]</words>
        </direction-type>
      </direction>
      <note default-x="84">
        <pitch>
          <step>F</step>
          <octave>4</octave>
        </pitch>
        <duration>2</duration>
        <voice>1</voice>
        <type>quarter</type>
        <stem default-y="0">up</stem>
        <lyric default-y="-97" number="2">
          <syllabic>begin</syllabic>
          <text>за</text>
        </lyric>
      </note>
      <note default-x="205">
        <pitch>
          <step>F</step>
          <octave>4</octave>
        </pitch>
        <duration>2</duration>
        <voice>1</voice>
        <type>quarter</type>
        <stem default-y="0">up</stem>
        <lyric default-y="-97" number="2">
          <syllabic>middle</syllabic>
          <text>бо</text>
        </lyric>
      </note>
      <note default-x="327">
        <pitch>
          <step>F</step>
          <octave>4</octave>
        </pitch>
        <duration>2</duration>
        <voice>1</voice>
        <type>quarter</type>
        <stem default-y="0">up</stem>
        <lyric default-y="-97" number="2">
          <syllabic>end</syllabic>
          <text>лів</text>
        </lyric>
      </note>
      <note default-x="449">
        <pitch>
          <step>E</step>
          <octave>4</octave>
        </pitch>
        <duration>2</duration>
        <voice>1</voice>
        <type>quarter</type>
        <stem default-y="-5">up</stem>
        <lyric default-y="-97" number="2">
          <syllabic>begin</syllabic>
          <text>ко</text>
        </lyric>
      </note>
      <note default-x="570">
        <pitch>
          <step>G</step>
          <octave>4</octave>
        </pitch>
        <duration>3</duration>
        <voice>1</voice>
        <type>quarter</type>
        <dot/>
        <stem default-y="5">up</stem>
        <notations>
          <slur bezier-x="38" bezier-y="23" default-x="18" default-y="-5" number="1" orientation="over" type="start"/>
        </notations>
        <lyric default-y="-97" number="2" relative-x="12">
          <syllabic>end</syllabic>
          <text>зак,/</text>
        </lyric>
      </note>
      <note default-x="731">
        <pitch>
          <step>E</step>
          <octave>4</octave>
        </pitch>
        <duration>1</duration>
        <voice>1</voice>
        <type>eighth</type>
        <stem default-y="-5">up</stem>
        <notations>
          <slur bezier-x="-35" bezier-y="28" default-x="7" default-y="-15" number="1" type="stop"/>
        </notations>
      </note>
      <backup>
        <duration>12</duration>
      </backup>
      <note default-x="84">
        <pitch>
          <step>D</step>
          <octave>4</octave>
        </pitch>
        <duration>2</duration>
        <voice>2</voice>
        <type>quarter</type>
        <stem default-y="-73">down</stem>
      </note>
      <note default-x="205">
        <pitch>
          <step>D</step>
          <octave>4</octave>
        </pitch>
        <duration>2</duration>
        <voice>2</voice>
        <type>quarter</type>
        <stem default-y="-73">down</stem>
      </note>
      <note default-x="327">
        <pitch>
          <step>D</step>
          <octave>4</octave>
        </pitch>
        <duration>2</duration>
        <voice>2</voice>
        <type>quarter</type>
        <stem default-y="-73">down</stem>
      </note>
      <note default-x="449">
        <pitch>
          <step>C</step>
          <octave>4</octave>
        </pitch>
        <duration>2</duration>
        <voice>2</voice>
        <type>quarter</type>
        <stem default-y="-78">down</stem>
      </note>
      <note default-x="570">
        <pitch>
          <step>E</step>
          <octave>4</octave>
        </pitch>
        <duration>3</duration>
        <voice>2</voice>
        <type>quarter</type>
        <dot/>
        <stem default-y="-68">down</stem>
        <notations>
          <slur bezier-x="34" bezier-y="-30" default-x="6" default-y="-58" number="1" placement="below" type="start"/>
        </notations>
      </note>
      <note default-x="731">
        <pitch>
          <step>C</step>
          <octave>4</octave>
        </pitch>
        <duration>1</duration>
        <voice>2</voice>
        <type>eighth</type>
        <stem default-y="-85">down</stem>
        <notations>
          <slur bezier-x="-39" bezier-y="-22" default-x="-5" default-y="-75" number="1" type="stop"/>
        </notations>
      </note>
    </measure>
    <!--=======================================================-->
    <measure number="6" width="350">
      <print new-system="yes">
        <system-layout>
          <system-distance>84</system-distance>
        </system-layout>
      </print>
      <attributes>
        <time>
          <beats>8</beats>
          <beat-type>4</beat-type>
        </time>
      </attributes>
      <note default-x="84">
        <pitch>
          <step>A</step>
          <octave>4</octave>
        </pitch>
        <duration>2</duration>
        <voice>1</voice>
        <type>quarter</type>
        <stem default-y="10">up</stem>
      </note>
      <note default-x="166">
        <pitch>
          <step>A</step>
          <octave>4</octave>
        </pitch>
        <duration>1</duration>
        <voice>1</voice>
        <type>eighth</type>
        <stem default-y="10">up</stem>
        <beam number="1">begin</beam>
        <notations>
          <slur bezier-x="15" bezier-y="11" default-x="13" default-y="15" number="1" placement="above" type="start"/>
        </notations>
      </note>
      <note default-x="217">
        <pitch>
          <step>E</step>
          <octave>4</octave>
        </pitch>
        <duration>1</duration>
        <voice>1</voice>
        <type>eighth</type>
        <stem default-y="5">up</stem>
        <beam number="1">end</beam>
        <notations>
          <slur bezier-x="-13" bezier-y="14" default-x="12" default-y="10" number="1" type="stop"/>
        </notations>
      </note>
      <note default-x="268">
        <pitch>
          <step>D</step>
          <octave>4</octave>
        </pitch>
        <duration>2</duration>
        <voice>1</voice>
        <type>quarter</type>
        <stem default-y="-10">up</stem>
      </note>
      <backup>
        <duration>6</duration>
      </backup>
      <note default-x="84">
        <pitch>
          <step>D</step>
          <octave>4</octave>
        </pitch>
        <duration>2</duration>
        <voice>2</voice>
        <type>quarter</type>
        <stem default-y="-73">down</stem>
      </note>
      <note default-x="84">
        <chord/>
        <pitch>
          <step>F</step>
          <octave>4</octave>
        </pitch>
        <duration>2</duration>
        <voice>2</voice>
        <type>quarter</type>
        <stem>down</stem>
      </note>
      <note default-x="166">
        <pitch>
          <step>C</step>
          <octave>4</octave>
        </pitch>
        <duration>2</duration>
        <voice>2</voice>
        <type>quarter</type>
        <stem default-y="-78">down</stem>
      </note>
      <note default-x="166">
        <chord/>
        <pitch>
          <step>E</step>
          <octave>4</octave>
        </pitch>
        <duration>2</duration>
        <voice>2</voice>
        <type>quarter</type>
        <stem>down</stem>
      </note>
      <note default-x="268">
        <pitch>
          <step>B</step>
          <octave>3</octave>
        </pitch>
        <duration>2</duration>
        <voice>2</voice>
        <type>quarter</type>
        <stem default-y="-83">down</stem>
      </note>
      <barline location="right">
        <bar-style>none</bar-style>
      </barline>
    </measure>
    <!--=======================================================-->
    <measure number="7" width="290">
      <note default-x="16">
        <pitch>
          <step>A</step>
          <octave>4</octave>
        </pitch>
        <duration>3</duration>
        <voice>1</voice>
        <type>quarter</type>
        <dot/>
        <stem default-y="10">up</stem>
        <notations>
          <slur bezier-x="34" bezier-y="20" default-x="18" default-y="3" number="1" orientation="over" type="start"/>
        </notations>
      </note>
      <note default-x="148">
        <pitch>
          <step>E</step>
          <octave>4</octave>
        </pitch>
        <duration>1</duration>
        <voice>1</voice>
        <type>eighth</type>
        <stem default-y="-5">up</stem>
        <notations>
          <slur bezier-x="-26" bezier-y="29" default-x="7" default-y="-15" number="1" type="stop"/>
        </notations>
      </note>
      <note default-x="203">
        <pitch>
          <step>D</step>
          <octave>4</octave>
        </pitch>
        <duration>2</duration>
        <voice>1</voice>
        <type>quarter</type>
        <stem default-y="-10">up</stem>
      </note>
      <backup>
        <duration>6</duration>
      </backup>
      <note default-x="16">
        <pitch>
          <step>C</step>
          <octave>4</octave>
        </pitch>
        <duration>2</duration>
        <voice>2</voice>
        <type>quarter</type>
        <stem default-y="-78">down</stem>
        <notations>
          <slur bezier-x="23" bezier-y="-15" default-x="6" default-y="-68" number="1" placement="below" type="start"/>
        </notations>
      </note>
      <note default-x="104">
        <pitch>
          <step>E</step>
          <octave>4</octave>
        </pitch>
        <duration>2</duration>
        <voice>2</voice>
        <type>quarter</type>
        <stem default-y="-68">down</stem>
        <notations>
          <slur bezier-x="-18" bezier-y="-20" default-x="-5" default-y="-58" number="1" type="stop"/>
        </notations>
      </note>
      <note default-x="203">
        <pitch>
          <step>B</step>
          <octave>3</octave>
        </pitch>
        <duration>2</duration>
        <voice>2</voice>
        <type>quarter</type>
        <stem default-y="-83">down</stem>
      </note>
      <backup>
        <duration>6</duration>
      </backup>
      <note default-x="28">
        <pitch>
          <step>C</step>
          <octave>4</octave>
        </pitch>
        <duration>4</duration>
        <voice>3</voice>
        <type>half</type>
        <stem default-y="-15">up</stem>
      </note>
      <forward>
        <duration>2</duration>
        <voice>3</voice>
      </forward>
      <barline location="right">
        <bar-style>none</bar-style>
      </barline>
    </measure>
    <!--=======================================================-->
    <measure number="8" width="199">
      <note default-x="16">
        <pitch>
          <step>B</step>
          <octave>4</octave>
        </pitch>
        <duration>2</duration>
        <voice>1</voice>
        <type>quarter</type>
        <stem default-y="15">up</stem>
      </note>
      <note default-x="103">
        <pitch>
          <step>A</step>
          <octave>4</octave>
        </pitch>
        <duration>2</duration>
        <voice>1</voice>
        <type>quarter</type>
        <stem default-y="10">up</stem>
        <notations>
          <fermata default-x="-7" default-y="16" type="upright"/>
        </notations>
      </note>
      <backup>
        <duration>4</duration>
      </backup>
      <note default-x="16">
        <pitch>
          <step>B</step>
          <octave>3</octave>
        </pitch>
        <duration>2</duration>
        <voice>2</voice>
        <type>quarter</type>
        <stem default-y="-83">down</stem>
      </note>
      <note default-x="103">
        <pitch>
          <step>A</step>
          <octave>3</octave>
        </pitch>
        <duration>2</duration>
        <voice>2</voice>
        <type>quarter</type>
        <stem default-y="-88">down</stem>
      </note>
      <barline location="right">
        <bar-style>light-heavy</bar-style>
      </barline>
    </measure>
  </part>
  <!--=========================================================-->
</score-partwise>
