<?xml version="1.0" encoding="UTF-8" standalone="no"?>
<!DOCTYPE score-partwise PUBLIC "-//Recordare//DTD MusicXML 4.0 Partwise//EN" "http://www.musicxml.org/dtds/partwise.dtd">
<score-partwise version="4.0">
  <identification>
    <encoding>
      <software>Finale v27.3 for Windows</software>
      <encoding-date>2024-08-14</encoding-date>
      <supports attribute="new-system" element="print" type="yes" value="yes"/>
      <supports attribute="new-page" element="print" type="yes" value="yes"/>
      <supports element="accidental" type="yes"/>
      <supports element="beam" type="yes"/>
      <supports element="stem" type="yes"/>
    </encoding>
  </identification>
  <defaults>
    <scaling>
      <millimeters>8.4667</millimeters>
      <tenths>40</tenths>
    </scaling>
    <page-layout>
      <page-height>1320</page-height>
      <page-width>1020</page-width>
      <page-margins type="both">
        <left-margin>60</left-margin>
        <right-margin>60</right-margin>
        <top-margin>60</top-margin>
        <bottom-margin>60</bottom-margin>
      </page-margins>
    </page-layout>
    <system-layout>
      <system-margins>
        <left-margin>0</left-margin>
        <right-margin>0</right-margin>
      </system-margins>
      <system-distance>110</system-distance>
      <top-system-distance>67</top-system-distance>
    </system-layout>
    <appearance>
      <line-width type="stem">0.7682</line-width>
      <line-width type="beam">5</line-width>
      <line-width type="staff">0.7682</line-width>
      <line-width type="light barline">0.7682</line-width>
      <line-width type="heavy barline">5</line-width>
      <line-width type="leger">0.7682</line-width>
      <line-width type="ending">0.7682</line-width>
      <line-width type="wedge">0.7682</line-width>
      <line-width type="enclosure">0.7682</line-width>
      <line-width type="tuplet bracket">0.7682</line-width>
      <note-size type="grace">50</note-size>
      <note-size type="cue">50</note-size>
      <distance type="hyphen">60</distance>
      <distance type="beam">7.5</distance>
    </appearance>
    <music-font font-family="Finale Maestro,engraved" font-size="24"/>
    <word-font font-family="Times New Roman" font-size="12"/>
    <lyric-font font-family="Times New Roman" font-size="12"/>
  </defaults>
  <credit page="1">
    <credit-words default-x="127" default-y="667" valign="top" xml:space="preserve">Зап. 1971 р. Струтинський О. Д. від Осінської Броніслави Мартинівни з м. Шепетівка Шепетів-
ського р-ну Хмельницької обл. – ІМФЕ, ф. 14-3, од. зб. 860, арк. 233. Вар. зап. 1987 р. Гримич М. 
у с. Мокіївці Шепетівського р-ну Хмельницької обл. від Уланової Г. С., Захарець О. Р.  – ІМФЕ, 
ф. 14-5, од. зб. 508, арк. 13, плівка ф. 14-10, од. зб. 1676. Мел. ред. Єфремова Л. О.</credit-words>
  </credit>
  <credit page="1">
    <credit-words default-x="166" default-y="937" font-size="17" valign="top" xml:space="preserve">1. – Червона калино,
Чого в лузі стоїш, да гей,
Чого в лузі стоїш,
Чом не процвітаєш?
2. Чого в лузі стоїш,
Чом не процвітаєш, да гей,
Чи сонця боїся,
Чи дощу чекаєш?</credit-words>
  </credit>
  <credit page="1">
    <credit-words default-x="605" default-y="939" font-size="17" valign="top" xml:space="preserve">3. – Сонця не боюся,
Дощу не чекаю, да гей,
Стою та й думаю,
Що зацвісти маю.
4. Зацвіту біленько, –
Мене люди знають, да гей,
Зацвіту червоно, –
З гіллям обламають.</credit-words>
  </credit>
  <credit page="1">
    <credit-words default-x="528" default-y="41" valign="top">385</credit-words>
  </credit>
  <credit page="1">
    <credit-words default-x="248" default-y="1203" valign="top">Помірно</credit-words>
  </credit>
  <credit page="1">
    <credit-words default-x="359" default-y="1240" font-size="19" valign="top">547. Червона калино (09-БК-05?)</credit-words>
  </credit>
  <part-list>
    <score-part id="P1">
      <part-name print-object="no">MusicXML Part</part-name>
      <group>score</group>
      <score-instrument id="P1-I1">
        <instrument-name>Čķńņšóģåķņ 1</instrument-name>
      </score-instrument>
      <midi-instrument id="P1-I1">
        <midi-channel>1</midi-channel>
        <midi-program>1</midi-program>
        <volume>80</volume>
        <pan>0</pan>
      </midi-instrument>
    </score-part>
  </part-list>
  <!--=========================================================-->
  <part id="P1">
    <measure number="1" width="392">
      <print>
        <page-layout>
          <page-height>1320</page-height>
          <page-width>1020</page-width>
          <page-margins>
            <left-margin>121</left-margin>
            <right-margin>60</right-margin>
            <top-margin>60</top-margin>
            <bottom-margin>60</bottom-margin>
          </page-margins>
        </page-layout>
        <system-layout>
          <system-margins>
            <left-margin>24</left-margin>
            <right-margin>0</right-margin>
          </system-margins>
          <top-system-distance>88</top-system-distance>
        </system-layout>
        <measure-numbering>none</measure-numbering>
      </print>
      <attributes>
        <divisions>4</divisions>
        <key>
          <fifths>2</fifths>
          <mode>major</mode>
        </key>
        <time symbol="common">
          <beats>4</beats>
          <beat-type>4</beat-type>
        </time>
        <clef>
          <sign>G</sign>
          <line>2</line>
        </clef>
      </attributes>
      <sound tempo="96">
        <swing>
          <straight/>
        </swing>
      </sound>
      <note default-x="123">
        <pitch>
          <step>A</step>
          <octave>3</octave>
        </pitch>
        <duration>2</duration>
        <voice>1</voice>
        <type>eighth</type>
        <stem default-y="-20">up</stem>
        <lyric default-y="-75" number="3" relative-x="9">
          <syllabic>single</syllabic>
          <text>1.</text>
          <elision> </elision>
          <syllabic>single</syllabic>
          <text>–</text>
          <elision> </elision>
          <syllabic>begin</syllabic>
          <text>Чер</text>
        </lyric>
      </note>
      <note default-x="185">
        <pitch>
          <step>D</step>
          <octave>4</octave>
        </pitch>
        <duration>2</duration>
        <voice>1</voice>
        <type>eighth</type>
        <stem default-y="-10">up</stem>
        <lyric default-y="-75" number="3">
          <syllabic>middle</syllabic>
          <text>во</text>
        </lyric>
      </note>
      <note default-x="219">
        <pitch>
          <step>D</step>
          <octave>4</octave>
        </pitch>
        <duration>2</duration>
        <voice>1</voice>
        <type>eighth</type>
        <stem default-y="-10">up</stem>
        <lyric default-y="-75" number="3">
          <syllabic>end</syllabic>
          <text>на</text>
        </lyric>
      </note>
      <note default-x="253">
        <pitch>
          <step>E</step>
          <octave>4</octave>
        </pitch>
        <duration>2</duration>
        <voice>1</voice>
        <type>eighth</type>
        <stem default-y="-5">up</stem>
        <lyric default-y="-75" number="3">
          <syllabic>begin</syllabic>
          <text>ка</text>
        </lyric>
      </note>
      <note default-x="288">
        <pitch>
          <step>F</step>
          <alter>1</alter>
          <octave>4</octave>
        </pitch>
        <duration>3</duration>
        <voice>1</voice>
        <type>eighth</type>
        <dot/>
        <stem default-y="0">up</stem>
        <beam number="1">begin</beam>
        <notations>
          <slur bezier-x="8" bezier-y="-11" default-x="6" default-y="-45" number="1" placement="below" type="start"/>
        </notations>
        <lyric default-y="-75" number="3">
          <syllabic>middle</syllabic>
          <text>ли</text>
        </lyric>
      </note>
      <note default-x="321">
        <pitch>
          <step>E</step>
          <octave>4</octave>
        </pitch>
        <duration>1</duration>
        <voice>1</voice>
        <type>16th</type>
        <stem default-y="-5">up</stem>
        <beam number="1">end</beam>
        <beam number="2">backward hook</beam>
        <notations>
          <slur bezier-x="-11" bezier-y="-8" default-x="6" default-y="-50" number="1" type="stop"/>
        </notations>
      </note>
      <note default-x="341">
        <pitch>
          <step>D</step>
          <octave>4</octave>
        </pitch>
        <duration>2</duration>
        <voice>1</voice>
        <type>eighth</type>
        <stem default-y="-10">up</stem>
        <beam number="1">begin</beam>
        <notations>
          <slur bezier-x="3" bezier-y="-12" default-x="6" default-y="-55" number="1" placement="below" type="start"/>
        </notations>
        <lyric default-y="-75" number="3" relative-x="9">
          <syllabic>end</syllabic>
          <text>но,/</text>
        </lyric>
      </note>
      <note default-x="367">
        <pitch>
          <step>A</step>
          <octave>3</octave>
        </pitch>
        <duration>2</duration>
        <voice>1</voice>
        <type>eighth</type>
        <stem default-y="-15">up</stem>
        <beam number="1">end</beam>
        <notations>
          <slur bezier-x="-12" bezier-y="-3" default-x="6" default-y="-70" number="1" type="stop"/>
        </notations>
      </note>
    </measure>
    <!--=======================================================-->
    <measure number="2" width="283">
      <note default-x="16">
        <pitch>
          <step>A</step>
          <octave>3</octave>
        </pitch>
        <duration>2</duration>
        <voice>1</voice>
        <type>eighth</type>
        <stem default-y="-20">up</stem>
        <lyric default-y="-75" number="3">
          <syllabic>begin</syllabic>
          <text>чо</text>
        </lyric>
      </note>
      <note default-x="49">
        <pitch>
          <step>D</step>
          <octave>4</octave>
        </pitch>
        <duration>2</duration>
        <voice>1</voice>
        <type>eighth</type>
        <stem default-y="-10">up</stem>
        <lyric default-y="-75" number="3">
          <syllabic>end</syllabic>
          <text>го</text>
        </lyric>
      </note>
      <note default-x="88">
        <pitch>
          <step>D</step>
          <octave>4</octave>
        </pitch>
        <duration>2</duration>
        <voice>1</voice>
        <type>eighth</type>
        <stem default-y="-10">up</stem>
        <lyric default-y="-75" number="3">
          <syllabic>single</syllabic>
          <text>в</text>
          <elision> </elision>
          <syllabic>begin</syllabic>
          <text>лу</text>
        </lyric>
      </note>
      <note default-x="124">
        <pitch>
          <step>E</step>
          <octave>4</octave>
        </pitch>
        <duration>2</duration>
        <voice>1</voice>
        <type>eighth</type>
        <stem default-y="-5">up</stem>
        <lyric default-y="-75" number="3">
          <syllabic>end</syllabic>
          <text>зі</text>
        </lyric>
      </note>
      <note default-x="156">
        <pitch>
          <step>F</step>
          <alter>1</alter>
          <octave>4</octave>
        </pitch>
        <duration>3</duration>
        <voice>1</voice>
        <type>eighth</type>
        <dot/>
        <stem default-y="0">up</stem>
        <beam number="1">begin</beam>
        <notations>
          <slur bezier-x="9" bezier-y="-12" default-x="6" default-y="-45" number="1" placement="below" type="start"/>
        </notations>
        <lyric default-y="-75" number="3" relative-x="7">
          <syllabic>begin</syllabic>
          <text>сто</text>
        </lyric>
      </note>
      <note default-x="192">
        <pitch>
          <step>E</step>
          <octave>4</octave>
        </pitch>
        <duration>1</duration>
        <voice>1</voice>
        <type>16th</type>
        <stem default-y="-5">up</stem>
        <beam number="1">end</beam>
        <beam number="2">backward hook</beam>
        <notations>
          <slur bezier-x="-12" bezier-y="-9" default-x="6" default-y="-50" number="1" type="stop"/>
        </notations>
      </note>
      <note default-x="215">
        <pitch>
          <step>D</step>
          <octave>4</octave>
        </pitch>
        <duration>2</duration>
        <voice>1</voice>
        <type>eighth</type>
        <stem default-y="-10">up</stem>
        <lyric default-y="-75" number="3">
          <syllabic>end</syllabic>
          <text>їш,</text>
        </lyric>
      </note>
      <note default-x="250">
        <pitch>
          <step>D</step>
          <octave>4</octave>
        </pitch>
        <duration>2</duration>
        <voice>1</voice>
        <type>eighth</type>
        <stem default-y="-10">up</stem>
        <lyric default-y="-75" number="3">
          <syllabic>single</syllabic>
          <text>да</text>
        </lyric>
      </note>
    </measure>
    <!--=======================================================-->
    <measure number="3" width="140">
      <attributes>
        <time>
          <beats>2</beats>
          <beat-type>4</beat-type>
        </time>
      </attributes>
      <note default-x="46">
        <pitch>
          <step>G</step>
          <octave>4</octave>
        </pitch>
        <duration>8</duration>
        <voice>1</voice>
        <type>half</type>
        <stem default-y="15">up</stem>
        <lyric default-y="-75" number="3">
          <syllabic>single</syllabic>
          <text>гей,/</text>
        </lyric>
      </note>
      <note default-x="46">
        <chord/>
        <pitch>
          <step>B</step>
          <octave>4</octave>
        </pitch>
        <duration>8</duration>
        <voice>1</voice>
        <type>half</type>
        <stem>up</stem>
      </note>
      <barline location="right">
        <bar-style>none</bar-style>
      </barline>
    </measure>
    <!--=======================================================-->
    <measure number="4" width="476">
      <print new-system="yes">
        <system-layout>
          <system-distance>73</system-distance>
        </system-layout>
      </print>
      <attributes>
        <time symbol="common">
          <beats>4</beats>
          <beat-type>4</beat-type>
        </time>
      </attributes>
      <note default-x="120">
        <pitch>
          <step>E</step>
          <octave>4</octave>
        </pitch>
        <duration>2</duration>
        <voice>1</voice>
        <type>eighth</type>
        <stem default-y="5">up</stem>
        <lyric default-y="-80" number="1">
          <syllabic>begin</syllabic>
          <text>чо</text>
        </lyric>
      </note>
      <note default-x="120">
        <chord/>
        <pitch>
          <step>G</step>
          <octave>4</octave>
        </pitch>
        <duration>2</duration>
        <voice>1</voice>
        <type>eighth</type>
        <stem>up</stem>
      </note>
      <note default-x="167">
        <pitch>
          <step>F</step>
          <alter>1</alter>
          <octave>4</octave>
        </pitch>
        <duration>2</duration>
        <voice>1</voice>
        <type>eighth</type>
        <stem default-y="10">up</stem>
        <lyric default-y="-80" number="1">
          <syllabic>end</syllabic>
          <text>го</text>
        </lyric>
      </note>
      <note default-x="167">
        <chord/>
        <pitch>
          <step>A</step>
          <octave>4</octave>
        </pitch>
        <duration>2</duration>
        <voice>1</voice>
        <type>eighth</type>
        <stem>up</stem>
      </note>
      <note default-x="213">
        <pitch>
          <step>G</step>
          <octave>4</octave>
        </pitch>
        <duration>2</duration>
        <voice>1</voice>
        <type>eighth</type>
        <stem default-y="15">up</stem>
        <lyric default-y="-80" number="1">
          <syllabic>single</syllabic>
          <text>в</text>
          <elision> </elision>
          <syllabic>begin</syllabic>
          <text>лу</text>
        </lyric>
      </note>
      <note default-x="213">
        <chord/>
        <pitch>
          <step>B</step>
          <octave>4</octave>
        </pitch>
        <duration>2</duration>
        <voice>1</voice>
        <type>eighth</type>
        <stem>up</stem>
      </note>
      <note default-x="260">
        <pitch>
          <step>E</step>
          <octave>4</octave>
        </pitch>
        <duration>2</duration>
        <voice>1</voice>
        <type>eighth</type>
        <stem default-y="5">up</stem>
        <lyric default-y="-80" number="1">
          <syllabic>end</syllabic>
          <text>зі</text>
        </lyric>
      </note>
      <note default-x="260">
        <chord/>
        <pitch>
          <step>G</step>
          <octave>4</octave>
        </pitch>
        <duration>2</duration>
        <voice>1</voice>
        <type>eighth</type>
        <stem>up</stem>
      </note>
      <note default-x="307">
        <pitch>
          <step>D</step>
          <octave>4</octave>
        </pitch>
        <duration>4</duration>
        <voice>1</voice>
        <type>quarter</type>
        <stem default-y="0">up</stem>
        <notations>
          <slur bezier-x="23" bezier-y="-14" default-x="6" default-y="-55" number="1" placement="below" type="start"/>
        </notations>
        <lyric default-y="-80" number="1" relative-x="7">
          <syllabic>begin</syllabic>
          <text>сто</text>
        </lyric>
      </note>
      <note default-x="307">
        <chord/>
        <pitch>
          <step>F</step>
          <alter>1</alter>
          <octave>4</octave>
        </pitch>
        <duration>4</duration>
        <voice>1</voice>
        <type>quarter</type>
        <stem>up</stem>
      </note>
      <note default-x="382">
        <pitch>
          <step>G</step>
          <octave>4</octave>
        </pitch>
        <duration>2</duration>
        <voice>1</voice>
        <type>eighth</type>
        <stem default-y="15">up</stem>
        <notations>
          <slur bezier-x="-18" bezier-y="-20" default-x="6" default-y="-43" number="1" type="stop"/>
        </notations>
      </note>
      <note default-x="382">
        <chord/>
        <pitch>
          <step>B</step>
          <octave>4</octave>
        </pitch>
        <duration>2</duration>
        <voice>1</voice>
        <type>eighth</type>
        <stem>up</stem>
      </note>
      <note default-x="428">
        <pitch>
          <step>F</step>
          <alter>1</alter>
          <octave>4</octave>
        </pitch>
        <duration>2</duration>
        <voice>1</voice>
        <type>eighth</type>
        <stem default-y="10">up</stem>
        <lyric default-y="-80" number="1">
          <syllabic>end</syllabic>
          <text>їш,/</text>
        </lyric>
      </note>
      <note default-x="428">
        <chord/>
        <pitch>
          <step>A</step>
          <octave>4</octave>
        </pitch>
        <duration>2</duration>
        <voice>1</voice>
        <type>eighth</type>
        <stem>up</stem>
      </note>
    </measure>
    <!--=======================================================-->
    <measure number="5" width="363">
      <note default-x="13">
        <pitch>
          <step>E</step>
          <octave>4</octave>
        </pitch>
        <duration>2</duration>
        <voice>1</voice>
        <type>eighth</type>
        <stem default-y="5">up</stem>
        <lyric default-y="-80" number="1">
          <syllabic>single</syllabic>
          <text>чом</text>
        </lyric>
      </note>
      <note default-x="13">
        <chord/>
        <pitch>
          <step>G</step>
          <octave>4</octave>
        </pitch>
        <duration>2</duration>
        <voice>1</voice>
        <type>eighth</type>
        <stem>up</stem>
      </note>
      <note default-x="58">
        <pitch>
          <step>E</step>
          <octave>4</octave>
        </pitch>
        <duration>2</duration>
        <voice>1</voice>
        <type>eighth</type>
        <stem default-y="5">up</stem>
        <lyric default-y="-80" number="1">
          <syllabic>single</syllabic>
          <text>не</text>
        </lyric>
      </note>
      <note default-x="58">
        <chord/>
        <pitch>
          <step>G</step>
          <octave>4</octave>
        </pitch>
        <duration>2</duration>
        <voice>1</voice>
        <type>eighth</type>
        <stem>up</stem>
      </note>
      <note default-x="103">
        <pitch>
          <step>E</step>
          <octave>4</octave>
        </pitch>
        <duration>2</duration>
        <voice>1</voice>
        <type>eighth</type>
        <stem default-y="5">up</stem>
        <lyric default-y="-80" number="1">
          <syllabic>begin</syllabic>
          <text>про</text>
        </lyric>
      </note>
      <note default-x="103">
        <chord/>
        <pitch>
          <step>G</step>
          <octave>4</octave>
        </pitch>
        <duration>2</duration>
        <voice>1</voice>
        <type>eighth</type>
        <stem>up</stem>
      </note>
      <note default-x="147">
        <pitch>
          <step>D</step>
          <octave>4</octave>
        </pitch>
        <duration>2</duration>
        <voice>1</voice>
        <type>eighth</type>
        <stem default-y="0">up</stem>
        <lyric default-y="-80" number="1">
          <syllabic>middle</syllabic>
          <text>цві</text>
        </lyric>
      </note>
      <note default-x="147">
        <chord/>
        <pitch>
          <step>F</step>
          <alter>1</alter>
          <octave>4</octave>
        </pitch>
        <duration>2</duration>
        <voice>1</voice>
        <type>eighth</type>
        <stem>up</stem>
      </note>
      <note default-x="192">
        <pitch>
          <step>C</step>
          <alter>1</alter>
          <octave>4</octave>
        </pitch>
        <duration>2</duration>
        <voice>1</voice>
        <type>eighth</type>
        <stem default-y="-5">up</stem>
        <beam number="1">begin</beam>
        <notations>
          <slur bezier-x="12" bezier-y="-13" default-x="6" default-y="-60" number="1" placement="below" type="start"/>
        </notations>
        <lyric default-y="-80" number="1">
          <syllabic>middle</syllabic>
          <text>та</text>
        </lyric>
      </note>
      <note default-x="192">
        <chord/>
        <pitch>
          <step>E</step>
          <octave>4</octave>
        </pitch>
        <duration>2</duration>
        <voice>1</voice>
        <type>eighth</type>
        <stem>up</stem>
      </note>
      <note default-x="237">
        <pitch>
          <step>B</step>
          <octave>3</octave>
        </pitch>
        <duration>2</duration>
        <voice>1</voice>
        <type>eighth</type>
        <stem default-y="-10">up</stem>
        <beam number="1">end</beam>
        <notations>
          <slur bezier-x="-14" bezier-y="-10" default-x="6" default-y="-65" number="1" type="stop"/>
        </notations>
      </note>
      <note default-x="237">
        <chord/>
        <pitch>
          <step>D</step>
          <octave>4</octave>
        </pitch>
        <duration>2</duration>
        <voice>1</voice>
        <type>eighth</type>
        <stem>up</stem>
      </note>
      <note default-x="281">
        <pitch>
          <step>A</step>
          <octave>3</octave>
        </pitch>
        <duration>4</duration>
        <voice>1</voice>
        <type>quarter</type>
        <stem default-y="10">up</stem>
        <notations>
          <fermata default-x="-7" default-y="-84" type="inverted"/>
        </notations>
        <lyric default-y="-80" number="1">
          <syllabic>end</syllabic>
          <text>єш?</text>
        </lyric>
      </note>
      <note default-x="281">
        <chord/>
        <pitch>
          <step>A</step>
          <octave>4</octave>
        </pitch>
        <duration>4</duration>
        <voice>1</voice>
        <type>quarter</type>
        <stem>up</stem>
      </note>
      <barline location="right">
        <bar-style>light-heavy</bar-style>
      </barline>
    </measure>
  </part>
  <!--=========================================================-->
</score-partwise>
