<?xml version="1.0" encoding="UTF-8" standalone="no"?>
<!DOCTYPE score-partwise PUBLIC "-//Recordare//DTD MusicXML 4.0 Partwise//EN" "http://www.musicxml.org/dtds/partwise.dtd">
<score-partwise version="4.0">
  <identification>
    <encoding>
      <software>Finale v27.3 for Windows</software>
      <encoding-date>2024-08-15</encoding-date>
      <supports attribute="new-system" element="print" type="yes" value="yes"/>
      <supports attribute="new-page" element="print" type="yes" value="yes"/>
      <supports element="accidental" type="yes"/>
      <supports element="beam" type="yes"/>
      <supports element="stem" type="yes"/>
    </encoding>
  </identification>
  <defaults>
    <scaling>
      <millimeters>8.4667</millimeters>
      <tenths>40</tenths>
    </scaling>
    <page-layout>
      <page-height>1320</page-height>
      <page-width>1020</page-width>
      <page-margins type="both">
        <left-margin>60</left-margin>
        <right-margin>60</right-margin>
        <top-margin>60</top-margin>
        <bottom-margin>60</bottom-margin>
      </page-margins>
    </page-layout>
    <system-layout>
      <system-margins>
        <left-margin>0</left-margin>
        <right-margin>0</right-margin>
      </system-margins>
      <system-distance>110</system-distance>
      <top-system-distance>67</top-system-distance>
    </system-layout>
    <appearance>
      <line-width type="stem">0.7682</line-width>
      <line-width type="beam">5</line-width>
      <line-width type="staff">0.7682</line-width>
      <line-width type="light barline">0.7682</line-width>
      <line-width type="heavy barline">5</line-width>
      <line-width type="leger">0.7682</line-width>
      <line-width type="ending">0.7682</line-width>
      <line-width type="wedge">0.7682</line-width>
      <line-width type="enclosure">0.7682</line-width>
      <line-width type="tuplet bracket">0.7682</line-width>
      <note-size type="grace">50</note-size>
      <note-size type="cue">50</note-size>
      <distance type="hyphen">60</distance>
      <distance type="beam">7.5</distance>
    </appearance>
    <music-font font-family="Finale Maestro,engraved" font-size="24"/>
    <word-font font-family="Times New Roman" font-size="12"/>
    <lyric-font font-family="Times New Roman" font-size="12"/>
  </defaults>
  <credit page="1">
    <credit-words default-x="332" default-y="1285" font-size="18" valign="top">524. Ой на горі сосна (08-БК-04)</credit-words>
  </credit>
  <credit page="1">
    <credit-words default-x="282" default-y="1251" valign="top">Помірно</credit-words>
  </credit>
  <credit page="1">
    <credit-words default-x="117" default-y="1008" font-size="14" valign="top" xml:space="preserve">1. Ой на горі сосна,
На долині коршма,
А в тії коршмоньці
П'є три чужоземці.
2. Їден чужоземец
Ой п'є та гуляє,
Другий чужоземец
На скрипочку грає.
3. Другий чужоземец
На скрипочку грає,
Третий чужоземец
Гандзю підмовляє:
4. – Ходи, Гандзю, з нами,
З нами чужинцями, –
Буде тобі лучче,
Як у твої мами.
5. Ой ти в мами ходиш
В чорні[й] сердочині,
В нас будеш ходити
В срібнім кормазині.
6. Ой ти в мами ходиш 
Боса на морозі,
В нас будеш ходити
Взута на підлозі.</credit-words>
    <credit-words font-size="17" xml:space="preserve"> 
</credit-words>
  </credit>
  <credit page="1">
    <credit-words default-x="525" default-y="45" valign="top">369</credit-words>
  </credit>
  <credit page="1">
    <credit-words default-x="433" default-y="995" font-size="14" valign="top" xml:space="preserve">7. Ой привезли Гандзю
До білого жита:
– Вернися, Ганнусю,
Бігме *, будеш бита.
8. – Ой я не вернуся, –
Батечка боюся,
Кого вірно люблю,
Того тримаюся. 
9. Ой привезли Гандзю
К Дунаю до кладки:
– Ой вернися, Гандзю,
До рідної матки.
10. – Ой я не вернуся,
Матінки боюся,
Кого сподобала,
Того тримаюся.
11. Ой привезли Гандзю
Д’ зеленого дуба:
– Вернися, Ганнусю:
Ти наша нелюба.
12. – Ой я не вернуся,
Бо роду боюся,
Кого сподобала,
Того тримаюся.</credit-words>
  </credit>
  <credit page="1">
    <credit-words default-x="753" default-y="997" font-size="14" valign="top" xml:space="preserve">13. Прив'язали Гандзю
До сосни плечима,
До сосни плечима,
В темний ліс очима.
14. Викресали вогню
З чорного креміння,
Підпалили сосну
З верха до коріння.
15. Як соснонька тліє,
Ганнусенька мліє,
Як сосна палає, –
Ганнуся вмерає.
16. Ой на сосні горит,
Ганнуся говорит:
– Хто в полі ночує,
Най мій голос чує. 
17. Ой хто діти має,
Той най научає,
Най по захід сонця
В коршму не пускає.
18. Мене мати мала.
Та й в коршму пускала,
Тепер через неї
Дарма пропадаю.</credit-words>
  </credit>
  <credit page="1">
    <credit-words default-x="113" default-y="211" valign="top" xml:space="preserve">Зап. 1918 р. Постоловський А. у с. Чорнокозинці Кам'янець-Подільського р-ну – ІМФЕ, ф. 6-4, од. 
зб. 119, арк. 57, № 32. Вар. 1 зап. 1927-1928 рр. Харків В. Й. у с. Ісаківці Жванецького р-ну Кам’я-
нецької окр. (нині Кам’янець-Подільського р-ну.). – ІМФЕ, ф.6-3, од.зб. 77, арк. 118 (96), № 28. 
Вар. 2 зап. Кісільов Г. А. у м. Полонне Полонського р-ну Хмельницької обл. від Лізавети Бригуко-
вої. – ІМФЕ, ф. 6-5, од. зб. 205, № 6.</credit-words>
  </credit>
  <credit page="1">
    <credit-words default-x="116" default-y="75" valign="top">* Бігме – Їй Богу.</credit-words>
  </credit>
  <part-list>
    <score-part id="P1">
      <part-name print-object="no">MusicXML Part</part-name>
      <group>score</group>
      <score-instrument id="P1-I1">
        <instrument-name>Čķńņšóģåķņ 1</instrument-name>
      </score-instrument>
      <midi-instrument id="P1-I1">
        <midi-channel>1</midi-channel>
        <midi-program>1</midi-program>
        <volume>80</volume>
        <pan>0</pan>
      </midi-instrument>
    </score-part>
  </part-list>
  <!--=========================================================-->
  <part id="P1">
    <measure number="1" width="274">
      <print>
        <page-layout>
          <page-height>1320</page-height>
          <page-width>1020</page-width>
          <page-margins>
            <left-margin>118</left-margin>
            <right-margin>60</right-margin>
            <top-margin>60</top-margin>
            <bottom-margin>60</bottom-margin>
          </page-margins>
        </page-layout>
        <system-layout>
          <system-margins>
            <left-margin>56</left-margin>
            <right-margin>6</right-margin>
          </system-margins>
          <top-system-distance>82</top-system-distance>
        </system-layout>
        <measure-numbering>none</measure-numbering>
      </print>
      <attributes>
        <divisions>2</divisions>
        <key>
          <fifths>0</fifths>
          <mode>major</mode>
        </key>
        <time>
          <beats>2</beats>
          <beat-type>4</beat-type>
        </time>
        <clef>
          <sign>G</sign>
          <line>2</line>
        </clef>
      </attributes>
      <sound tempo="96">
        <swing>
          <straight/>
        </swing>
      </sound>
      <note default-x="83">
        <pitch>
          <step>A</step>
          <octave>4</octave>
        </pitch>
        <duration>1</duration>
        <voice>1</voice>
        <type>eighth</type>
        <stem default-y="10">up</stem>
        <lyric default-y="-69" number="1">
          <syllabic>single</syllabic>
          <text>1.</text>
          <elision> </elision>
          <syllabic>single</syllabic>
          <text>Ой</text>
        </lyric>
      </note>
      <note default-x="131">
        <pitch>
          <step>A</step>
          <octave>4</octave>
        </pitch>
        <duration>1</duration>
        <voice>1</voice>
        <type>eighth</type>
        <stem default-y="10">up</stem>
        <lyric default-y="-69" number="1">
          <syllabic>single</syllabic>
          <text>на</text>
        </lyric>
      </note>
      <note default-x="178">
        <pitch>
          <step>A</step>
          <octave>4</octave>
        </pitch>
        <duration>1</duration>
        <voice>1</voice>
        <type>eighth</type>
        <stem default-y="10">up</stem>
        <lyric default-y="-69" number="1">
          <syllabic>begin</syllabic>
          <text>го</text>
        </lyric>
      </note>
      <note default-x="225">
        <pitch>
          <step>C</step>
          <octave>5</octave>
        </pitch>
        <duration>1</duration>
        <voice>1</voice>
        <type>eighth</type>
        <stem default-y="-50">down</stem>
        <lyric default-y="-69" number="1">
          <syllabic>end</syllabic>
          <text>рі</text>
        </lyric>
      </note>
    </measure>
    <!--=======================================================-->
    <measure number="2" width="154">
      <note default-x="13">
        <pitch>
          <step>E</step>
          <octave>5</octave>
        </pitch>
        <duration>2</duration>
        <voice>1</voice>
        <type>quarter</type>
        <stem default-y="-40">down</stem>
        <notations>
          <slur bezier-x="18" bezier-y="15" default-x="6" default-y="5" number="1" placement="above" type="start"/>
        </notations>
        <lyric default-y="-69" number="1">
          <syllabic>begin</syllabic>
          <text>сос</text>
        </lyric>
      </note>
      <note default-x="76">
        <pitch>
          <step>D</step>
          <octave>5</octave>
        </pitch>
        <duration>1</duration>
        <voice>1</voice>
        <type>eighth</type>
        <stem default-y="-45">down</stem>
        <notations>
          <slur bezier-x="-17" bezier-y="15" default-x="6" default-y="3" number="1" type="stop"/>
        </notations>
      </note>
      <note default-x="115">
        <pitch>
          <step>C</step>
          <octave>5</octave>
        </pitch>
        <duration>1</duration>
        <voice>1</voice>
        <type>eighth</type>
        <stem default-y="-50">down</stem>
        <lyric default-y="-69" number="1">
          <syllabic>end</syllabic>
          <text>на,/</text>
        </lyric>
      </note>
    </measure>
    <!--=======================================================-->
    <measure number="3" width="184">
      <note default-x="13">
        <pitch>
          <step>E</step>
          <octave>5</octave>
        </pitch>
        <duration>1</duration>
        <voice>1</voice>
        <type>eighth</type>
        <stem default-y="-40">down</stem>
        <lyric default-y="-69" number="1">
          <syllabic>single</syllabic>
          <text>на</text>
        </lyric>
      </note>
      <note default-x="56">
        <pitch>
          <step>E</step>
          <octave>5</octave>
        </pitch>
        <duration>1</duration>
        <voice>1</voice>
        <type>eighth</type>
        <stem default-y="-40">down</stem>
        <lyric default-y="-69" number="1">
          <syllabic>begin</syllabic>
          <text>до</text>
        </lyric>
      </note>
      <note default-x="98">
        <pitch>
          <step>F</step>
          <octave>5</octave>
        </pitch>
        <duration>1</duration>
        <voice>1</voice>
        <type>eighth</type>
        <stem default-y="-35">down</stem>
        <lyric default-y="-69" number="1">
          <syllabic>middle</syllabic>
          <text>ли</text>
        </lyric>
      </note>
      <note default-x="140">
        <pitch>
          <step>E</step>
          <octave>5</octave>
        </pitch>
        <duration>1</duration>
        <voice>1</voice>
        <type>eighth</type>
        <stem default-y="-40">down</stem>
        <lyric default-y="-69" number="1">
          <syllabic>end</syllabic>
          <text>ні</text>
        </lyric>
      </note>
    </measure>
    <!--=======================================================-->
    <measure number="4" width="169">
      <note default-x="13">
        <pitch>
          <step>D</step>
          <octave>5</octave>
        </pitch>
        <duration>1</duration>
        <voice>1</voice>
        <type>eighth</type>
        <stem default-y="-50">down</stem>
        <beam number="1">begin</beam>
        <notations>
          <slur bezier-x="23" bezier-y="15" default-x="6" default-y="3" number="1" placement="above" type="start"/>
        </notations>
        <lyric default-y="-69" number="1" relative-x="3">
          <syllabic>begin</syllabic>
          <text>корш</text>
        </lyric>
      </note>
      <note default-x="52">
        <pitch>
          <step>C</step>
          <octave>5</octave>
        </pitch>
        <duration>1</duration>
        <voice>1</voice>
        <type>eighth</type>
        <stem default-y="-52">down</stem>
        <beam number="1">continue</beam>
      </note>
      <note default-x="91">
        <pitch>
          <step>B</step>
          <octave>4</octave>
        </pitch>
        <duration>1</duration>
        <voice>1</voice>
        <type>eighth</type>
        <stem default-y="-55">down</stem>
        <beam number="1">end</beam>
        <notations>
          <slur bezier-x="-19" bezier-y="20" default-x="6" default-y="-7" number="1" type="stop"/>
        </notations>
      </note>
      <note default-x="129">
        <pitch>
          <step>A</step>
          <octave>4</octave>
        </pitch>
        <duration>1</duration>
        <voice>1</voice>
        <type>eighth</type>
        <stem default-y="10">up</stem>
        <lyric default-y="-69" number="1">
          <syllabic>end</syllabic>
          <text>ма,/</text>
        </lyric>
      </note>
    </measure>
    <!--=======================================================-->
    <measure number="5" width="266">
      <print new-system="yes">
        <system-layout>
          <system-distance>40</system-distance>
        </system-layout>
      </print>
      <note default-x="50">
        <pitch>
          <step>C</step>
          <octave>5</octave>
        </pitch>
        <duration>1</duration>
        <voice>1</voice>
        <type>eighth</type>
        <stem default-y="-50">down</stem>
        <lyric default-y="-67" number="1">
          <syllabic>single</syllabic>
          <text>а</text>
          <elision> </elision>
          <syllabic>single</syllabic>
          <text>в</text>
        </lyric>
      </note>
      <note default-x="104">
        <pitch>
          <step>E</step>
          <octave>5</octave>
        </pitch>
        <duration>1</duration>
        <voice>1</voice>
        <type>eighth</type>
        <stem default-y="-40">down</stem>
        <lyric default-y="-67" number="1">
          <syllabic>begin</syllabic>
          <text>ті</text>
        </lyric>
      </note>
      <note default-x="158">
        <pitch>
          <step>C</step>
          <octave>5</octave>
        </pitch>
        <duration>1</duration>
        <voice>1</voice>
        <type>eighth</type>
        <stem default-y="-50">down</stem>
        <lyric default-y="-67" number="1">
          <syllabic>end</syllabic>
          <text>ї</text>
        </lyric>
      </note>
      <note default-x="212">
        <pitch>
          <step>C</step>
          <octave>5</octave>
        </pitch>
        <duration>1</duration>
        <voice>1</voice>
        <type>eighth</type>
        <stem default-y="-50">down</stem>
        <lyric default-y="-67" number="1">
          <syllabic>begin</syllabic>
          <text>корш</text>
        </lyric>
      </note>
    </measure>
    <!--=======================================================-->
    <measure number="6" width="179">
      <note default-x="13">
        <pitch>
          <step>D</step>
          <octave>5</octave>
        </pitch>
        <duration>1</duration>
        <voice>1</voice>
        <type>eighth</type>
        <stem default-y="-50">down</stem>
        <beam number="1">begin</beam>
        <notations>
          <slur bezier-x="24" bezier-y="15" default-x="6" default-y="3" number="1" placement="above" type="start"/>
        </notations>
        <lyric default-y="-67" number="1">
          <syllabic>middle</syllabic>
          <text>мон</text>
        </lyric>
      </note>
      <note default-x="55">
        <pitch>
          <step>C</step>
          <octave>5</octave>
        </pitch>
        <duration>1</duration>
        <voice>1</voice>
        <type>eighth</type>
        <stem default-y="-52">down</stem>
        <beam number="1">continue</beam>
      </note>
      <note default-x="96">
        <pitch>
          <step>B</step>
          <octave>4</octave>
        </pitch>
        <duration>1</duration>
        <voice>1</voice>
        <type>eighth</type>
        <stem default-y="-55">down</stem>
        <beam number="1">end</beam>
        <notations>
          <slur bezier-x="-20" bezier-y="21" default-x="6" default-y="-7" number="1" type="stop"/>
        </notations>
      </note>
      <note default-x="137">
        <pitch>
          <step>A</step>
          <octave>4</octave>
        </pitch>
        <duration>1</duration>
        <voice>1</voice>
        <type>eighth</type>
        <stem default-y="10">up</stem>
        <lyric default-y="-67" number="1">
          <syllabic>end</syllabic>
          <text>ці/</text>
        </lyric>
      </note>
    </measure>
    <!--=======================================================-->
    <measure number="7" width="241">
      <note default-x="13">
        <pitch>
          <step>C</step>
          <octave>5</octave>
        </pitch>
        <duration>1</duration>
        <voice>1</voice>
        <type>eighth</type>
        <stem default-y="-50">down</stem>
        <lyric default-y="-67" number="1">
          <syllabic>single</syllabic>
          <text>п'є</text>
        </lyric>
      </note>
      <note default-x="70">
        <pitch>
          <step>E</step>
          <octave>5</octave>
        </pitch>
        <duration>1</duration>
        <voice>1</voice>
        <type>eighth</type>
        <stem default-y="-40">down</stem>
        <lyric default-y="-67" number="1">
          <syllabic>single</syllabic>
          <text>три</text>
        </lyric>
      </note>
      <note default-x="127">
        <pitch>
          <step>D</step>
          <octave>5</octave>
        </pitch>
        <duration>1</duration>
        <voice>1</voice>
        <type>eighth</type>
        <stem default-y="-45">down</stem>
        <lyric default-y="-67" number="1">
          <syllabic>begin</syllabic>
          <text>чу</text>
        </lyric>
      </note>
      <note default-x="183">
        <pitch>
          <step>E</step>
          <octave>5</octave>
        </pitch>
        <duration>1</duration>
        <voice>1</voice>
        <type>eighth</type>
        <stem default-y="-40">down</stem>
        <lyric default-y="-67" number="1">
          <syllabic>middle</syllabic>
          <text>жо</text>
        </lyric>
      </note>
    </measure>
    <!--=======================================================-->
    <measure number="8" width="156">
      <note default-x="13">
        <pitch>
          <step>A</step>
          <octave>4</octave>
        </pitch>
        <duration>3</duration>
        <voice>1</voice>
        <type>quarter</type>
        <dot/>
        <stem default-y="10">up</stem>
        <lyric default-y="-67" number="1">
          <syllabic>middle</syllabic>
          <text>зем</text>
        </lyric>
      </note>
      <note default-x="104">
        <pitch>
          <step>A</step>
          <octave>4</octave>
        </pitch>
        <duration>1</duration>
        <voice>1</voice>
        <type>eighth</type>
        <stem default-y="10">up</stem>
        <lyric default-y="-67" number="1">
          <syllabic>end</syllabic>
          <text>ці.</text>
        </lyric>
      </note>
      <barline location="right">
        <bar-style>light-heavy</bar-style>
      </barline>
    </measure>
  </part>
  <!--=========================================================-->
</score-partwise>
