<?xml version="1.0" encoding="UTF-8" standalone="no"?>
<!DOCTYPE score-partwise PUBLIC "-//Recordare//DTD MusicXML 4.0 Partwise//EN" "http://www.musicxml.org/dtds/partwise.dtd">
<score-partwise version="4.0">
  <identification>
    <encoding>
      <software>Finale v27.3 for Windows</software>
      <encoding-date>2024-08-14</encoding-date>
      <supports attribute="new-system" element="print" type="yes" value="yes"/>
      <supports attribute="new-page" element="print" type="yes" value="yes"/>
      <supports element="accidental" type="yes"/>
      <supports element="beam" type="yes"/>
      <supports element="stem" type="yes"/>
    </encoding>
  </identification>
  <defaults>
    <scaling>
      <millimeters>8.4667</millimeters>
      <tenths>40</tenths>
    </scaling>
    <page-layout>
      <page-height>1320</page-height>
      <page-width>1020</page-width>
      <page-margins type="both">
        <left-margin>60</left-margin>
        <right-margin>60</right-margin>
        <top-margin>60</top-margin>
        <bottom-margin>60</bottom-margin>
      </page-margins>
    </page-layout>
    <system-layout>
      <system-margins>
        <left-margin>0</left-margin>
        <right-margin>0</right-margin>
      </system-margins>
      <system-distance>110</system-distance>
      <top-system-distance>67</top-system-distance>
    </system-layout>
    <appearance>
      <line-width type="stem">0.7682</line-width>
      <line-width type="beam">5</line-width>
      <line-width type="staff">0.7682</line-width>
      <line-width type="light barline">0.7682</line-width>
      <line-width type="heavy barline">5</line-width>
      <line-width type="leger">0.7682</line-width>
      <line-width type="ending">0.7682</line-width>
      <line-width type="wedge">0.7682</line-width>
      <line-width type="enclosure">0.7682</line-width>
      <line-width type="tuplet bracket">0.7682</line-width>
      <note-size type="grace">50</note-size>
      <note-size type="cue">50</note-size>
      <distance type="hyphen">60</distance>
      <distance type="beam">7.5</distance>
    </appearance>
    <music-font font-family="Finale Maestro,engraved" font-size="24"/>
    <word-font font-family="Times New Roman" font-size="12"/>
    <lyric-font font-family="Times New Roman" font-size="12"/>
  </defaults>
  <credit page="1">
    <credit-words default-x="126" default-y="277" valign="top" xml:space="preserve">Зап. 1971 р. Струтинський О. Д. від Осінської Броніслави Мартинівни з м. Шепетівка Шепетів-
ського р-ну Хмельницької обл. – ІМФЕ, ф. 14-3, од. зб. 860, арк. 148 зв.-149. Вар. зап. 1937 р. 
Гайдай М. П. у с. Галузинці Деражнянського р-ну. – ІМФЕ, ф. 8-3, од. зб. 182, арк. 53.</credit-words>
  </credit>
  <credit page="1">
    <credit-words default-x="225" default-y="1130" font-size="19" valign="top">609. Туман яром покотився (15-БР-06б+23-БС-02)</credit-words>
  </credit>
  <credit page="1">
    <credit-words default-x="275" default-y="1100" valign="top">Помірно</credit-words>
  </credit>
  <credit page="1">
    <credit-words default-x="125" default-y="699" font-size="17" valign="top" xml:space="preserve">1. Туман яром покотився, (2)
Батько з сином посварився:
2. – Іди, сину, ти від мене, (2)
Через тебе горе в мене.
3. Син від батька вибирається, (2)
Слізоньками вмивається.
4. Слізоньками вмивається, (2)
Із сестрами прощається.
5. Старша сестра коня веде, (2)
А другая сідло несе.
6. Найменшая хустку шиє, (2)
Вона її слізьми миє.</credit-words>
  </credit>
  <credit page="1">
    <credit-words default-x="544" default-y="692" font-size="17" valign="top" xml:space="preserve">7. – Ой братіку, ой брате наш, (2)
Коли прийдеш в гості до нас?
8. – Візьми, сестро, 
                           піску жменю, (2)
Посій його на каменю.
9. Як той пісок житом зійде, (2)
Тоді ваш брат в гості прийде.
10. Нема жита – ні колосу, (2)
Нема брата – ні голосу.
11. Нема жита, – вода змила, (2)
Нема брата, – куля вбила. </credit-words>
  </credit>
  <credit page="1">
    <credit-words default-x="526" default-y="45" valign="top">430</credit-words>
  </credit>
  <part-list>
    <score-part id="P1">
      <part-name print-object="no">MusicXML Part</part-name>
      <group>score</group>
      <score-instrument id="P1-I1">
        <instrument-name>Čķńņšóģåķņ 1</instrument-name>
      </score-instrument>
      <midi-instrument id="P1-I1">
        <midi-channel>1</midi-channel>
        <midi-program>1</midi-program>
        <volume>80</volume>
        <pan>0</pan>
      </midi-instrument>
    </score-part>
  </part-list>
  <!--=========================================================-->
  <part id="P1">
    <measure number="1" width="119">
      <print>
        <page-layout>
          <page-height>1320</page-height>
          <page-width>1020</page-width>
          <page-margins>
            <left-margin>120</left-margin>
            <right-margin>60</right-margin>
            <top-margin>60</top-margin>
            <bottom-margin>60</bottom-margin>
          </page-margins>
        </page-layout>
        <system-layout>
          <system-margins>
            <left-margin>59</left-margin>
            <right-margin>0</right-margin>
          </system-margins>
          <top-system-distance>185</top-system-distance>
        </system-layout>
        <measure-numbering>none</measure-numbering>
      </print>
      <attributes>
        <divisions>2</divisions>
        <key>
          <fifths>0</fifths>
          <mode>major</mode>
        </key>
        <time>
          <beats>4</beats>
          <beat-type>4</beat-type>
        </time>
        <clef>
          <sign>G</sign>
          <line>2</line>
        </clef>
      </attributes>
      <sound tempo="96">
        <swing>
          <straight/>
        </swing>
      </sound>
      <direction placement="above">
        <direction-type>
          <words default-y="10" relative-x="-20">78</words>
        </direction-type>
      </direction>
      <note default-x="85">
        <pitch>
          <step>A</step>
          <octave>3</octave>
        </pitch>
        <duration>2</duration>
        <voice>1</voice>
        <type>quarter</type>
        <stem default-y="-20">up</stem>
        <lyric default-y="-84" number="1" relative-x="-4">
          <syllabic>single</syllabic>
          <text>1.</text>
          <elision> </elision>
          <syllabic>begin</syllabic>
          <text>Ту</text>
        </lyric>
      </note>
    </measure>
    <!--=======================================================-->
    <measure number="2" width="104">
      <note default-x="16">
        <pitch>
          <step>C</step>
          <octave>4</octave>
        </pitch>
        <duration>4</duration>
        <voice>1</voice>
        <type>half</type>
        <stem default-y="-15">up</stem>
        <lyric default-y="-84" number="1">
          <syllabic>end</syllabic>
          <text>ман</text>
        </lyric>
      </note>
      <note default-x="70">
        <pitch>
          <step>B</step>
          <octave>3</octave>
        </pitch>
        <duration>2</duration>
        <voice>1</voice>
        <type>quarter</type>
        <stem default-y="-20">up</stem>
        <lyric default-y="-84" number="1">
          <syllabic>begin</syllabic>
          <text>я</text>
        </lyric>
      </note>
    </measure>
    <!--=======================================================-->
    <measure number="3" width="104">
      <note default-x="16">
        <pitch>
          <step>A</step>
          <octave>3</octave>
        </pitch>
        <duration>4</duration>
        <voice>1</voice>
        <type>half</type>
        <stem default-y="-20">up</stem>
        <lyric default-y="-84" number="1">
          <syllabic>end</syllabic>
          <text>ром</text>
        </lyric>
      </note>
      <note default-x="70">
        <pitch>
          <step>E</step>
          <octave>4</octave>
        </pitch>
        <duration>2</duration>
        <voice>1</voice>
        <type>quarter</type>
        <stem default-y="-5">up</stem>
        <lyric default-y="-84" number="1">
          <syllabic>begin</syllabic>
          <text>по</text>
        </lyric>
      </note>
    </measure>
    <!--=======================================================-->
    <measure number="4" width="110">
      <note default-x="13">
        <pitch>
          <step>A</step>
          <octave>4</octave>
        </pitch>
        <duration>4</duration>
        <voice>1</voice>
        <type>half</type>
        <stem default-y="10">up</stem>
        <lyric default-y="-84" number="1">
          <syllabic>middle</syllabic>
          <text>ко</text>
        </lyric>
      </note>
      <note default-x="68">
        <pitch>
          <step>G</step>
          <octave>4</octave>
        </pitch>
        <duration>1</duration>
        <voice>1</voice>
        <type>eighth</type>
        <stem default-y="5">up</stem>
        <beam number="1">begin</beam>
        <lyric default-y="-84" number="1" relative-x="5">
          <syllabic>middle</syllabic>
          <text>тив</text>
        </lyric>
      </note>
      <note default-x="88">
        <pitch>
          <step>F</step>
          <octave>4</octave>
        </pitch>
        <duration>1</duration>
        <voice>1</voice>
        <type>eighth</type>
        <stem default-y="0">up</stem>
        <beam number="1">end</beam>
      </note>
    </measure>
    <!--=======================================================-->
    <measure number="5" width="115">
      <note default-x="13">
        <pitch>
          <step>E</step>
          <octave>4</octave>
        </pitch>
        <duration>2</duration>
        <voice>1</voice>
        <type>quarter</type>
        <stem default-y="-5">up</stem>
        <notations>
          <slur bezier-x="14" bezier-y="-5" default-x="6" default-y="-50" number="1" placement="below" type="start"/>
        </notations>
        <lyric default-y="-84" number="1">
          <syllabic>end</syllabic>
          <text>ся,/</text>
        </lyric>
      </note>
      <note default-x="47">
        <pitch>
          <step>A</step>
          <octave>4</octave>
        </pitch>
        <duration>2</duration>
        <voice>1</voice>
        <type>quarter</type>
        <stem default-y="10">up</stem>
        <notations>
          <slur bezier-x="-5" bezier-y="-14" default-x="6" default-y="-35" number="1" type="stop"/>
        </notations>
      </note>
      <note default-x="80">
        <pitch>
          <step>G</step>
          <octave>4</octave>
        </pitch>
        <duration>2</duration>
        <voice>1</voice>
        <type>quarter</type>
        <stem default-y="5">up</stem>
        <lyric default-y="-84" number="1">
          <syllabic>begin</syllabic>
          <text>ту</text>
        </lyric>
      </note>
    </measure>
    <!--=======================================================-->
    <measure number="6" width="115">
      <note default-x="13">
        <pitch>
          <step>G</step>
          <octave>4</octave>
        </pitch>
        <duration>2</duration>
        <voice>1</voice>
        <type>quarter</type>
        <stem default-y="5">up</stem>
        <notations>
          <slur bezier-x="12" bezier-y="-7" default-x="6" default-y="-43" number="1" placement="below" type="start"/>
        </notations>
        <lyric default-y="-84" number="1">
          <syllabic>end</syllabic>
          <text>ман</text>
        </lyric>
      </note>
      <note default-x="47">
        <pitch>
          <step>A</step>
          <octave>4</octave>
        </pitch>
        <duration>2</duration>
        <voice>1</voice>
        <type>quarter</type>
        <stem default-y="10">up</stem>
        <notations>
          <slur bezier-x="-7" bezier-y="-12" default-x="6" default-y="-35" number="1" type="stop"/>
        </notations>
      </note>
      <note default-x="80">
        <pitch>
          <step>E</step>
          <octave>4</octave>
        </pitch>
        <duration>2</duration>
        <voice>1</voice>
        <type>quarter</type>
        <stem default-y="-5">up</stem>
        <lyric default-y="-84" number="1">
          <syllabic>begin</syllabic>
          <text>я</text>
        </lyric>
      </note>
    </measure>
    <!--=======================================================-->
    <measure number="7" width="115">
      <note default-x="13">
        <pitch>
          <step>D</step>
          <octave>4</octave>
        </pitch>
        <duration>2</duration>
        <voice>1</voice>
        <type>quarter</type>
        <stem default-y="-10">up</stem>
        <notations>
          <slur bezier-x="5" bezier-y="-14" default-x="6" default-y="-55" number="1" placement="below" type="start"/>
        </notations>
        <lyric default-y="-84" number="1">
          <syllabic>end</syllabic>
          <text>ром</text>
        </lyric>
      </note>
      <note default-x="47">
        <pitch>
          <step>A</step>
          <octave>3</octave>
        </pitch>
        <duration>2</duration>
        <voice>1</voice>
        <type>quarter</type>
        <stem default-y="-20">up</stem>
        <notations>
          <slur bezier-x="-14" bezier-y="-5" default-x="6" default-y="-70" number="1" type="stop"/>
        </notations>
      </note>
      <note default-x="80">
        <pitch>
          <step>A</step>
          <octave>3</octave>
        </pitch>
        <duration>2</duration>
        <voice>1</voice>
        <type>quarter</type>
        <stem default-y="-20">up</stem>
        <lyric default-y="-84" number="1">
          <syllabic>begin</syllabic>
          <text>по</text>
        </lyric>
      </note>
    </measure>
    <!--=======================================================-->
    <measure number="8" width="172">
      <print new-system="yes">
        <system-layout>
          <system-distance>56</system-distance>
        </system-layout>
      </print>
      <note default-x="53">
        <pitch>
          <step>C</step>
          <octave>4</octave>
        </pitch>
        <duration>4</duration>
        <voice>1</voice>
        <type>half</type>
        <stem default-y="-15">up</stem>
        <lyric default-y="-83" number="1">
          <syllabic>middle</syllabic>
          <text>ко</text>
        </lyric>
      </note>
      <note default-x="127">
        <pitch>
          <step>B</step>
          <octave>3</octave>
        </pitch>
        <duration>2</duration>
        <voice>1</voice>
        <type>quarter</type>
        <stem default-y="-20">up</stem>
        <lyric default-y="-83" number="1">
          <syllabic>middle</syllabic>
          <text>тив</text>
        </lyric>
      </note>
    </measure>
    <!--=======================================================-->
    <measure number="9" width="135">
      <note default-x="16">
        <pitch>
          <step>A</step>
          <octave>3</octave>
        </pitch>
        <duration>4</duration>
        <voice>1</voice>
        <type>half</type>
        <stem default-y="-20">up</stem>
        <lyric default-y="-89" number="1" relative-x="3">
          <syllabic>end</syllabic>
          <text>ся,/</text>
        </lyric>
      </note>
      <note default-x="89">
        <pitch>
          <step>G</step>
          <octave>4</octave>
        </pitch>
        <duration>2</duration>
        <voice>1</voice>
        <type>quarter</type>
        <stem default-y="5">up</stem>
        <lyric default-y="-83" number="1">
          <syllabic>begin</syllabic>
          <text>бать</text>
        </lyric>
      </note>
    </measure>
    <!--=======================================================-->
    <measure number="10" width="149">
      <note default-x="13">
        <pitch>
          <step>G</step>
          <octave>4</octave>
        </pitch>
        <duration>2</duration>
        <voice>1</voice>
        <type>quarter</type>
        <stem default-y="5">up</stem>
        <notations>
          <slur bezier-x="15" bezier-y="-10" default-x="6" default-y="-43" number="1" placement="below" type="start"/>
        </notations>
        <lyric default-y="-83" number="1">
          <syllabic>end</syllabic>
          <text>ко</text>
        </lyric>
      </note>
      <note default-x="58">
        <pitch>
          <step>A</step>
          <octave>4</octave>
        </pitch>
        <duration>2</duration>
        <voice>1</voice>
        <type>quarter</type>
        <stem default-y="10">up</stem>
        <notations>
          <slur bezier-x="-11" bezier-y="-14" default-x="6" default-y="-35" number="1" type="stop"/>
        </notations>
        <lyric default-y="-83" number="1">
          <syllabic>single</syllabic>
          <text>з</text>
        </lyric>
      </note>
      <note default-x="103">
        <pitch>
          <step>E</step>
          <octave>4</octave>
        </pitch>
        <duration>2</duration>
        <voice>1</voice>
        <type>quarter</type>
        <stem default-y="-5">up</stem>
        <lyric default-y="-83" number="1">
          <syllabic>begin</syllabic>
          <text>си</text>
        </lyric>
      </note>
    </measure>
    <!--=======================================================-->
    <measure number="11" width="149">
      <note default-x="13">
        <pitch>
          <step>D</step>
          <octave>4</octave>
        </pitch>
        <duration>2</duration>
        <voice>1</voice>
        <type>quarter</type>
        <stem default-y="-10">up</stem>
        <notations>
          <slur bezier-x="9" bezier-y="-16" default-x="6" default-y="-55" number="1" placement="below" type="start"/>
        </notations>
        <lyric default-y="-83" number="1">
          <syllabic>end</syllabic>
          <text>ном</text>
        </lyric>
      </note>
      <note default-x="58">
        <pitch>
          <step>A</step>
          <octave>3</octave>
        </pitch>
        <duration>2</duration>
        <voice>1</voice>
        <type>quarter</type>
        <stem default-y="-20">up</stem>
        <notations>
          <slur bezier-x="-17" bezier-y="-7" default-x="6" default-y="-70" number="1" type="stop"/>
        </notations>
      </note>
      <note default-x="103">
        <pitch>
          <step>A</step>
          <octave>3</octave>
        </pitch>
        <duration>2</duration>
        <voice>1</voice>
        <type>quarter</type>
        <stem default-y="-20">up</stem>
        <lyric default-y="-83" number="1">
          <syllabic>begin</syllabic>
          <text>по</text>
        </lyric>
      </note>
    </measure>
    <!--=======================================================-->
    <measure number="12" width="135">
      <note default-x="16">
        <pitch>
          <step>C</step>
          <octave>4</octave>
        </pitch>
        <duration>4</duration>
        <voice>1</voice>
        <type>half</type>
        <stem default-y="-15">up</stem>
        <lyric default-y="-83" number="1">
          <syllabic>middle</syllabic>
          <text>сва</text>
        </lyric>
      </note>
      <note default-x="89">
        <pitch>
          <step>B</step>
          <octave>3</octave>
        </pitch>
        <duration>2</duration>
        <voice>1</voice>
        <type>quarter</type>
        <stem default-y="-20">up</stem>
        <lyric default-y="-83" number="1">
          <syllabic>middle</syllabic>
          <text>рив</text>
        </lyric>
      </note>
    </measure>
    <!--=======================================================-->
    <measure number="13" width="100">
      <note default-x="16">
        <pitch>
          <step>A</step>
          <octave>3</octave>
        </pitch>
        <duration>4</duration>
        <voice>1</voice>
        <type>half</type>
        <stem default-y="-20">up</stem>
        <lyric default-y="-83" number="1">
          <syllabic>end</syllabic>
          <text>ся.</text>
        </lyric>
      </note>
      <barline location="right">
        <bar-style>light-heavy</bar-style>
      </barline>
    </measure>
  </part>
  <!--=========================================================-->
</score-partwise>
