<?xml version="1.0" encoding="UTF-8" standalone="no"?>
<!DOCTYPE score-partwise PUBLIC "-//Recordare//DTD MusicXML 4.0 Partwise//EN" "http://www.musicxml.org/dtds/partwise.dtd">
<score-partwise version="4.0">
  <identification>
    <encoding>
      <software>Finale v27.3 for Windows</software>
      <encoding-date>2024-08-14</encoding-date>
      <supports attribute="new-system" element="print" type="yes" value="yes"/>
      <supports attribute="new-page" element="print" type="yes" value="yes"/>
      <supports element="accidental" type="yes"/>
      <supports element="beam" type="yes"/>
      <supports element="stem" type="yes"/>
    </encoding>
  </identification>
  <defaults>
    <scaling>
      <millimeters>8.4667</millimeters>
      <tenths>40</tenths>
    </scaling>
    <page-layout>
      <page-height>1320</page-height>
      <page-width>1020</page-width>
      <page-margins type="both">
        <left-margin>60</left-margin>
        <right-margin>60</right-margin>
        <top-margin>60</top-margin>
        <bottom-margin>60</bottom-margin>
      </page-margins>
    </page-layout>
    <system-layout>
      <system-margins>
        <left-margin>0</left-margin>
        <right-margin>0</right-margin>
      </system-margins>
      <system-distance>110</system-distance>
      <top-system-distance>67</top-system-distance>
    </system-layout>
    <appearance>
      <line-width type="stem">0.7682</line-width>
      <line-width type="beam">5</line-width>
      <line-width type="staff">0.7682</line-width>
      <line-width type="light barline">0.7682</line-width>
      <line-width type="heavy barline">5</line-width>
      <line-width type="leger">0.7682</line-width>
      <line-width type="ending">0.7682</line-width>
      <line-width type="wedge">0.7682</line-width>
      <line-width type="enclosure">0.7682</line-width>
      <line-width type="tuplet bracket">0.7682</line-width>
      <note-size type="grace">50</note-size>
      <note-size type="cue">50</note-size>
      <distance type="hyphen">60</distance>
      <distance type="beam">7.5</distance>
    </appearance>
    <music-font font-family="Finale Maestro,engraved" font-size="24"/>
    <word-font font-family="Times New Roman" font-size="12"/>
    <lyric-font font-family="Times New Roman" font-size="12"/>
  </defaults>
  <credit page="1">
    <credit-words default-x="124" default-y="388" valign="top" xml:space="preserve">Зап. 1971 р. Струтинський О. Д. від Осінської Броніслави Мартинівни з м. Шепетівки Шепетів-
ського р-ну Хмельницької обл. – ІМФЕ, ф. 14-3, од. зб. 860, арк. 18.</credit-words>
  </credit>
  <credit page="1">
    <credit-words default-x="330" default-y="1053" font-size="19" valign="top">448. Ой на горі ячмінь (04-БК-05а)</credit-words>
  </credit>
  <credit page="1">
    <credit-words default-x="233" default-y="1019" valign="top">*</credit-words>
  </credit>
  <credit page="1">
    <credit-words default-x="173" default-y="797" font-size="17" valign="top" xml:space="preserve">1. Ой на горі ячмінь,
А в долині жито,
Прийшла звістка до дівчини,
Що козака вбито.
2. Ой убито, вбито,
Закинуто в жито,
Червоною китайкою
Оченьки накрито.
3. А прийшла дівчина
З чорними очима
Та й підняла китаєчку,
Та й заголосила.</credit-words>
  </credit>
  <credit page="1">
    <credit-words default-x="607" default-y="797" font-size="17" valign="top" xml:space="preserve">4. А прийшла другая,
Та вже не такая,
Підняла китаєчку 
Та й поцілувала.
5. А прийшла третяя
Та з нової хати:
– Було тобі, козаченьку,
Нас трьох не кохати.
6. Нас трьох не кохати,
Нас трьох не любити,
Тепер будеш, козаченько,
В серій землі гнити.</credit-words>
  </credit>
  <credit page="1">
    <credit-words default-x="529" default-y="45" valign="top">313</credit-words>
  </credit>
  <part-list>
    <score-part id="P1">
      <part-name print-object="no">MusicXML Part</part-name>
      <group>score</group>
      <score-instrument id="P1-I1">
        <instrument-name>Čķńņšóģåķņ 1</instrument-name>
      </score-instrument>
      <midi-instrument id="P1-I1">
        <midi-channel>1</midi-channel>
        <midi-program>1</midi-program>
        <volume>80</volume>
        <pan>0</pan>
      </midi-instrument>
    </score-part>
  </part-list>
  <!--=========================================================-->
  <part id="P1">
    <measure number="1" width="417">
      <print>
        <page-layout>
          <page-height>1320</page-height>
          <page-width>1020</page-width>
          <page-margins>
            <left-margin>119</left-margin>
            <right-margin>60</right-margin>
            <top-margin>60</top-margin>
            <bottom-margin>60</bottom-margin>
          </page-margins>
        </page-layout>
        <system-layout>
          <system-margins>
            <left-margin>60</left-margin>
            <right-margin>0</right-margin>
          </system-margins>
          <top-system-distance>258</top-system-distance>
        </system-layout>
        <measure-numbering>none</measure-numbering>
      </print>
      <attributes>
        <divisions>4</divisions>
        <key>
          <fifths>0</fifths>
          <mode>major</mode>
        </key>
        <time>
          <beats>5</beats>
          <beat-type>4</beat-type>
        </time>
        <clef>
          <sign>G</sign>
          <line>2</line>
        </clef>
      </attributes>
      <sound tempo="96">
        <swing>
          <straight/>
        </swing>
      </sound>
      <note default-x="85">
        <pitch>
          <step>C</step>
          <octave>4</octave>
        </pitch>
        <duration>2</duration>
        <voice>1</voice>
        <type>eighth</type>
        <stem default-y="-15">up</stem>
        <lyric default-y="-73" number="1">
          <syllabic>single</syllabic>
          <text>1.</text>
          <elision> </elision>
          <syllabic>single</syllabic>
          <text>Ой</text>
        </lyric>
      </note>
      <note default-x="128">
        <pitch>
          <step>C</step>
          <octave>4</octave>
        </pitch>
        <duration>2</duration>
        <voice>1</voice>
        <type>eighth</type>
        <stem default-y="-15">up</stem>
        <lyric default-y="-73" number="1">
          <syllabic>single</syllabic>
          <text>на</text>
        </lyric>
      </note>
      <note default-x="163">
        <pitch>
          <step>D</step>
          <octave>4</octave>
        </pitch>
        <duration>4</duration>
        <voice>1</voice>
        <type>quarter</type>
        <stem default-y="-10">up</stem>
        <notations>
          <slur bezier-x="18" bezier-y="-10" default-x="6" default-y="-55" number="1" placement="below" type="start"/>
        </notations>
        <lyric default-y="-73" number="1" relative-x="3">
          <syllabic>begin</syllabic>
          <text>го</text>
        </lyric>
      </note>
      <note default-x="217">
        <pitch>
          <step>G</step>
          <octave>4</octave>
        </pitch>
        <duration>2</duration>
        <voice>1</voice>
        <type>eighth</type>
        <stem default-y="5">up</stem>
        <notations>
          <slur bezier-x="-12" bezier-y="-17" default-x="6" default-y="-43" number="1" type="stop"/>
        </notations>
      </note>
      <note default-x="253">
        <pitch>
          <step>F</step>
          <octave>4</octave>
        </pitch>
        <duration>2</duration>
        <voice>1</voice>
        <type>eighth</type>
        <stem default-y="0">up</stem>
        <lyric default-y="-73" number="1">
          <syllabic>end</syllabic>
          <text>рі</text>
        </lyric>
      </note>
      <note default-x="289">
        <pitch>
          <step>E</step>
          <octave>4</octave>
        </pitch>
        <duration>2</duration>
        <voice>1</voice>
        <type>eighth</type>
        <stem default-y="0">up</stem>
        <beam number="1">begin</beam>
        <notations>
          <slur bezier-x="12" bezier-y="-7" default-x="6" default-y="-50" number="1" placement="below" type="start"/>
        </notations>
        <lyric default-y="-73" number="1" relative-x="3">
          <syllabic>begin</syllabic>
          <text>яч</text>
        </lyric>
      </note>
      <note default-x="322">
        <pitch>
          <step>G</step>
          <octave>4</octave>
        </pitch>
        <duration>2</duration>
        <voice>1</voice>
        <type>eighth</type>
        <stem default-y="5">up</stem>
        <beam number="1">end</beam>
        <notations>
          <slur bezier-x="-7" bezier-y="-12" default-x="6" default-y="-43" number="1" type="stop"/>
        </notations>
      </note>
      <note default-x="361">
        <pitch>
          <step>C</step>
          <octave>4</octave>
        </pitch>
        <duration>4</duration>
        <voice>1</voice>
        <type>quarter</type>
        <stem default-y="-15">up</stem>
        <lyric default-y="-73" number="1">
          <syllabic>end</syllabic>
          <text>мінь,/</text>
        </lyric>
      </note>
    </measure>
    <!--=======================================================-->
    <measure number="2" width="363">
      <note default-x="16">
        <pitch>
          <step>C</step>
          <octave>4</octave>
        </pitch>
        <duration>2</duration>
        <voice>1</voice>
        <type>eighth</type>
        <stem default-y="-15">up</stem>
        <lyric default-y="-73" number="1">
          <syllabic>single</syllabic>
          <text>а</text>
        </lyric>
      </note>
      <note default-x="55">
        <pitch>
          <step>C</step>
          <octave>4</octave>
        </pitch>
        <duration>2</duration>
        <voice>1</voice>
        <type>eighth</type>
        <stem default-y="-15">up</stem>
        <lyric default-y="-73" number="1">
          <syllabic>single</syllabic>
          <text>в</text>
          <elision> </elision>
          <syllabic>begin</syllabic>
          <text>до</text>
        </lyric>
      </note>
      <note default-x="92">
        <pitch>
          <step>D</step>
          <octave>4</octave>
        </pitch>
        <duration>4</duration>
        <voice>1</voice>
        <type>quarter</type>
        <stem default-y="-10">up</stem>
        <notations>
          <slur bezier-x="18" bezier-y="-10" default-x="6" default-y="-55" number="1" placement="below" type="start"/>
        </notations>
        <lyric default-y="-73" number="1" relative-x="4">
          <syllabic>middle</syllabic>
          <text>ли</text>
        </lyric>
      </note>
      <note default-x="143">
        <pitch>
          <step>G</step>
          <octave>4</octave>
        </pitch>
        <duration>2</duration>
        <voice>1</voice>
        <type>eighth</type>
        <stem default-y="5">up</stem>
        <notations>
          <slur bezier-x="-12" bezier-y="-16" default-x="6" default-y="-43" number="1" type="stop"/>
        </notations>
      </note>
      <note default-x="179">
        <pitch>
          <step>F</step>
          <octave>4</octave>
        </pitch>
        <duration>2</duration>
        <voice>1</voice>
        <type>eighth</type>
        <stem default-y="0">up</stem>
        <lyric default-y="-73" number="1">
          <syllabic>end</syllabic>
          <text>ні</text>
        </lyric>
      </note>
      <note default-x="213">
        <pitch>
          <step>E</step>
          <octave>4</octave>
        </pitch>
        <duration>2</duration>
        <voice>1</voice>
        <type>eighth</type>
        <stem default-y="0">up</stem>
        <beam number="1">begin</beam>
        <notations>
          <slur bezier-x="12" bezier-y="-7" default-x="6" default-y="-50" number="1" placement="below" type="start"/>
        </notations>
        <lyric default-y="-73" number="1" relative-x="6">
          <syllabic>begin</syllabic>
          <text>жи</text>
        </lyric>
      </note>
      <note default-x="245">
        <pitch>
          <step>G</step>
          <octave>4</octave>
        </pitch>
        <duration>2</duration>
        <voice>1</voice>
        <type>eighth</type>
        <stem default-y="5">up</stem>
        <beam number="1">end</beam>
        <notations>
          <slur bezier-x="-7" bezier-y="-12" default-x="6" default-y="-43" number="1" type="stop"/>
        </notations>
      </note>
      <note default-x="279">
        <pitch>
          <step>C</step>
          <octave>4</octave>
        </pitch>
        <duration>4</duration>
        <voice>1</voice>
        <type>quarter</type>
        <stem default-y="-15">up</stem>
        <lyric default-y="-73" number="1">
          <syllabic>end</syllabic>
          <text>то,/</text>
        </lyric>
      </note>
    </measure>
    <!--=======================================================-->
    <measure number="3" width="515">
      <print new-system="yes">
        <system-layout>
          <system-distance>52</system-distance>
        </system-layout>
      </print>
      <attributes>
        <time>
          <beats>6</beats>
          <beat-type>4</beat-type>
        </time>
      </attributes>
      <note default-x="85">
        <pitch>
          <step>G</step>
          <octave>4</octave>
        </pitch>
        <duration>4</duration>
        <voice>1</voice>
        <type>quarter</type>
        <stem default-y="5">up</stem>
        <lyric default-y="-109" number="1">
          <syllabic>begin</syllabic>
          <text>при</text>
        </lyric>
      </note>
      <note default-x="147">
        <pitch>
          <step>G</step>
          <octave>4</octave>
        </pitch>
        <duration>2</duration>
        <voice>1</voice>
        <type>eighth</type>
        <stem default-y="5">up</stem>
        <beam number="1">begin</beam>
        <notations>
          <slur bezier-x="12" bezier-y="9" default-x="13" default-y="10" number="1" placement="above" type="start"/>
        </notations>
        <lyric default-y="-109" number="1">
          <syllabic>end</syllabic>
          <text>йшла</text>
        </lyric>
      </note>
      <note default-x="184">
        <pitch>
          <step>E</step>
          <octave>4</octave>
        </pitch>
        <duration>2</duration>
        <voice>1</voice>
        <type>eighth</type>
        <stem default-y="0">up</stem>
        <beam number="1">end</beam>
        <notations>
          <slur bezier-x="-9" bezier-y="12" default-x="12" default-y="5" number="1" type="stop"/>
        </notations>
      </note>
      <note default-x="222">
        <pitch>
          <step>F</step>
          <octave>4</octave>
        </pitch>
        <duration>2</duration>
        <voice>1</voice>
        <type>eighth</type>
        <stem default-y="0">up</stem>
        <lyric default-y="-109" number="1">
          <syllabic>begin</syllabic>
          <text>звіст</text>
        </lyric>
      </note>
      <note default-x="262">
        <pitch>
          <step>E</step>
          <octave>4</octave>
        </pitch>
        <duration>2</duration>
        <voice>1</voice>
        <type>eighth</type>
        <stem default-y="-5">up</stem>
        <lyric default-y="-109" number="1">
          <syllabic>end</syllabic>
          <text>ка</text>
        </lyric>
      </note>
      <note default-x="300">
        <pitch>
          <step>D</step>
          <octave>4</octave>
        </pitch>
        <duration>2</duration>
        <voice>1</voice>
        <type>eighth</type>
        <stem default-y="-10">up</stem>
        <lyric default-y="-109" number="1">
          <syllabic>single</syllabic>
          <text>до</text>
        </lyric>
      </note>
      <note default-x="339">
        <pitch>
          <step>C</step>
          <octave>4</octave>
        </pitch>
        <duration>2</duration>
        <voice>1</voice>
        <type>eighth</type>
        <stem default-y="-15">up</stem>
        <lyric default-y="-109" number="1">
          <syllabic>begin</syllabic>
          <text>дів</text>
        </lyric>
      </note>
      <note default-x="377">
        <pitch>
          <step>G</step>
          <octave>4</octave>
        </pitch>
        <duration>4</duration>
        <voice>1</voice>
        <type>quarter</type>
        <stem default-y="5">up</stem>
        <notations>
          <slur bezier-x="14" bezier-y="12" default-x="18" default-y="-5" number="1" orientation="over" type="start"/>
        </notations>
        <lyric default-y="-109" number="1" relative-x="4">
          <syllabic>middle</syllabic>
          <text>чи</text>
        </lyric>
      </note>
      <note default-x="436">
        <pitch>
          <step>F</step>
          <octave>4</octave>
        </pitch>
        <duration>2</duration>
        <voice>1</voice>
        <type>eighth</type>
        <stem default-y="0">up</stem>
        <notations>
          <slur bezier-x="-13" bezier-y="13" default-x="7" default-y="-7" number="1" type="stop"/>
        </notations>
      </note>
      <note default-x="476">
        <pitch>
          <step>G</step>
          <octave>4</octave>
        </pitch>
        <duration>2</duration>
        <voice>1</voice>
        <type>eighth</type>
        <stem default-y="5">up</stem>
        <lyric default-y="-109" number="1">
          <syllabic>end</syllabic>
          <text>ни,/</text>
        </lyric>
      </note>
      <backup>
        <duration>24</duration>
      </backup>
      <note default-x="85">
        <pitch>
          <step>C</step>
          <octave>4</octave>
        </pitch>
        <duration>4</duration>
        <voice>2</voice>
        <type>quarter</type>
        <stem default-y="-78">down</stem>
      </note>
      <note default-x="85">
        <chord/>
        <pitch>
          <step>E</step>
          <octave>4</octave>
        </pitch>
        <duration>4</duration>
        <voice>2</voice>
        <type>quarter</type>
        <stem>down</stem>
      </note>
      <note default-x="147">
        <pitch>
          <step>C</step>
          <octave>4</octave>
        </pitch>
        <duration>4</duration>
        <voice>2</voice>
        <type>quarter</type>
        <stem default-y="-78">down</stem>
      </note>
      <note default-x="147">
        <chord/>
        <pitch>
          <step>E</step>
          <octave>4</octave>
        </pitch>
        <duration>4</duration>
        <voice>2</voice>
        <type>quarter</type>
        <stem>down</stem>
      </note>
      <note default-x="222">
        <pitch>
          <step>G</step>
          <octave>3</octave>
        </pitch>
        <duration>2</duration>
        <voice>2</voice>
        <type>eighth</type>
        <stem default-y="-100">down</stem>
      </note>
      <note default-x="222">
        <chord/>
        <pitch>
          <step>D</step>
          <octave>4</octave>
        </pitch>
        <duration>2</duration>
        <voice>2</voice>
        <type>eighth</type>
        <stem>down</stem>
      </note>
      <note default-x="262">
        <pitch>
          <step>G</step>
          <octave>3</octave>
        </pitch>
        <duration>2</duration>
        <voice>2</voice>
        <type>eighth</type>
        <stem default-y="-100">down</stem>
      </note>
      <note default-x="262">
        <chord/>
        <pitch>
          <step>C</step>
          <octave>4</octave>
        </pitch>
        <duration>2</duration>
        <voice>2</voice>
        <type>eighth</type>
        <stem>down</stem>
      </note>
      <note default-x="300">
        <pitch>
          <step>G</step>
          <octave>3</octave>
        </pitch>
        <duration>2</duration>
        <voice>2</voice>
        <type>eighth</type>
        <stem default-y="-100">down</stem>
      </note>
      <note default-x="300">
        <chord/>
        <pitch>
          <step>B</step>
          <octave>3</octave>
        </pitch>
        <duration>2</duration>
        <voice>2</voice>
        <type>eighth</type>
        <stem>down</stem>
      </note>
      <note default-x="339">
        <pitch>
          <step>A</step>
          <octave>3</octave>
        </pitch>
        <duration>2</duration>
        <voice>2</voice>
        <type>eighth</type>
        <stem default-y="-95">down</stem>
      </note>
      <note default-x="377">
        <pitch>
          <step>C</step>
          <octave>4</octave>
        </pitch>
        <duration>4</duration>
        <voice>2</voice>
        <type>quarter</type>
        <stem default-y="-78">down</stem>
        <notations>
          <slur bezier-x="8" bezier-y="-18" default-x="6" default-y="-68" number="1" orientation="under" type="start"/>
        </notations>
      </note>
      <note default-x="377">
        <chord/>
        <pitch>
          <step>E</step>
          <octave>4</octave>
        </pitch>
        <duration>4</duration>
        <voice>2</voice>
        <type>quarter</type>
        <stem>down</stem>
      </note>
      <note default-x="436">
        <pitch>
          <step>G</step>
          <octave>3</octave>
        </pitch>
        <duration>2</duration>
        <voice>2</voice>
        <type>eighth</type>
        <stem default-y="-100">down</stem>
        <notations>
          <slur bezier-x="-19" bezier-y="-6" default-x="-5" default-y="-90" number="1" type="stop"/>
        </notations>
      </note>
      <note default-x="436">
        <chord/>
        <pitch>
          <step>D</step>
          <octave>4</octave>
        </pitch>
        <duration>2</duration>
        <voice>2</voice>
        <type>eighth</type>
        <stem>down</stem>
      </note>
      <note default-x="476">
        <pitch>
          <step>C</step>
          <octave>4</octave>
        </pitch>
        <duration>2</duration>
        <voice>2</voice>
        <type>eighth</type>
        <stem default-y="-85">down</stem>
      </note>
      <note default-x="476">
        <chord/>
        <pitch>
          <step>E</step>
          <octave>4</octave>
        </pitch>
        <duration>2</duration>
        <voice>2</voice>
        <type>eighth</type>
        <stem>down</stem>
      </note>
    </measure>
    <!--=======================================================-->
    <measure number="4" width="326">
      <note default-x="16">
        <pitch>
          <step>G</step>
          <octave>4</octave>
        </pitch>
        <duration>4</duration>
        <voice>1</voice>
        <type>quarter</type>
        <stem default-y="5">up</stem>
        <lyric default-y="-109" number="1">
          <syllabic>single</syllabic>
          <text>що</text>
        </lyric>
      </note>
      <note default-x="66">
        <pitch>
          <step>G</step>
          <octave>4</octave>
        </pitch>
        <duration>4</duration>
        <voice>1</voice>
        <type>quarter</type>
        <stem default-y="5">up</stem>
        <lyric default-y="-109" number="1">
          <syllabic>begin</syllabic>
          <text>ко</text>
        </lyric>
      </note>
      <note default-x="116">
        <pitch>
          <step>A</step>
          <octave>4</octave>
        </pitch>
        <duration>2</duration>
        <voice>1</voice>
        <type>eighth</type>
        <stem default-y="10">up</stem>
        <lyric default-y="-109" number="1">
          <syllabic>middle</syllabic>
          <text>за</text>
        </lyric>
      </note>
      <note default-x="147">
        <pitch>
          <step>G</step>
          <octave>4</octave>
        </pitch>
        <duration>2</duration>
        <voice>1</voice>
        <type>eighth</type>
        <stem default-y="5">up</stem>
        <lyric default-y="-109" number="1">
          <syllabic>end</syllabic>
          <text>ка</text>
        </lyric>
      </note>
      <note default-x="185">
        <pitch>
          <step>F</step>
          <octave>4</octave>
        </pitch>
        <duration>4</duration>
        <voice>1</voice>
        <type>quarter</type>
        <stem default-y="0">up</stem>
        <lyric default-y="-109" number="1">
          <syllabic>begin</syllabic>
          <text>вби</text>
        </lyric>
      </note>
      <note default-x="235">
        <pitch>
          <step>C</step>
          <octave>5</octave>
        </pitch>
        <duration>8</duration>
        <voice>1</voice>
        <type>half</type>
        <stem default-y="13.5">up</stem>
        <lyric default-y="-109" number="1">
          <syllabic>end</syllabic>
          <text>то.</text>
        </lyric>
      </note>
      <backup>
        <duration>24</duration>
      </backup>
      <note default-x="16">
        <pitch>
          <step>C</step>
          <octave>4</octave>
        </pitch>
        <duration>4</duration>
        <voice>2</voice>
        <type>quarter</type>
        <stem default-y="-78">down</stem>
      </note>
      <note default-x="16">
        <chord/>
        <pitch>
          <step>E</step>
          <octave>4</octave>
        </pitch>
        <duration>4</duration>
        <voice>2</voice>
        <type>quarter</type>
        <stem>down</stem>
      </note>
      <note default-x="66">
        <pitch>
          <step>C</step>
          <octave>4</octave>
        </pitch>
        <duration>4</duration>
        <voice>2</voice>
        <type>quarter</type>
        <stem default-y="-78">down</stem>
      </note>
      <note default-x="66">
        <chord/>
        <pitch>
          <step>E</step>
          <octave>4</octave>
        </pitch>
        <duration>4</duration>
        <voice>2</voice>
        <type>quarter</type>
        <stem>down</stem>
      </note>
      <note default-x="116">
        <pitch>
          <step>C</step>
          <octave>4</octave>
        </pitch>
        <duration>2</duration>
        <voice>2</voice>
        <type>eighth</type>
        <stem default-y="-85">down</stem>
        <beam number="1">begin</beam>
      </note>
      <note default-x="116">
        <chord/>
        <pitch>
          <step>F</step>
          <octave>4</octave>
        </pitch>
        <duration>2</duration>
        <voice>2</voice>
        <type>eighth</type>
        <stem>down</stem>
      </note>
      <note default-x="147">
        <pitch>
          <step>C</step>
          <octave>4</octave>
        </pitch>
        <duration>1</duration>
        <voice>2</voice>
        <type>16th</type>
        <stem default-y="-85">down</stem>
        <beam number="1">continue</beam>
        <beam number="2">begin</beam>
        <notations>
          <slur bezier-x="5" bezier-y="-7" default-x="1" default-y="-90" number="1" placement="below" type="start"/>
        </notations>
      </note>
      <note default-x="147">
        <chord/>
        <pitch>
          <step>E</step>
          <octave>4</octave>
        </pitch>
        <duration>1</duration>
        <voice>2</voice>
        <type>16th</type>
        <stem>down</stem>
      </note>
      <note default-x="166">
        <pitch>
          <step>C</step>
          <octave>4</octave>
        </pitch>
        <duration>1</duration>
        <voice>2</voice>
        <type>16th</type>
        <stem default-y="-85">down</stem>
        <beam number="1">end</beam>
        <beam number="2">end</beam>
        <notations>
          <slur bezier-x="-5" bezier-y="-7" default-x="0" default-y="-90" number="1" type="stop"/>
        </notations>
      </note>
      <note default-x="185">
        <pitch>
          <step>G</step>
          <octave>3</octave>
        </pitch>
        <duration>4</duration>
        <voice>2</voice>
        <type>quarter</type>
        <stem default-y="-93">down</stem>
      </note>
      <note default-x="185">
        <chord/>
        <pitch>
          <step>D</step>
          <octave>4</octave>
        </pitch>
        <duration>4</duration>
        <voice>2</voice>
        <type>quarter</type>
        <stem>down</stem>
      </note>
      <note default-x="235">
        <pitch>
          <step>C</step>
          <octave>4</octave>
        </pitch>
        <duration>8</duration>
        <voice>2</voice>
        <type>half</type>
        <stem default-y="-78">down</stem>
      </note>
      <barline location="right">
        <bar-style>light-heavy</bar-style>
      </barline>
    </measure>
  </part>
  <!--=========================================================-->
</score-partwise>
