<?xml version="1.0" encoding="UTF-8" standalone="no"?>
<!DOCTYPE score-partwise PUBLIC "-//Recordare//DTD MusicXML 4.0 Partwise//EN" "http://www.musicxml.org/dtds/partwise.dtd">
<score-partwise version="4.0">
  <identification>
    <encoding>
      <software>Finale v27.3 for Windows</software>
      <encoding-date>2024-08-14</encoding-date>
      <supports attribute="new-system" element="print" type="yes" value="yes"/>
      <supports attribute="new-page" element="print" type="yes" value="yes"/>
      <supports element="accidental" type="yes"/>
      <supports element="beam" type="yes"/>
      <supports element="stem" type="yes"/>
    </encoding>
  </identification>
  <defaults>
    <scaling>
      <millimeters>8.4667</millimeters>
      <tenths>40</tenths>
    </scaling>
    <page-layout>
      <page-height>1320</page-height>
      <page-width>1020</page-width>
      <page-margins type="both">
        <left-margin>60</left-margin>
        <right-margin>60</right-margin>
        <top-margin>60</top-margin>
        <bottom-margin>60</bottom-margin>
      </page-margins>
    </page-layout>
    <system-layout>
      <system-margins>
        <left-margin>0</left-margin>
        <right-margin>0</right-margin>
      </system-margins>
      <system-distance>110</system-distance>
      <top-system-distance>67</top-system-distance>
    </system-layout>
    <appearance>
      <line-width type="stem">0.7682</line-width>
      <line-width type="beam">5</line-width>
      <line-width type="staff">0.7682</line-width>
      <line-width type="light barline">0.7682</line-width>
      <line-width type="heavy barline">5</line-width>
      <line-width type="leger">0.7682</line-width>
      <line-width type="ending">0.7682</line-width>
      <line-width type="wedge">0.7682</line-width>
      <line-width type="enclosure">0.7682</line-width>
      <line-width type="tuplet bracket">0.7682</line-width>
      <note-size type="grace">50</note-size>
      <note-size type="cue">50</note-size>
      <distance type="hyphen">60</distance>
      <distance type="beam">7.5</distance>
    </appearance>
    <music-font font-family="Finale Maestro,engraved" font-size="24"/>
    <word-font font-family="Times New Roman" font-size="12"/>
    <lyric-font font-family="Times New Roman" font-size="12"/>
  </defaults>
  <credit page="1">
    <credit-words default-x="306" default-y="1195" font-size="19" valign="top">580. Мала мати одну дочку (13-БР-01б)</credit-words>
  </credit>
  <credit page="1">
    <credit-words default-x="345" default-y="1114" valign="top">86 Помірно</credit-words>
  </credit>
  <credit page="1">
    <credit-words default-x="118" default-y="793" font-size="14" valign="top" xml:space="preserve">1. Мала мати одну дочку (2)
Викупала у медочку.
2. Ой купала, вимивала (2)
Щастя й долі не вгадала.
3. Щастя й долі не вгадала, (2)
За п'яницю заміж дала.
4. А п'яниця п'є, гуляє, (2)
Йде дудому жінку лає:
5. – Біжи, жінко, утопися, (2)
Бо ти ж мені не годися.
6. Пішла жінка до Дунаю, (2)
Із Дунаєм розмовляє:
7. Ой Дунаю-Дунайочку, (2)
Прийми мене хозяйочку.</credit-words>
  </credit>
  <credit page="1">
    <credit-words default-x="528" default-y="45" valign="top">407</credit-words>
  </credit>
  <credit page="1">
    <credit-words default-x="581" default-y="791" font-size="14" valign="top" xml:space="preserve">8. Прийняв отца, прийняв 
                               неньку, (2)
Прийми й мене, молоденьку.
9. А ви, щуки, їжте руки, (2)
А ви, соми, їжте ноги.
10. А водиця, умий лиця, (2)
Прийди, милий, подивись.
11. Прийшов милий до Дунаю, (2)
Із Дунаєм розмовляє:
12. Ой Дунаю-Дунайочку, (2)
Віддай мені хазяйочку.
13. Бо й тепер я біду знаю, (2)
Бо й п'ятеро діток маю.
14. Штири сини, одну дочку (2)
Маленькую в повиточку.</credit-words>
  </credit>
  <credit page="1">
    <credit-words default-x="121" default-y="154" valign="top" xml:space="preserve">Зап. у серпні 2003 р. Панчук О. В. у с. Гриців Шепетівського р-ну Хмельницької обл. від Панчук 
Марії Пилипівни, 1936 р. н. – Касета № 2, ст. А, № 5. Нотація та ред. тексту Єфремової Л. О. № 26.
Вар. зап. 1926 р. Гайдай М. П. у с. Адамівка біля Зінькова (нині Віньковецького р-ну Хмельницької 
обл.) від Івана Васькіна. – ІМФЕ, ф. 6-3, од. зб. 69, арк. 28 (14 зв.), № 40.</credit-words>
  </credit>
  <part-list>
    <score-part id="P1">
      <part-name print-object="no">MusicXML Part</part-name>
      <group>score</group>
      <score-instrument id="P1-I1">
        <instrument-name>Čķńņšóģåķņ 1</instrument-name>
      </score-instrument>
      <midi-instrument id="P1-I1">
        <midi-channel>1</midi-channel>
        <midi-program>1</midi-program>
        <volume>80</volume>
        <pan>0</pan>
      </midi-instrument>
    </score-part>
  </part-list>
  <!--=========================================================-->
  <part id="P1">
    <measure number="1" width="276">
      <print>
        <page-layout>
          <page-height>1320</page-height>
          <page-width>1020</page-width>
          <page-margins>
            <left-margin>121</left-margin>
            <right-margin>60</right-margin>
            <top-margin>60</top-margin>
            <bottom-margin>60</bottom-margin>
          </page-margins>
        </page-layout>
        <system-layout>
          <system-margins>
            <left-margin>59</left-margin>
            <right-margin>1</right-margin>
          </system-margins>
          <top-system-distance>182</top-system-distance>
        </system-layout>
        <measure-numbering>none</measure-numbering>
      </print>
      <attributes>
        <divisions>12</divisions>
        <key>
          <fifths>-3</fifths>
          <mode>major</mode>
        </key>
        <time>
          <beats>2</beats>
          <beat-type>4</beat-type>
        </time>
        <clef>
          <sign>G</sign>
          <line>2</line>
          <clef-octave-change>-1</clef-octave-change>
        </clef>
      </attributes>
      <sound tempo="96">
        <swing>
          <straight/>
        </swing>
      </sound>
      <direction placement="above">
        <direction-type>
          <words default-y="17" relative-x="-126">quarter note equals</words>
        </direction-type>
      </direction>
      <note default-x="128">
        <pitch>
          <step>G</step>
          <octave>3</octave>
        </pitch>
        <duration>6</duration>
        <voice>1</voice>
        <type>eighth</type>
        <stem default-y="5">up</stem>
        <lyric default-y="-80" number="2">
          <syllabic>single</syllabic>
          <text>1.</text>
          <elision> </elision>
          <syllabic>begin</syllabic>
          <text>Ма</text>
        </lyric>
      </note>
      <note default-x="172">
        <pitch>
          <step>B</step>
          <alter>-1</alter>
          <octave>3</octave>
        </pitch>
        <duration>6</duration>
        <voice>1</voice>
        <type>eighth</type>
        <stem default-y="-55">down</stem>
        <lyric default-y="-80" number="2">
          <syllabic>end</syllabic>
          <text>ла</text>
        </lyric>
      </note>
      <note default-x="207">
        <pitch>
          <step>G</step>
          <octave>3</octave>
        </pitch>
        <duration>6</duration>
        <voice>1</voice>
        <type>eighth</type>
        <stem default-y="5">up</stem>
        <lyric default-y="-80" number="2">
          <syllabic>begin</syllabic>
          <text>ма</text>
        </lyric>
      </note>
      <note default-x="242">
        <pitch>
          <step>G</step>
          <octave>3</octave>
        </pitch>
        <duration>6</duration>
        <voice>1</voice>
        <type>eighth</type>
        <stem default-y="5">up</stem>
        <lyric default-y="-80" number="2">
          <syllabic>end</syllabic>
          <text>ти</text>
        </lyric>
      </note>
    </measure>
    <!--=======================================================-->
    <measure number="2" width="143">
      <note default-x="13">
        <pitch>
          <step>E</step>
          <alter>-1</alter>
          <octave>4</octave>
        </pitch>
        <duration>18</duration>
        <voice>1</voice>
        <type>quarter</type>
        <dot/>
        <stem default-y="-40">down</stem>
        <notations>
          <slur bezier-x="23" bezier-y="15" default-x="6" default-y="5" number="1" placement="above" type="start"/>
        </notations>
        <lyric default-y="-80" number="2">
          <syllabic>begin</syllabic>
          <text>од</text>
        </lyric>
      </note>
      <note default-x="70">
        <pitch>
          <step>D</step>
          <octave>4</octave>
        </pitch>
        <duration>2</duration>
        <voice>1</voice>
        <type>16th</type>
        <time-modification>
          <actual-notes>3</actual-notes>
          <normal-notes>2</normal-notes>
        </time-modification>
        <stem default-y="-45">down</stem>
        <beam number="1">begin</beam>
        <beam number="2">begin</beam>
        <notations>
          <tuplet bracket="yes" number="1" placement="below" type="start"/>
        </notations>
      </note>
      <note default-x="89">
        <pitch>
          <step>C</step>
          <octave>4</octave>
        </pitch>
        <duration>2</duration>
        <voice>1</voice>
        <type>16th</type>
        <time-modification>
          <actual-notes>3</actual-notes>
          <normal-notes>2</normal-notes>
        </time-modification>
        <stem default-y="-50">down</stem>
        <beam number="1">end</beam>
        <beam number="2">end</beam>
        <notations>
          <slur bezier-x="-18" bezier-y="20" default-x="6" default-y="-5" number="1" type="stop"/>
        </notations>
      </note>
      <note default-x="116">
        <pitch>
          <step>B</step>
          <alter>-1</alter>
          <octave>3</octave>
        </pitch>
        <duration>2</duration>
        <voice>1</voice>
        <type>16th</type>
        <time-modification>
          <actual-notes>3</actual-notes>
          <normal-notes>2</normal-notes>
        </time-modification>
        <stem default-y="-55">down</stem>
        <notations>
          <tuplet number="1" type="stop"/>
        </notations>
        <lyric default-y="-80" number="2">
          <syllabic>end</syllabic>
          <text>ну</text>
        </lyric>
      </note>
    </measure>
    <!--=======================================================-->
    <measure number="3" width="185">
      <attributes>
        <time>
          <beats>3</beats>
          <beat-type>4</beat-type>
        </time>
      </attributes>
      <note default-x="46">
        <pitch>
          <step>D</step>
          <octave>4</octave>
        </pitch>
        <duration>6</duration>
        <voice>1</voice>
        <type>eighth</type>
        <stem default-y="-45">down</stem>
        <beam number="1">begin</beam>
        <notations>
          <slur bezier-x="12" bezier-y="12" default-x="6" default-y="3" number="1" placement="above" type="start"/>
        </notations>
        <lyric default-y="-80" number="2">
          <syllabic>begin</syllabic>
          <text>доч</text>
        </lyric>
      </note>
      <note default-x="70">
        <pitch>
          <step>E</step>
          <alter>-1</alter>
          <octave>4</octave>
        </pitch>
        <duration>3</duration>
        <voice>1</voice>
        <type>16th</type>
        <stem default-y="-45">down</stem>
        <beam number="1">continue</beam>
        <beam number="2">begin</beam>
      </note>
      <note default-x="88">
        <pitch>
          <step>D</step>
          <octave>4</octave>
        </pitch>
        <duration>3</duration>
        <voice>1</voice>
        <type>16th</type>
        <stem default-y="-45">down</stem>
        <beam number="1">end</beam>
        <beam number="2">end</beam>
        <notations>
          <slur bezier-x="-12" bezier-y="12" default-x="6" default-y="3" number="1" type="stop"/>
        </notations>
      </note>
      <note default-x="106">
        <pitch>
          <step>C</step>
          <octave>4</octave>
        </pitch>
        <duration>18</duration>
        <voice>1</voice>
        <type>quarter</type>
        <dot/>
        <stem default-y="-50">down</stem>
        <lyric default-y="-80" number="2" relative-x="8">
          <syllabic>end</syllabic>
          <text>ку,/</text>
        </lyric>
      </note>
      <note default-x="159">
        <rest/>
        <duration>6</duration>
        <voice>1</voice>
        <type>eighth</type>
      </note>
    </measure>
    <!--=======================================================-->
    <measure number="4" width="175">
      <attributes>
        <time>
          <beats>2</beats>
          <beat-type>4</beat-type>
        </time>
      </attributes>
      <note default-x="46">
        <pitch>
          <step>E</step>
          <alter>-1</alter>
          <octave>4</octave>
        </pitch>
        <duration>6</duration>
        <voice>1</voice>
        <type>eighth</type>
        <stem default-y="-40">down</stem>
        <lyric default-y="-80" number="2">
          <syllabic>begin</syllabic>
          <text>ма</text>
        </lyric>
      </note>
      <note default-x="78">
        <pitch>
          <step>E</step>
          <alter>-1</alter>
          <octave>4</octave>
        </pitch>
        <duration>6</duration>
        <voice>1</voice>
        <type>eighth</type>
        <stem default-y="-40">down</stem>
        <lyric default-y="-80" number="2">
          <syllabic>end</syllabic>
          <text>ла</text>
        </lyric>
      </note>
      <note default-x="110">
        <pitch>
          <step>D</step>
          <octave>4</octave>
        </pitch>
        <duration>6</duration>
        <voice>1</voice>
        <type>eighth</type>
        <stem default-y="-45">down</stem>
        <lyric default-y="-80" number="2">
          <syllabic>begin</syllabic>
          <text>ма</text>
        </lyric>
      </note>
      <note default-x="142">
        <pitch>
          <step>C</step>
          <octave>4</octave>
        </pitch>
        <duration>6</duration>
        <voice>1</voice>
        <type>eighth</type>
        <stem default-y="-50">down</stem>
        <lyric default-y="-80" number="2">
          <syllabic>end</syllabic>
          <text>ти</text>
        </lyric>
      </note>
    </measure>
    <!--=======================================================-->
    <measure number="5" width="226">
      <print new-system="yes">
        <system-layout>
          <system-distance>53</system-distance>
        </system-layout>
      </print>
      <note default-x="96">
        <pitch>
          <step>B</step>
          <alter>-1</alter>
          <octave>3</octave>
        </pitch>
        <duration>12</duration>
        <voice>1</voice>
        <type>quarter</type>
        <stem default-y="-55">down</stem>
        <notations>
          <slur bezier-x="16" bezier-y="15" default-x="6" default-y="-7" number="1" placement="above" type="start"/>
        </notations>
        <lyric default-y="-68" number="2">
          <syllabic>begin</syllabic>
          <text>од</text>
        </lyric>
      </note>
      <note default-x="154">
        <pitch>
          <step>C</step>
          <octave>4</octave>
        </pitch>
        <duration>6</duration>
        <voice>1</voice>
        <type>eighth</type>
        <stem default-y="-50">down</stem>
        <notations>
          <slur bezier-x="-17" bezier-y="14" default-x="6" default-y="-5" number="1" type="stop"/>
        </notations>
      </note>
      <note default-x="190">
        <pitch>
          <step>A</step>
          <alter>-1</alter>
          <octave>3</octave>
        </pitch>
        <duration>6</duration>
        <voice>1</voice>
        <type>eighth</type>
        <stem default-y="10">up</stem>
        <lyric default-y="-68" number="2">
          <syllabic>end</syllabic>
          <text>ну</text>
        </lyric>
      </note>
    </measure>
    <!--=======================================================-->
    <measure number="6" width="219">
      <attributes>
        <time>
          <beats>3</beats>
          <beat-type>4</beat-type>
        </time>
      </attributes>
      <note default-x="46">
        <pitch>
          <step>G</step>
          <octave>3</octave>
        </pitch>
        <duration>9</duration>
        <voice>1</voice>
        <type>eighth</type>
        <dot/>
        <stem default-y="5">up</stem>
        <beam number="1">begin</beam>
        <notations>
          <slur bezier-x="13" bezier-y="-12" default-x="6" default-y="-43" number="1" placement="below" type="start"/>
        </notations>
        <lyric default-y="-68" number="2">
          <syllabic>begin</syllabic>
          <text>доч</text>
        </lyric>
      </note>
      <note default-x="91">
        <pitch>
          <step>F</step>
          <octave>3</octave>
        </pitch>
        <duration>3</duration>
        <voice>1</voice>
        <type>16th</type>
        <stem default-y="0">up</stem>
        <beam number="1">end</beam>
        <beam number="2">backward hook</beam>
        <notations>
          <slur bezier-x="-13" bezier-y="-12" default-x="6" default-y="-45" number="1" type="stop"/>
        </notations>
      </note>
      <note default-x="112">
        <pitch>
          <step>F</step>
          <octave>3</octave>
        </pitch>
        <duration>18</duration>
        <voice>1</voice>
        <type>quarter</type>
        <dot/>
        <stem default-y="0">up</stem>
        <lyric default-y="-68" number="2" relative-x="6">
          <syllabic>end</syllabic>
          <text>ку/</text>
        </lyric>
      </note>
      <note default-x="184">
        <rest/>
        <duration>6</duration>
        <voice>1</voice>
        <type>eighth</type>
      </note>
    </measure>
    <!--=======================================================-->
    <measure number="7" width="218">
      <attributes>
        <time>
          <beats>2</beats>
          <beat-type>4</beat-type>
        </time>
      </attributes>
      <note default-x="46">
        <pitch>
          <step>D</step>
          <octave>4</octave>
        </pitch>
        <duration>6</duration>
        <voice>1</voice>
        <type>eighth</type>
        <stem default-y="-45">down</stem>
        <lyric default-y="-68" number="2">
          <syllabic>begin</syllabic>
          <text>ви</text>
        </lyric>
      </note>
      <note default-x="89">
        <pitch>
          <step>E</step>
          <alter>-1</alter>
          <octave>4</octave>
        </pitch>
        <duration>6</duration>
        <voice>1</voice>
        <type>eighth</type>
        <stem default-y="-40">down</stem>
        <lyric default-y="-68" number="2">
          <syllabic>middle</syllabic>
          <text>ку</text>
        </lyric>
      </note>
      <note default-x="132">
        <pitch>
          <step>D</step>
          <octave>4</octave>
        </pitch>
        <duration>6</duration>
        <voice>1</voice>
        <type>eighth</type>
        <stem default-y="-45">down</stem>
        <lyric default-y="-68" number="2">
          <syllabic>middle</syllabic>
          <text>па</text>
        </lyric>
      </note>
      <note default-x="175">
        <pitch>
          <step>C</step>
          <octave>4</octave>
        </pitch>
        <duration>6</duration>
        <voice>1</voice>
        <type>eighth</type>
        <stem default-y="-50">down</stem>
        <lyric default-y="-68" number="2">
          <syllabic>end</syllabic>
          <text>ла</text>
        </lyric>
      </note>
    </measure>
    <!--=======================================================-->
    <measure number="8" width="176">
      <note default-x="13">
        <pitch>
          <step>B</step>
          <alter>-1</alter>
          <octave>3</octave>
        </pitch>
        <duration>12</duration>
        <voice>1</voice>
        <type>quarter</type>
        <stem default-y="-55">down</stem>
        <notations>
          <slur bezier-x="16" bezier-y="15" default-x="6" default-y="-7" number="1" placement="above" type="start"/>
        </notations>
        <lyric default-y="-68" number="2">
          <syllabic>single</syllabic>
          <text>у</text>
        </lyric>
      </note>
      <note default-x="71">
        <pitch>
          <step>C</step>
          <octave>4</octave>
        </pitch>
        <duration>6</duration>
        <voice>1</voice>
        <type>eighth</type>
        <stem default-y="-50">down</stem>
        <notations>
          <slur bezier-x="-17" bezier-y="14" default-x="6" default-y="-5" number="1" type="stop"/>
        </notations>
      </note>
      <note default-x="108">
        <pitch>
          <step>A</step>
          <alter>-1</alter>
          <octave>3</octave>
        </pitch>
        <duration>6</duration>
        <voice>1</voice>
        <type>eighth</type>
        <stem default-y="10">up</stem>
        <lyric default-y="-68" number="2">
          <syllabic>begin</syllabic>
          <text>ме</text>
        </lyric>
      </note>
    </measure>
    <!--=======================================================-->
    <measure number="9" width="839">
      <print new-system="yes">
        <system-layout>
          <system-distance>47</system-distance>
        </system-layout>
      </print>
      <attributes>
        <time>
          <beats>3</beats>
          <beat-type>4</beat-type>
        </time>
      </attributes>
      <note default-x="129">
        <pitch>
          <step>G</step>
          <octave>3</octave>
        </pitch>
        <duration>24</duration>
        <tie type="start"/>
        <voice>1</voice>
        <type>half</type>
        <stem default-y="5">up</stem>
        <notations>
          <tied type="start"/>
        </notations>
        <lyric default-y="-82" number="2">
          <syllabic>middle</syllabic>
          <text>до</text>
        </lyric>
      </note>
      <note default-x="526">
        <pitch>
          <step>G</step>
          <octave>3</octave>
        </pitch>
        <duration>6</duration>
        <tie type="stop"/>
        <voice>1</voice>
        <type>eighth</type>
        <stem default-y="5">up</stem>
        <notations>
          <tied type="stop"/>
        </notations>
      </note>
      <note default-x="678">
        <pitch>
          <step>G</step>
          <octave>3</octave>
        </pitch>
        <duration>6</duration>
        <voice>1</voice>
        <type>eighth</type>
        <stem default-y="5">up</stem>
        <notehead filled="yes">x</notehead>
        <lyric default-y="-82" number="2" relative-x="10">
          <syllabic>end</syllabic>
          <text>чк(у).</text>
        </lyric>
      </note>
      <barline location="right">
        <bar-style>light-heavy</bar-style>
      </barline>
    </measure>
  </part>
  <!--=========================================================-->
</score-partwise>
