<?xml version="1.0" encoding="UTF-8" standalone="no"?>
<!DOCTYPE score-partwise PUBLIC "-//Recordare//DTD MusicXML 4.0 Partwise//EN" "http://www.musicxml.org/dtds/partwise.dtd">
<score-partwise version="4.0">
  <identification>
    <encoding>
      <software>Finale v27.3 for Windows</software>
      <encoding-date>2024-08-14</encoding-date>
      <supports attribute="new-system" element="print" type="yes" value="yes"/>
      <supports attribute="new-page" element="print" type="yes" value="yes"/>
      <supports element="accidental" type="yes"/>
      <supports element="beam" type="yes"/>
      <supports element="stem" type="yes"/>
    </encoding>
  </identification>
  <defaults>
    <scaling>
      <millimeters>8.4667</millimeters>
      <tenths>40</tenths>
    </scaling>
    <page-layout>
      <page-height>1320</page-height>
      <page-width>1020</page-width>
      <page-margins type="both">
        <left-margin>60</left-margin>
        <right-margin>60</right-margin>
        <top-margin>60</top-margin>
        <bottom-margin>60</bottom-margin>
      </page-margins>
    </page-layout>
    <system-layout>
      <system-margins>
        <left-margin>0</left-margin>
        <right-margin>0</right-margin>
      </system-margins>
      <system-distance>110</system-distance>
      <top-system-distance>67</top-system-distance>
    </system-layout>
    <appearance>
      <line-width type="stem">0.7682</line-width>
      <line-width type="beam">5</line-width>
      <line-width type="staff">0.7682</line-width>
      <line-width type="light barline">0.7682</line-width>
      <line-width type="heavy barline">5</line-width>
      <line-width type="leger">0.7682</line-width>
      <line-width type="ending">0.7682</line-width>
      <line-width type="wedge">0.7682</line-width>
      <line-width type="enclosure">0.7682</line-width>
      <line-width type="tuplet bracket">0.7682</line-width>
      <note-size type="grace">50</note-size>
      <note-size type="cue">50</note-size>
      <distance type="hyphen">60</distance>
      <distance type="beam">7.5</distance>
    </appearance>
    <music-font font-family="Finale Maestro,engraved" font-size="24"/>
    <word-font font-family="Times New Roman" font-size="12"/>
    <lyric-font font-family="Times New Roman" font-size="12"/>
  </defaults>
  <credit page="1">
    <credit-words default-x="333" default-y="1036" font-size="20" valign="top">572. Ой у полі озеречко (11-БР-05)</credit-words>
  </credit>
  <credit page="1">
    <credit-words default-x="345" default-y="1000" font-size="11" valign="top">108 </credit-words>
    <credit-words font-size="12">Рухливо</credit-words>
  </credit>
  <credit page="1">
    <credit-words default-x="151" default-y="720" font-size="18" valign="top" xml:space="preserve">1. Ой у полі озеречко, 
Там пливало відеречко,
</credit-words>
    <credit-words font-size="17">|: </credit-words>
    <credit-words font-size="18" xml:space="preserve">Соснові клепки, 
Дубовеє денце, 
Не цураймося, серце. :|
2. Бо як будем цуратися, 
Будуть люди сміятися
</credit-words>
    <credit-words font-size="17">|: </credit-words>
    <credit-words font-size="18" xml:space="preserve">З тебе і з мене, (2) 
Що ти ходив до мене. :|
3. Там пливало відеречко 
Троє суток із водою...
</credit-words>
    <credit-words font-size="17">|: </credit-words>
    <credit-words font-size="18" xml:space="preserve">– Вийди, дівчино, 
Вийди, рибчино, 
Поговорю я з тобою. :|
4. – Ой рада б виходити 
І з тобою говорити,</credit-words>
  </credit>
  <credit page="1">
    <credit-words default-x="124" default-y="124" valign="top" xml:space="preserve">Зап. 1987 р. Гримич М. В. у с. Мокіївці Шепетівського р-ну Хмельницької обл. від Уланової Г. С., 
1907 р. н. Мел. ред. Єфремова Л. О. – ІМФЕ, ф. 14-5, од. зб. 508, арк. 30, фонозапис ф. 14-10, од. 
зб. 1677. </credit-words>
  </credit>
  <credit page="1">
    <credit-words default-x="569" default-y="720" font-size="17" valign="top">|: </credit-words>
    <credit-words font-size="18" xml:space="preserve">Лежить нелюбий 
На правій рученьці, 
Та й боюся розбудити. :|
5. – Ой дівчино моя люба, 
Одвернися од нелюба.
</credit-words>
    <credit-words font-size="17">|: </credit-words>
    <credit-words font-size="18" xml:space="preserve">– Сідлай коняку, 
Виїжджай із двора, 
Бо ти не мій, я не твоя! :|
6. Козак коника сідлає, 
До Дуная виїжджає:
</credit-words>
    <credit-words font-size="17">|: </credit-words>
    <credit-words font-size="18" xml:space="preserve">– Рисю, мій коню, 
Рисю, вороненький, 
Та й їдемо до Дунаю. :|
7. Коло тихого Дунаю 
Та й стану я, подумаю:
</credit-words>
    <credit-words font-size="17">|: </credit-words>
    <credit-words font-size="18" xml:space="preserve">Чи мені убиться, 
Ой чи утопиться, 
Чи назад поворотиться? :|</credit-words>
  </credit>
  <credit page="1">
    <credit-words default-x="521" default-y="45" valign="top">401</credit-words>
  </credit>
  <part-list>
    <score-part id="P1">
      <part-name print-object="no">MusicXML Part</part-name>
      <group>score</group>
      <score-instrument id="P1-I1">
        <instrument-name>Čķńņšóģåķņ 1</instrument-name>
      </score-instrument>
      <midi-instrument id="P1-I1">
        <midi-channel>1</midi-channel>
        <midi-program>1</midi-program>
        <volume>80</volume>
        <pan>0</pan>
      </midi-instrument>
    </score-part>
  </part-list>
  <!--=========================================================-->
  <part id="P1">
    <measure number="1" width="416">
      <print>
        <page-layout>
          <page-height>1320</page-height>
          <page-width>1020</page-width>
          <page-margins>
            <left-margin>121</left-margin>
            <right-margin>60</right-margin>
            <top-margin>60</top-margin>
            <bottom-margin>60</bottom-margin>
          </page-margins>
        </page-layout>
        <system-layout>
          <system-margins>
            <left-margin>61</left-margin>
            <right-margin>0</right-margin>
          </system-margins>
          <top-system-distance>293</top-system-distance>
        </system-layout>
        <measure-numbering>none</measure-numbering>
      </print>
      <attributes>
        <divisions>2</divisions>
        <key>
          <fifths>-2</fifths>
          <mode>major</mode>
        </key>
        <time>
          <beats>6</beats>
          <beat-type>4</beat-type>
        </time>
        <clef>
          <sign>G</sign>
          <line>2</line>
        </clef>
      </attributes>
      <sound tempo="96">
        <swing>
          <straight/>
        </swing>
      </sound>
      <direction placement="above">
        <direction-type>
          <words default-y="21" relative-x="-111">quarter note equals</words>
        </direction-type>
      </direction>
      <note default-x="118">
        <pitch>
          <step>G</step>
          <octave>4</octave>
        </pitch>
        <duration>1</duration>
        <voice>1</voice>
        <type>eighth</type>
        <stem default-y="5">up</stem>
        <lyric default-y="-67" number="1">
          <syllabic>single</syllabic>
          <text>1.</text>
          <elision> </elision>
          <syllabic>single</syllabic>
          <text>Ой</text>
        </lyric>
      </note>
      <note default-x="156">
        <pitch>
          <step>G</step>
          <octave>4</octave>
        </pitch>
        <duration>1</duration>
        <voice>1</voice>
        <type>eighth</type>
        <stem default-y="5">up</stem>
        <lyric default-y="-67" number="1">
          <syllabic>single</syllabic>
          <text>у</text>
        </lyric>
      </note>
      <note default-x="189">
        <pitch>
          <step>C</step>
          <octave>5</octave>
        </pitch>
        <duration>1</duration>
        <voice>1</voice>
        <type>eighth</type>
        <stem default-y="-50">down</stem>
        <lyric default-y="-67" number="1">
          <syllabic>begin</syllabic>
          <text>по</text>
        </lyric>
      </note>
      <note default-x="219">
        <pitch>
          <step>C</step>
          <octave>5</octave>
        </pitch>
        <duration>1</duration>
        <voice>1</voice>
        <type>eighth</type>
        <stem default-y="-50">down</stem>
        <lyric default-y="-67" number="1">
          <syllabic>end</syllabic>
          <text>лі</text>
        </lyric>
      </note>
      <note default-x="245">
        <pitch>
          <step>B</step>
          <alter>-1</alter>
          <octave>4</octave>
        </pitch>
        <duration>1</duration>
        <voice>1</voice>
        <type>eighth</type>
        <stem default-y="-55">down</stem>
        <lyric default-y="-67" number="1">
          <syllabic>begin</syllabic>
          <text>о</text>
        </lyric>
      </note>
      <note default-x="271">
        <pitch>
          <step>C</step>
          <octave>5</octave>
        </pitch>
        <duration>1</duration>
        <voice>1</voice>
        <type>eighth</type>
        <stem default-y="-50">down</stem>
        <lyric default-y="-67" number="1">
          <syllabic>middle</syllabic>
          <text>зе</text>
        </lyric>
      </note>
      <note default-x="298">
        <pitch>
          <step>D</step>
          <octave>5</octave>
        </pitch>
        <duration>1</duration>
        <voice>1</voice>
        <type>eighth</type>
        <stem default-y="-50">down</stem>
        <beam number="1">begin</beam>
        <notations>
          <slur bezier-x="11" bezier-y="5" default-x="6" default-y="3" number="1" placement="above" type="start"/>
        </notations>
        <lyric default-y="-67" number="1" relative-x="9">
          <syllabic>middle</syllabic>
          <text>реч</text>
        </lyric>
      </note>
      <note default-x="322">
        <pitch>
          <step>B</step>
          <alter>-1</alter>
          <octave>4</octave>
        </pitch>
        <duration>1</duration>
        <voice>1</voice>
        <type>eighth</type>
        <stem default-y="-55">down</stem>
        <beam number="1">end</beam>
        <notations>
          <slur bezier-x="-4" bezier-y="11" default-x="6" default-y="-7" number="1" type="stop"/>
        </notations>
      </note>
      <note default-x="350">
        <pitch>
          <step>E</step>
          <alter>-1</alter>
          <octave>5</octave>
        </pitch>
        <duration>4</duration>
        <voice>1</voice>
        <type>half</type>
        <stem default-y="-40">down</stem>
        <lyric default-y="-67" number="1">
          <syllabic>end</syllabic>
          <text>ко,/</text>
        </lyric>
      </note>
    </measure>
    <!--=======================================================-->
    <measure number="2" width="362">
      <note default-x="13">
        <pitch>
          <step>D</step>
          <octave>5</octave>
        </pitch>
        <duration>1</duration>
        <voice>1</voice>
        <type>eighth</type>
        <stem default-y="-45">down</stem>
        <lyric default-y="-67" number="1">
          <syllabic>single</syllabic>
          <text>там</text>
        </lyric>
      </note>
      <note default-x="54">
        <pitch>
          <step>E</step>
          <alter>-1</alter>
          <octave>5</octave>
        </pitch>
        <duration>1</duration>
        <voice>1</voice>
        <type>eighth</type>
        <stem default-y="-40">down</stem>
        <lyric default-y="-67" number="1">
          <syllabic>begin</syllabic>
          <text>пли</text>
        </lyric>
      </note>
      <note default-x="90">
        <pitch>
          <step>F</step>
          <octave>5</octave>
        </pitch>
        <duration>1</duration>
        <voice>1</voice>
        <type>eighth</type>
        <stem default-y="-35">down</stem>
        <lyric default-y="-67" number="1">
          <syllabic>middle</syllabic>
          <text>ва</text>
        </lyric>
      </note>
      <note default-x="121">
        <pitch>
          <step>E</step>
          <alter>-1</alter>
          <octave>5</octave>
        </pitch>
        <duration>1</duration>
        <voice>1</voice>
        <type>eighth</type>
        <stem default-y="-40">down</stem>
        <lyric default-y="-67" number="1">
          <syllabic>end</syllabic>
          <text>ло</text>
        </lyric>
      </note>
      <note default-x="151">
        <pitch>
          <step>D</step>
          <octave>5</octave>
        </pitch>
        <duration>1</duration>
        <voice>1</voice>
        <type>eighth</type>
        <stem default-y="-45">down</stem>
        <lyric default-y="-67" number="1">
          <syllabic>begin</syllabic>
          <text>ві</text>
        </lyric>
      </note>
      <note default-x="180">
        <pitch>
          <step>C</step>
          <octave>5</octave>
        </pitch>
        <duration>1</duration>
        <voice>1</voice>
        <type>eighth</type>
        <stem default-y="-50">down</stem>
        <lyric default-y="-67" number="1">
          <syllabic>middle</syllabic>
          <text>де</text>
        </lyric>
      </note>
      <note default-x="209">
        <pitch>
          <step>B</step>
          <alter>-1</alter>
          <octave>4</octave>
        </pitch>
        <duration>1</duration>
        <voice>1</voice>
        <type>eighth</type>
        <stem default-y="15">up</stem>
        <beam number="1">begin</beam>
        <notations>
          <slur bezier-x="7" bezier-y="-9" default-x="6" default-y="-33" number="1" placement="below" type="start"/>
        </notations>
        <lyric default-y="-67" number="1" relative-x="8">
          <syllabic>middle</syllabic>
          <text>реч</text>
        </lyric>
      </note>
      <note default-x="234">
        <pitch>
          <step>A</step>
          <octave>4</octave>
        </pitch>
        <duration>1</duration>
        <voice>1</voice>
        <type>eighth</type>
        <stem default-y="10">up</stem>
        <beam number="1">end</beam>
        <notations>
          <slur bezier-x="-8" bezier-y="-7" default-x="6" default-y="-35" number="1" type="stop"/>
        </notations>
      </note>
      <note default-x="263">
        <pitch>
          <step>G</step>
          <octave>4</octave>
        </pitch>
        <duration>4</duration>
        <voice>1</voice>
        <type>half</type>
        <stem default-y="5">up</stem>
        <lyric default-y="-67" number="1">
          <syllabic>end</syllabic>
          <text>ко,/</text>
        </lyric>
      </note>
    </measure>
    <!--=======================================================-->
    <measure number="3" width="323">
      <print new-system="yes">
        <system-layout>
          <system-margins>
            <left-margin>1</left-margin>
            <right-margin>0</right-margin>
          </system-margins>
          <system-distance>54</system-distance>
        </system-layout>
      </print>
      <barline location="left">
        <bar-style>heavy-light</bar-style>
        <repeat direction="forward" winged="none"/>
      </barline>
      <attributes>
        <time>
          <beats>3</beats>
          <beat-type>4</beat-type>
        </time>
      </attributes>
      <note default-x="136">
        <pitch>
          <step>E</step>
          <alter>-1</alter>
          <octave>5</octave>
        </pitch>
        <duration>2</duration>
        <voice>1</voice>
        <type>quarter</type>
        <stem default-y="-40">down</stem>
        <lyric default-y="-65" number="2">
          <syllabic>begin</syllabic>
          <text>со</text>
        </lyric>
      </note>
      <note default-x="173">
        <pitch>
          <step>E</step>
          <alter>-1</alter>
          <octave>5</octave>
        </pitch>
        <duration>1</duration>
        <voice>1</voice>
        <type>eighth</type>
        <stem default-y="-40">down</stem>
        <lyric default-y="-65" number="2">
          <syllabic>middle</syllabic>
          <text>сно</text>
        </lyric>
      </note>
      <note default-x="206">
        <pitch>
          <step>E</step>
          <alter>-1</alter>
          <octave>5</octave>
        </pitch>
        <duration>1</duration>
        <voice>1</voice>
        <type>eighth</type>
        <stem default-y="-40">down</stem>
        <lyric default-y="-65" number="2">
          <syllabic>end</syllabic>
          <text>ві</text>
        </lyric>
      </note>
      <note default-x="244">
        <pitch>
          <step>F</step>
          <octave>5</octave>
        </pitch>
        <duration>1</duration>
        <voice>1</voice>
        <type>eighth</type>
        <stem default-y="-35">down</stem>
        <lyric default-y="-65" number="2">
          <syllabic>begin</syllabic>
          <text>клеп</text>
        </lyric>
      </note>
      <note default-x="289">
        <pitch>
          <step>E</step>
          <alter>-1</alter>
          <octave>5</octave>
        </pitch>
        <duration>1</duration>
        <voice>1</voice>
        <type>eighth</type>
        <stem default-y="-40">down</stem>
        <lyric default-y="-65" number="2">
          <syllabic>end</syllabic>
          <text>ки,/</text>
        </lyric>
      </note>
    </measure>
    <!--=======================================================-->
    <measure number="4" width="201">
      <note default-x="13">
        <pitch>
          <step>D</step>
          <octave>5</octave>
        </pitch>
        <duration>1</duration>
        <voice>1</voice>
        <type>eighth</type>
        <stem default-y="-45">down</stem>
        <lyric default-y="-65" number="2">
          <syllabic>begin</syllabic>
          <text>ду</text>
        </lyric>
      </note>
      <note default-x="45">
        <pitch>
          <step>D</step>
          <octave>5</octave>
        </pitch>
        <duration>1</duration>
        <voice>1</voice>
        <type>eighth</type>
        <stem default-y="-45">down</stem>
        <lyric default-y="-65" number="2">
          <syllabic>middle</syllabic>
          <text>бо</text>
        </lyric>
      </note>
      <note default-x="75">
        <pitch>
          <step>D</step>
          <octave>5</octave>
        </pitch>
        <duration>1</duration>
        <voice>1</voice>
        <type>eighth</type>
        <stem default-y="-45">down</stem>
        <lyric default-y="-65" number="2">
          <syllabic>middle</syllabic>
          <text>ве</text>
        </lyric>
      </note>
      <note default-x="99">
        <pitch>
          <step>C</step>
          <octave>5</octave>
        </pitch>
        <duration>1</duration>
        <voice>1</voice>
        <type>eighth</type>
        <stem default-y="-50">down</stem>
        <lyric default-y="-65" number="2">
          <syllabic>end</syllabic>
          <text>є</text>
        </lyric>
      </note>
      <note default-x="128">
        <pitch>
          <step>E</step>
          <alter>-1</alter>
          <octave>5</octave>
        </pitch>
        <duration>1</duration>
        <voice>1</voice>
        <type>eighth</type>
        <stem default-y="-40">down</stem>
        <lyric default-y="-65" number="2">
          <syllabic>begin</syllabic>
          <text>ден</text>
        </lyric>
      </note>
      <note default-x="168">
        <pitch>
          <step>D</step>
          <octave>5</octave>
        </pitch>
        <duration>1</duration>
        <voice>1</voice>
        <type>eighth</type>
        <stem default-y="-45">down</stem>
        <lyric default-y="-65" number="2">
          <syllabic>end</syllabic>
          <text>це,/</text>
        </lyric>
      </note>
    </measure>
    <!--=======================================================-->
    <measure number="5" width="179">
      <note default-x="13">
        <pitch>
          <step>C</step>
          <octave>5</octave>
        </pitch>
        <duration>1</duration>
        <voice>1</voice>
        <type>eighth</type>
        <stem default-y="-50">down</stem>
        <lyric default-y="-65" number="2">
          <syllabic>single</syllabic>
          <text>не</text>
        </lyric>
      </note>
      <note default-x="44">
        <pitch>
          <step>C</step>
          <octave>5</octave>
        </pitch>
        <duration>1</duration>
        <voice>1</voice>
        <type>eighth</type>
        <stem default-y="-50">down</stem>
        <lyric default-y="-65" number="2">
          <syllabic>begin</syllabic>
          <text>цу</text>
        </lyric>
      </note>
      <note default-x="79">
        <pitch>
          <step>E</step>
          <alter>-1</alter>
          <octave>5</octave>
        </pitch>
        <duration>2</duration>
        <voice>1</voice>
        <type>quarter</type>
        <stem default-y="-40">down</stem>
        <lyric default-y="-65" number="2">
          <syllabic>middle</syllabic>
          <text>рай</text>
        </lyric>
      </note>
      <note default-x="117">
        <pitch>
          <step>D</step>
          <octave>5</octave>
        </pitch>
        <duration>1</duration>
        <voice>1</voice>
        <type>eighth</type>
        <stem default-y="-45">down</stem>
        <lyric default-y="-65" number="2">
          <syllabic>middle</syllabic>
          <text>мо</text>
        </lyric>
      </note>
      <note default-x="148">
        <pitch>
          <step>C</step>
          <octave>5</octave>
        </pitch>
        <duration>1</duration>
        <voice>1</voice>
        <type>eighth</type>
        <stem default-y="-50">down</stem>
        <lyric default-y="-65" number="2">
          <syllabic>end</syllabic>
          <text>ся,</text>
        </lyric>
      </note>
    </measure>
    <!--=======================================================-->
    <measure number="6" width="135">
      <note default-x="13">
        <pitch>
          <step>B</step>
          <alter>-1</alter>
          <octave>4</octave>
        </pitch>
        <duration>1</duration>
        <voice>1</voice>
        <type>eighth</type>
        <stem default-y="15">up</stem>
        <beam number="1">begin</beam>
        <notations>
          <slur bezier-x="6" bezier-y="-8" default-x="6" default-y="-33" number="1" placement="below" type="start"/>
        </notations>
        <lyric default-y="-65" number="2">
          <syllabic>begin</syllabic>
          <text>сер</text>
        </lyric>
      </note>
      <note default-x="36">
        <pitch>
          <step>A</step>
          <octave>4</octave>
        </pitch>
        <duration>1</duration>
        <voice>1</voice>
        <type>eighth</type>
        <stem default-y="10">up</stem>
        <beam number="1">end</beam>
        <notations>
          <slur bezier-x="-7" bezier-y="-7" default-x="6" default-y="-35" number="1" type="stop"/>
        </notations>
      </note>
      <note default-x="58">
        <pitch>
          <step>G</step>
          <octave>4</octave>
        </pitch>
        <duration>4</duration>
        <voice>1</voice>
        <type>half</type>
        <stem default-y="5">up</stem>
        <lyric default-y="-65" number="2">
          <syllabic>end</syllabic>
          <text>це.</text>
        </lyric>
      </note>
      <barline location="right">
        <bar-style>light-heavy</bar-style>
        <repeat direction="backward" winged="none"/>
      </barline>
    </measure>
  </part>
  <!--=========================================================-->
</score-partwise>
