<?xml version="1.0" encoding="UTF-8" standalone="no"?>
<!DOCTYPE score-partwise PUBLIC "-//Recordare//DTD MusicXML 4.0 Partwise//EN" "http://www.musicxml.org/dtds/partwise.dtd">
<score-partwise version="4.0">
  <identification>
    <encoding>
      <software>Finale v27.3 for Windows</software>
      <encoding-date>2024-08-15</encoding-date>
      <supports attribute="new-system" element="print" type="yes" value="yes"/>
      <supports attribute="new-page" element="print" type="yes" value="yes"/>
      <supports element="accidental" type="yes"/>
      <supports element="beam" type="yes"/>
      <supports element="stem" type="yes"/>
    </encoding>
  </identification>
  <defaults>
    <scaling>
      <millimeters>8.4667</millimeters>
      <tenths>40</tenths>
    </scaling>
    <page-layout>
      <page-height>1320</page-height>
      <page-width>1020</page-width>
      <page-margins type="both">
        <left-margin>60</left-margin>
        <right-margin>60</right-margin>
        <top-margin>60</top-margin>
        <bottom-margin>60</bottom-margin>
      </page-margins>
    </page-layout>
    <system-layout>
      <system-margins>
        <left-margin>0</left-margin>
        <right-margin>0</right-margin>
      </system-margins>
      <system-distance>110</system-distance>
      <top-system-distance>67</top-system-distance>
    </system-layout>
    <appearance>
      <line-width type="stem">0.7682</line-width>
      <line-width type="beam">5</line-width>
      <line-width type="staff">0.7682</line-width>
      <line-width type="light barline">0.7682</line-width>
      <line-width type="heavy barline">5</line-width>
      <line-width type="leger">0.7682</line-width>
      <line-width type="ending">0.7682</line-width>
      <line-width type="wedge">0.7682</line-width>
      <line-width type="enclosure">0.7682</line-width>
      <line-width type="tuplet bracket">0.7682</line-width>
      <note-size type="grace">50</note-size>
      <note-size type="cue">50</note-size>
      <distance type="hyphen">60</distance>
      <distance type="beam">7.5</distance>
    </appearance>
    <music-font font-family="Finale Maestro,engraved" font-size="24"/>
    <word-font font-family="Times New Roman" font-size="12"/>
    <lyric-font font-family="Times New Roman" font-size="12"/>
  </defaults>
  <credit page="1">
    <credit-words default-x="270" default-y="1260" font-size="19" valign="top">507. Черешенька – не вишенька (07-БК-08)</credit-words>
  </credit>
  <credit page="1">
    <credit-words default-x="136" default-y="1021" font-size="17" valign="top" xml:space="preserve">1. – Черешенька – не вишенька, 
Ягідки дрібненькі,
Та чого ж ми ся полюбили, 
Такі й молоденькі?*
2. Та полюбили, та й полюбили 
На тяжкії жалі,
Ти лишися, як голубка, 
А я піду й далі.
3. Та як будеш ти, дівчинонько, 
За мною тужити,
Як я сяду та й поїду 
Царьові служити? 
4. – Ой не буду я тужити, 
Не буду й не буду,
Ти – за гуру, я – за другу, 
За тебе забуду. 
5. Ой виїхав молодий козак 
За нові ворота,
Та не береться дівчиноньку 
Ні сон, ні робота.</credit-words>
  </credit>
  <credit page="1">
    <credit-words default-x="124" default-y="355" valign="top" xml:space="preserve">Зап. 1928 р. Харків В. у с. Вахнівці Староушицького р-ну Кам’янецької окр. (нині Новоушицького 
р-ну) від Г. Пізик. – ІМФЕ, ф. 6-3, од. зб. 81, арк. 175 (202-203) – текст, арк. 176 (204) – мел., № 36. </credit-words>
  </credit>
  <credit page="1">
    <credit-words default-x="120" default-y="80" valign="top">* Другу половину кожної строфи співають двічі. (Л. Є.)</credit-words>
  </credit>
  <credit page="1">
    <credit-words default-x="570" default-y="1023" font-size="17" valign="top" xml:space="preserve">6. Ой виїхав молодий козак 
За темнії ліси,
Та біжить, біжить за козаком 
Три післанці пішки. 
7. – Ой вернися, молодий козаче, 
Батько помирає.
– Не вернуся і зостаюся, 
З Богом спочивают. 
8. – Ой вернися, молодий козаче, 
Дівчина вмирає.
– Треба коньом поспішати, 
Шоб живу застати.
9. Ой приїхав молодий козак 
Під новії брами,
Та лежит, лежит дівчинонька 
На широкій лаві. 
10. – Ти казала, дівчинонько, 
Не будеш тужити,
А ти тепер будеш через мене 
В сирій землі гнити. </credit-words>
  </credit>
  <credit page="1">
    <credit-words default-x="526" default-y="46" valign="top">357</credit-words>
  </credit>
  <part-list>
    <score-part id="P1">
      <part-name print-object="no">MusicXML Part</part-name>
      <group>score</group>
      <score-instrument id="P1-I1">
        <instrument-name>Čķńņšóģåķņ 1</instrument-name>
      </score-instrument>
      <midi-instrument id="P1-I1">
        <midi-channel>1</midi-channel>
        <midi-program>1</midi-program>
        <volume>80</volume>
        <pan>0</pan>
      </midi-instrument>
    </score-part>
  </part-list>
  <!--=========================================================-->
  <part id="P1">
    <measure number="1" width="435">
      <print>
        <page-layout>
          <page-height>1320</page-height>
          <page-width>1020</page-width>
          <page-margins>
            <left-margin>120</left-margin>
            <right-margin>60</right-margin>
            <top-margin>60</top-margin>
            <bottom-margin>60</bottom-margin>
          </page-margins>
        </page-layout>
        <system-layout>
          <system-margins>
            <left-margin>60</left-margin>
            <right-margin>0</right-margin>
          </system-margins>
          <top-system-distance>63</top-system-distance>
        </system-layout>
        <measure-numbering>none</measure-numbering>
      </print>
      <attributes>
        <divisions>4</divisions>
        <key>
          <fifths>0</fifths>
          <mode>major</mode>
        </key>
        <time>
          <beats>11</beats>
          <beat-type>8</beat-type>
        </time>
        <clef>
          <sign>G</sign>
          <line>2</line>
        </clef>
      </attributes>
      <sound tempo="96">
        <swing>
          <straight/>
        </swing>
      </sound>
      <note default-x="90">
        <pitch>
          <step>B</step>
          <octave>4</octave>
        </pitch>
        <duration>1</duration>
        <voice>1</voice>
        <type>16th</type>
        <stem default-y="-55">down</stem>
        <notations>
          <slur bezier-x="10" bezier-y="10" dash-length="7.5" default-x="6" default-y="-7" line-type="dashed" number="1" placement="above" space-length="7.5" type="start"/>
          <slur bezier-x="15" bezier-y="13" dash-length="7.5" default-x="6" default-y="-7" line-type="dashed" number="2" placement="above" space-length="7.5" type="start"/>
        </notations>
        <lyric default-y="-72" number="1" relative-x="6">
          <syllabic>single</syllabic>
          <text>1.</text>
          <elision> </elision>
          <syllabic>single</syllabic>
          <text>–</text>
          <elision> </elision>
          <syllabic>begin</syllabic>
          <text>Че</text>
        </lyric>
      </note>
      <note default-x="124">
        <pitch>
          <step>B</step>
          <octave>4</octave>
        </pitch>
        <duration>1</duration>
        <voice>1</voice>
        <type>16th</type>
        <stem default-y="-55">down</stem>
        <notations>
          <slur bezier-x="-10" bezier-y="10" default-x="6" default-y="-7" number="1" type="stop"/>
        </notations>
      </note>
      <note default-x="145">
        <pitch>
          <step>B</step>
          <octave>4</octave>
        </pitch>
        <duration>2</duration>
        <voice>1</voice>
        <type>eighth</type>
        <stem default-y="-55">down</stem>
        <notations>
          <slur bezier-x="-15" bezier-y="13" default-x="6" default-y="-7" number="2" type="stop"/>
        </notations>
        <lyric default-y="-72" number="1">
          <syllabic>middle</syllabic>
          <text>ре</text>
        </lyric>
      </note>
      <note default-x="186">
        <pitch>
          <step>D</step>
          <octave>5</octave>
        </pitch>
        <duration>2</duration>
        <voice>1</voice>
        <type>eighth</type>
        <stem default-y="-45">down</stem>
        <lyric default-y="-72" number="1">
          <syllabic>middle</syllabic>
          <text>шень</text>
        </lyric>
      </note>
      <note default-x="222">
        <pitch>
          <step>E</step>
          <octave>5</octave>
        </pitch>
        <duration>2</duration>
        <voice>1</voice>
        <type>eighth</type>
        <stem default-y="-40">down</stem>
        <lyric default-y="-72" number="1" relative-x="13">
          <syllabic>end</syllabic>
          <text>ка</text>
          <elision> </elision>
          <syllabic>single</syllabic>
          <text>–</text>
        </lyric>
      </note>
      <note default-x="268">
        <pitch>
          <step>D</step>
          <octave>5</octave>
        </pitch>
        <duration>1</duration>
        <voice>1</voice>
        <type>16th</type>
        <stem default-y="-45">down</stem>
        <notations>
          <slur bezier-x="8" bezier-y="4" dash-length="7.5" default-x="6" default-y="3" line-type="dashed" number="1" placement="above" space-length="7.5" type="start"/>
        </notations>
        <lyric default-y="-72" number="1" relative-x="3">
          <syllabic>single</syllabic>
          <text>не</text>
        </lyric>
      </note>
      <note default-x="286">
        <pitch>
          <step>C</step>
          <octave>5</octave>
        </pitch>
        <duration>1</duration>
        <voice>1</voice>
        <type>16th</type>
        <stem default-y="-50">down</stem>
        <notations>
          <slur bezier-x="-2" bezier-y="9" default-x="6" default-y="-5" number="1" type="stop"/>
        </notations>
      </note>
      <note default-x="308">
        <pitch>
          <step>B</step>
          <octave>4</octave>
        </pitch>
        <duration>2</duration>
        <voice>1</voice>
        <type>eighth</type>
        <stem default-y="-55">down</stem>
        <lyric default-y="-72" number="1">
          <syllabic>begin</syllabic>
          <text>ви</text>
        </lyric>
      </note>
      <note default-x="350">
        <pitch>
          <step>A</step>
          <octave>4</octave>
        </pitch>
        <duration>2</duration>
        <voice>1</voice>
        <type>eighth</type>
        <stem default-y="10">up</stem>
        <lyric default-y="-72" number="1">
          <syllabic>middle</syllabic>
          <text>шень</text>
        </lyric>
      </note>
      <note default-x="396">
        <pitch>
          <step>G</step>
          <octave>4</octave>
        </pitch>
        <duration>8</duration>
        <voice>1</voice>
        <type>half</type>
        <stem default-y="5">up</stem>
        <lyric default-y="-72" number="1">
          <syllabic>end</syllabic>
          <text>ка,/</text>
        </lyric>
      </note>
    </measure>
    <!--=======================================================-->
    <measure number="2" width="345">
      <attributes>
        <time>
          <beats>10</beats>
          <beat-type>8</beat-type>
        </time>
      </attributes>
      <note default-x="58">
        <pitch>
          <step>E</step>
          <octave>5</octave>
        </pitch>
        <duration>2</duration>
        <voice>1</voice>
        <type>eighth</type>
        <stem default-y="-40">down</stem>
        <lyric default-y="-72" number="1">
          <syllabic>begin</syllabic>
          <text>я</text>
        </lyric>
      </note>
      <note default-x="79">
        <pitch>
          <step>D</step>
          <octave>5</octave>
        </pitch>
        <duration>2</duration>
        <voice>1</voice>
        <type>eighth</type>
        <stem default-y="-50">down</stem>
        <beam number="1">begin</beam>
        <notations>
          <slur bezier-x="14" bezier-y="8" default-x="6" default-y="3" number="1" placement="above" type="start"/>
        </notations>
        <lyric default-y="-72" number="1" relative-x="5">
          <syllabic>middle</syllabic>
          <text>гід</text>
        </lyric>
      </note>
      <note default-x="99">
        <pitch>
          <step>C</step>
          <octave>5</octave>
        </pitch>
        <duration>1</duration>
        <voice>1</voice>
        <type>16th</type>
        <stem default-y="-52">down</stem>
        <beam number="1">continue</beam>
        <beam number="2">begin</beam>
      </note>
      <note default-x="117">
        <pitch>
          <step>B</step>
          <octave>4</octave>
        </pitch>
        <duration>1</duration>
        <voice>1</voice>
        <type>16th</type>
        <stem default-y="-55">down</stem>
        <beam number="1">end</beam>
        <beam number="2">end</beam>
        <notations>
          <slur bezier-x="-8" bezier-y="13" default-x="6" default-y="-7" number="1" type="stop"/>
        </notations>
      </note>
      <note default-x="139">
        <pitch>
          <step>C</step>
          <octave>5</octave>
        </pitch>
        <duration>2</duration>
        <voice>1</voice>
        <type>eighth</type>
        <stem default-y="-50">down</stem>
        <lyric default-y="-72" number="1">
          <syllabic>end</syllabic>
          <text>ки</text>
        </lyric>
      </note>
      <note default-x="177">
        <pitch>
          <step>B</step>
          <octave>4</octave>
        </pitch>
        <duration>2</duration>
        <voice>1</voice>
        <type>eighth</type>
        <stem default-y="-55">down</stem>
        <lyric default-y="-72" number="1">
          <syllabic>begin</syllabic>
          <text>дріб</text>
        </lyric>
      </note>
      <note default-x="225">
        <pitch>
          <step>A</step>
          <octave>4</octave>
        </pitch>
        <duration>2</duration>
        <voice>1</voice>
        <type>eighth</type>
        <stem default-y="10">up</stem>
        <lyric default-y="-72" number="1">
          <syllabic>middle</syllabic>
          <text>нень</text>
        </lyric>
      </note>
      <note default-x="268">
        <pitch>
          <step>G</step>
          <octave>4</octave>
        </pitch>
        <duration>8</duration>
        <voice>1</voice>
        <type>half</type>
        <stem default-y="5">up</stem>
        <lyric default-y="-72" number="1">
          <syllabic>end</syllabic>
          <text>кі,/</text>
        </lyric>
      </note>
    </measure>
    <!--=======================================================-->
    <measure number="3" width="470">
      <print new-system="yes">
        <system-layout>
          <system-distance>62</system-distance>
        </system-layout>
      </print>
      <barline location="left">
        <bar-style>heavy-light</bar-style>
        <repeat direction="forward" winged="none"/>
      </barline>
      <attributes>
        <time>
          <beats>8</beats>
          <beat-type>8</beat-type>
        </time>
      </attributes>
      <note default-x="100">
        <pitch>
          <step>G</step>
          <octave>4</octave>
        </pitch>
        <duration>1</duration>
        <voice>1</voice>
        <type>16th</type>
        <stem default-y="5">up</stem>
        <notations>
          <slur bezier-x="10" bezier-y="-10" dash-length="7.5" default-x="6" default-y="-43" line-type="dashed" number="1" placement="below" space-length="7.5" type="start"/>
        </notations>
        <lyric default-y="-74" number="2">
          <syllabic>begin</syllabic>
          <text>та</text>
        </lyric>
      </note>
      <note default-x="136">
        <pitch>
          <step>G</step>
          <octave>4</octave>
        </pitch>
        <duration>1</duration>
        <voice>1</voice>
        <type>16th</type>
        <stem default-y="5">up</stem>
        <notations>
          <slur bezier-x="-10" bezier-y="-10" default-x="6" default-y="-43" number="1" type="stop"/>
        </notations>
        <lyric default-y="-74" number="2">
          <syllabic>middle</syllabic>
          <text>чо</text>
        </lyric>
      </note>
      <note default-x="177">
        <pitch>
          <step>B</step>
          <octave>4</octave>
        </pitch>
        <duration>2</duration>
        <voice>1</voice>
        <type>eighth</type>
        <stem default-y="-55">down</stem>
        <lyric default-y="-74" number="2">
          <syllabic>end</syllabic>
          <text>го</text>
          <elision> </elision>
          <syllabic>single</syllabic>
          <text>ж</text>
        </lyric>
      </note>
      <note default-x="223">
        <pitch>
          <step>B</step>
          <octave>4</octave>
        </pitch>
        <duration>2</duration>
        <voice>1</voice>
        <type>eighth</type>
        <stem default-y="-55">down</stem>
        <lyric default-y="-74" number="2">
          <syllabic>single</syllabic>
          <text>ми</text>
        </lyric>
      </note>
      <note default-x="263">
        <pitch>
          <step>D</step>
          <octave>5</octave>
        </pitch>
        <duration>2</duration>
        <voice>1</voice>
        <type>eighth</type>
        <stem default-y="-45">down</stem>
        <lyric default-y="-74" number="2">
          <syllabic>single</syllabic>
          <text>ся</text>
        </lyric>
      </note>
      <note default-x="302">
        <pitch>
          <step>C</step>
          <octave>5</octave>
        </pitch>
        <duration>2</duration>
        <voice>1</voice>
        <type>eighth</type>
        <stem default-y="-50">down</stem>
        <lyric default-y="-74" number="2">
          <syllabic>begin</syllabic>
          <text>по</text>
        </lyric>
      </note>
      <note default-x="343">
        <pitch>
          <step>B</step>
          <octave>4</octave>
        </pitch>
        <duration>2</duration>
        <voice>1</voice>
        <type>eighth</type>
        <stem default-y="-55">down</stem>
        <lyric default-y="-74" number="2">
          <syllabic>middle</syllabic>
          <text>лю</text>
        </lyric>
      </note>
      <note default-x="384">
        <pitch>
          <step>A</step>
          <octave>4</octave>
        </pitch>
        <duration>2</duration>
        <voice>1</voice>
        <type>eighth</type>
        <stem default-y="10">up</stem>
        <lyric default-y="-74" number="2">
          <syllabic>middle</syllabic>
          <text>би</text>
        </lyric>
      </note>
      <note default-x="429">
        <pitch>
          <step>G</step>
          <octave>4</octave>
        </pitch>
        <duration>2</duration>
        <voice>1</voice>
        <type>eighth</type>
        <stem default-y="5">up</stem>
        <lyric default-y="-74" number="2">
          <syllabic>end</syllabic>
          <text>ли,/</text>
        </lyric>
      </note>
    </measure>
    <!--=======================================================-->
    <measure number="4" width="370">
      <attributes>
        <time>
          <beats>10</beats>
          <beat-type>8</beat-type>
        </time>
      </attributes>
      <note default-x="58">
        <pitch>
          <step>A</step>
          <octave>4</octave>
        </pitch>
        <duration>2</duration>
        <voice>1</voice>
        <type>eighth</type>
        <stem default-y="10">up</stem>
        <lyric default-y="-74" number="2">
          <syllabic>begin</syllabic>
          <text>та</text>
        </lyric>
      </note>
      <note default-x="94">
        <pitch>
          <step>A</step>
          <octave>4</octave>
        </pitch>
        <duration>4</duration>
        <voice>1</voice>
        <type>quarter</type>
        <stem default-y="10">up</stem>
        <lyric default-y="-74" number="2" relative-x="5">
          <syllabic>end</syllabic>
          <text>кі</text>
          <elision> </elision>
          <syllabic>single</syllabic>
          <text>й</text>
        </lyric>
      </note>
      <note default-x="156">
        <pitch>
          <step>C</step>
          <octave>5</octave>
        </pitch>
        <duration>2</duration>
        <voice>1</voice>
        <type>eighth</type>
        <stem default-y="20">up</stem>
        <lyric default-y="-74" number="2">
          <syllabic>begin</syllabic>
          <text>мо</text>
        </lyric>
      </note>
      <note default-x="192">
        <pitch>
          <step>B</step>
          <octave>4</octave>
        </pitch>
        <duration>2</duration>
        <voice>1</voice>
        <type>eighth</type>
        <stem default-y="15">up</stem>
        <lyric default-y="-74" number="2">
          <syllabic>middle</syllabic>
          <text>ло</text>
        </lyric>
      </note>
      <note default-x="233">
        <pitch>
          <step>A</step>
          <octave>4</octave>
        </pitch>
        <duration>2</duration>
        <voice>1</voice>
        <type>eighth</type>
        <stem default-y="10">up</stem>
        <lyric default-y="-74" number="2">
          <syllabic>middle</syllabic>
          <text>день</text>
        </lyric>
      </note>
      <note default-x="273">
        <pitch>
          <step>G</step>
          <octave>4</octave>
        </pitch>
        <duration>8</duration>
        <voice>1</voice>
        <type>half</type>
        <stem default-y="5">up</stem>
        <lyric default-y="-74" number="2">
          <syllabic>end</syllabic>
          <text>кі?</text>
        </lyric>
      </note>
      <backup>
        <duration>20</duration>
      </backup>
      <forward>
        <duration>2</duration>
        <voice>2</voice>
      </forward>
      <note default-x="94">
        <pitch>
          <step>A</step>
          <octave>4</octave>
        </pitch>
        <duration>3</duration>
        <voice>2</voice>
        <type>eighth</type>
        <dot/>
        <stem default-y="-60">down</stem>
        <beam number="1">begin</beam>
        <notations>
          <slur bezier-x="10" bezier-y="-12" default-x="1" default-y="-65" number="1" placement="below" type="start"/>
        </notations>
      </note>
      <note default-x="135">
        <pitch>
          <step>G</step>
          <octave>4</octave>
        </pitch>
        <duration>1</duration>
        <voice>2</voice>
        <type>16th</type>
        <stem default-y="-65">down</stem>
        <beam number="1">end</beam>
        <beam number="2">backward hook</beam>
        <notations>
          <slur bezier-x="-13" bezier-y="-9" default-x="0" default-y="-70" number="1" type="stop"/>
        </notations>
      </note>
      <forward>
        <duration>4</duration>
        <voice>2</voice>
      </forward>
      <forward>
        <duration>2</duration>
        <voice>2</voice>
      </forward>
      <forward>
        <duration>8</duration>
        <voice>2</voice>
      </forward>
      <barline location="right">
        <bar-style>light-heavy</bar-style>
        <repeat direction="backward" winged="none"/>
      </barline>
    </measure>
  </part>
  <!--=========================================================-->
</score-partwise>
