<?xml version="1.0" encoding="UTF-8" standalone="no"?>
<!DOCTYPE score-partwise PUBLIC "-//Recordare//DTD MusicXML 4.0 Partwise//EN" "http://www.musicxml.org/dtds/partwise.dtd">
<score-partwise version="4.0">
  <identification>
    <encoding>
      <software>Finale v27.3 for Windows</software>
      <encoding-date>2024-10-01</encoding-date>
      <supports attribute="new-system" element="print" type="yes" value="yes"/>
      <supports attribute="new-page" element="print" type="yes" value="yes"/>
      <supports element="accidental" type="yes"/>
      <supports element="beam" type="yes"/>
      <supports element="stem" type="yes"/>
    </encoding>
  </identification>
  <defaults>
    <scaling>
      <millimeters>8.4667</millimeters>
      <tenths>40</tenths>
    </scaling>
    <page-layout>
      <page-height>1320</page-height>
      <page-width>1020</page-width>
      <page-margins type="both">
        <left-margin>60</left-margin>
        <right-margin>60</right-margin>
        <top-margin>60</top-margin>
        <bottom-margin>60</bottom-margin>
      </page-margins>
    </page-layout>
    <system-layout>
      <system-margins>
        <left-margin>0</left-margin>
        <right-margin>9</right-margin>
      </system-margins>
      <system-distance>323</system-distance>
      <top-system-distance>314</top-system-distance>
    </system-layout>
    <appearance>
      <line-width type="stem">0.7682</line-width>
      <line-width type="beam">5</line-width>
      <line-width type="staff">0.7682</line-width>
      <line-width type="light barline">0.7682</line-width>
      <line-width type="heavy barline">5</line-width>
      <line-width type="leger">0.7682</line-width>
      <line-width type="ending">0.7682</line-width>
      <line-width type="wedge">0.7682</line-width>
      <line-width type="enclosure">0.7682</line-width>
      <line-width type="tuplet bracket">0.7682</line-width>
      <note-size type="grace">50</note-size>
      <note-size type="cue">50</note-size>
      <distance type="hyphen">60</distance>
      <distance type="beam">7.5</distance>
    </appearance>
    <music-font font-family="Finale Maestro,engraved" font-size="24"/>
    <word-font font-family="Times New Roman" font-size="12"/>
    <lyric-font font-family="Times New Roman" font-size="12"/>
  </defaults>
  <credit page="1">
    <credit-words default-x="121" default-y="656" font-size="17" valign="top" xml:space="preserve">1. Ой зійди, зійди, (2)
Ще й ясний та місяць,
Ще й ясна зоря.
2. Ще й ясна зоря...
Ой прибудь, прибудь,
Разудалий молодчик,
В гості до мєня.
3. В гості до мєня...
Ой випий, випий,
Разудалий молодчик,
Хоть рюмку вина.
4. Хоть рюмку вина...
– Ой випий,випий, 
Разудала дівчина,
Поперед сама. </credit-words>
  </credit>
  <credit page="1">
    <credit-words default-x="403" default-y="659" font-size="17" valign="top" xml:space="preserve">5. Поперед сама...
Ой щоб ти мені,
Парню молодому
Чарів не дала.
6. Чарів не дала...
Ой щоб ти мене,
Парня молодого,
Не зчарувала.
7. Ой в неділю рано,
Рано-пораненьку (2)
Всі дзвони ревуть.
8. Всі дзвони ревуть...
Ой уже ж того,
Парня молодого,
До гробу несуть.</credit-words>
  </credit>
  <credit page="1">
    <credit-words default-x="671" default-y="659" font-size="17" valign="top" xml:space="preserve">9. До гробу несуть...
Ой за ним,за ним
Його рідна мати
Побивається.
10. А стоїть дівка (2)
В новеньких воротах,
Усміхається:
11. – Ой було б тобі, (2)
Молодий козаче,
Нас трьох не любить.
12. А тепер будеш, (2)
Молодий козаче,
В сирій землі гнить. </credit-words>
  </credit>
  <credit page="1">
    <credit-words default-x="123" default-y="174" valign="top" xml:space="preserve">Зап. 1954 р. експ. ІМФЕ у с. Требухівці Летичівського р-ну Хмельницької обл. від мішаного гурту. 
З слів Спори Ликері. (Прим. зап.). – ІМФЕ, ф. 14-5, од.зб. 171, арк. 33, № 7; плівка ф. 14-10, од. зб. 
340. Розш. Стьожка О. у січні1955 р. Вар. зап. 1937 р. Гайдай М. П. у с. Галузинці Деражнянсько-
го р-ну Хмельницької обл. від Ганни Єфрем. Яковлевої, 45 р., Віри Доротеєвої Яковлевої, 15 р. – 
ІМФЕ, ф. 8-3, од. зб. 182, арк. 144.</credit-words>
  </credit>
  <credit page="1">
    <credit-words default-x="526" default-y="46" valign="top">310</credit-words>
  </credit>
  <credit page="1">
    <credit-words default-x="399" default-y="1170" font-size="19" valign="top">444. Ой зійди, зійди (04-БК-03)</credit-words>
  </credit>
  <credit page="1">
    <credit-words default-x="305" default-y="1109" valign="top" xml:space="preserve">Повільно,співуче
Одна</credit-words>
  </credit>
  <credit page="1">
    <credit-words default-x="585" default-y="1108" valign="top">Усі</credit-words>
  </credit>
  <part-list>
    <score-part id="P1">
      <part-name print-object="no">MusicXML Part</part-name>
      <group>score</group>
      <score-instrument id="P1-I1">
        <instrument-name>Čķńņšóģåķņ 1</instrument-name>
      </score-instrument>
      <midi-instrument id="P1-I1">
        <midi-channel>1</midi-channel>
        <midi-program>1</midi-program>
        <volume>80</volume>
        <pan>0</pan>
      </midi-instrument>
    </score-part>
  </part-list>
  <!--=========================================================-->
  <part id="P1">
    <measure number="1" width="408">
      <print>
        <page-layout>
          <page-height>1320</page-height>
          <page-width>1020</page-width>
          <page-margins>
            <left-margin>120</left-margin>
            <right-margin>60</right-margin>
            <top-margin>60</top-margin>
            <bottom-margin>60</bottom-margin>
          </page-margins>
        </page-layout>
        <system-layout>
          <system-margins>
            <left-margin>56</left-margin>
            <right-margin>4</right-margin>
          </system-margins>
          <top-system-distance>195</top-system-distance>
        </system-layout>
        <measure-numbering>none</measure-numbering>
      </print>
      <attributes>
        <divisions>4</divisions>
        <key>
          <fifths>-2</fifths>
          <mode>minor</mode>
        </key>
        <time>
          <beats>6</beats>
          <beat-type>4</beat-type>
        </time>
        <clef>
          <sign>G</sign>
          <line>2</line>
        </clef>
      </attributes>
      <sound tempo="96">
        <swing>
          <straight/>
        </swing>
      </sound>
      <note default-x="119">
        <pitch>
          <step>D</step>
          <octave>5</octave>
        </pitch>
        <duration>6</duration>
        <voice>1</voice>
        <type>quarter</type>
        <dot/>
        <stem default-y="-45">down</stem>
        <lyric default-y="-97" number="2">
          <syllabic>single</syllabic>
          <text>1.</text>
          <elision> </elision>
          <syllabic>single</syllabic>
          <text>Ой</text>
        </lyric>
      </note>
      <note default-x="176">
        <pitch>
          <step>B</step>
          <alter>-1</alter>
          <octave>4</octave>
        </pitch>
        <duration>2</duration>
        <voice>1</voice>
        <type>eighth</type>
        <stem default-y="-55">down</stem>
        <lyric default-y="-97" number="2">
          <syllabic>begin</syllabic>
          <text>зі</text>
        </lyric>
      </note>
      <note default-x="203">
        <pitch>
          <step>C</step>
          <octave>5</octave>
        </pitch>
        <duration>2</duration>
        <voice>1</voice>
        <type>eighth</type>
        <stem default-y="-55">down</stem>
        <beam number="1">begin</beam>
        <notations>
          <slur bezier-x="15" bezier-y="-13" default-x="1" default-y="-60" number="1" placement="below" type="start"/>
        </notations>
        <lyric default-y="-97" number="2" relative-x="12">
          <syllabic>end</syllabic>
          <text>йди,</text>
        </lyric>
      </note>
      <note default-x="230">
        <pitch>
          <step>B</step>
          <alter>-1</alter>
          <octave>4</octave>
        </pitch>
        <duration>2</duration>
        <voice>1</voice>
        <type>eighth</type>
        <stem default-y="-55">down</stem>
        <beam number="1">continue</beam>
      </note>
      <note default-x="257">
        <pitch>
          <step>D</step>
          <octave>5</octave>
        </pitch>
        <duration>2</duration>
        <voice>1</voice>
        <type>eighth</type>
        <stem default-y="-55">down</stem>
        <beam number="1">end</beam>
        <notations>
          <slur bezier-x="-15" bezier-y="-13" default-x="0" default-y="-60" number="1" type="stop"/>
        </notations>
      </note>
      <note default-x="283">
        <pitch>
          <step>B</step>
          <alter>-1</alter>
          <octave>4</octave>
        </pitch>
        <duration>2</duration>
        <voice>1</voice>
        <type>eighth</type>
        <stem default-y="-55">down</stem>
        <lyric default-y="-97" number="2">
          <syllabic>begin</syllabic>
          <text>зі</text>
        </lyric>
      </note>
      <note default-x="310">
        <pitch>
          <step>G</step>
          <octave>4</octave>
        </pitch>
        <duration>4</duration>
        <voice>1</voice>
        <type>quarter</type>
        <stem default-y="-58">down</stem>
        <notations>
          <slur bezier-x="6" bezier-y="-13" default-x="6" default-y="-48" number="1" placement="below" type="start"/>
        </notations>
        <lyric default-y="-97" number="2" relative-x="15">
          <syllabic>end</syllabic>
          <text>йди,/</text>
        </lyric>
      </note>
      <note default-x="354">
        <pitch>
          <step>F</step>
          <octave>4</octave>
        </pitch>
        <duration>2</duration>
        <voice>1</voice>
        <type>eighth</type>
        <stem default-y="-70">down</stem>
        <notations>
          <slur bezier-x="-13" bezier-y="-6" default-x="-5" default-y="-60" number="1" type="stop"/>
        </notations>
      </note>
      <note default-x="381">
        <rest/>
        <duration>2</duration>
        <voice>1</voice>
        <type>eighth</type>
      </note>
    </measure>
    <!--=======================================================-->
    <measure number="2" width="372">
      <note default-x="13">
        <pitch>
          <step>D</step>
          <octave>5</octave>
        </pitch>
        <duration>2</duration>
        <voice>1</voice>
        <type>eighth</type>
        <stem default-y="25">up</stem>
        <lyric default-y="-97" number="2">
          <syllabic>single</syllabic>
          <text>ой</text>
        </lyric>
      </note>
      <note default-x="46">
        <pitch>
          <step>D</step>
          <octave>5</octave>
        </pitch>
        <duration>2</duration>
        <voice>1</voice>
        <type>eighth</type>
        <stem default-y="25">up</stem>
        <lyric default-y="-86" number="2" relative-x="4">
          <syllabic>begin</syllabic>
          <text>зі</text>
        </lyric>
      </note>
      <note default-x="84">
        <pitch>
          <step>F</step>
          <octave>5</octave>
        </pitch>
        <duration>4</duration>
        <voice>1</voice>
        <type>quarter</type>
        <stem default-y="28.5">up</stem>
        <lyric default-y="-97" number="2">
          <syllabic>end</syllabic>
          <text>йди,</text>
        </lyric>
      </note>
      <note default-x="131">
        <pitch>
          <step>C</step>
          <octave>5</octave>
        </pitch>
        <duration>4</duration>
        <voice>1</voice>
        <type>quarter</type>
        <stem default-y="13.5">up</stem>
        <notations>
          <slur bezier-x="8" bezier-y="13" default-x="18" default-y="3" number="1" orientation="over" type="start"/>
        </notations>
        <lyric default-y="-97" number="2">
          <syllabic>begin</syllabic>
          <text>зі</text>
        </lyric>
      </note>
      <note default-x="178">
        <pitch>
          <step>E</step>
          <alter>-1</alter>
          <octave>5</octave>
        </pitch>
        <duration>4</duration>
        <voice>1</voice>
        <type>quarter</type>
        <stem default-y="23.5">up</stem>
        <notations>
          <slur bezier-x="-13" bezier-y="7" default-x="7" default-y="13" number="1" type="stop"/>
        </notations>
      </note>
      <note default-x="224">
        <pitch>
          <step>D</step>
          <octave>5</octave>
        </pitch>
        <duration>4</duration>
        <voice>1</voice>
        <type>quarter</type>
        <stem default-y="18.5">up</stem>
        <notations>
          <slur bezier-x="19" bezier-y="25" default-x="18" default-y="8" number="1" orientation="over" type="start"/>
        </notations>
        <lyric default-y="-83" number="2" relative-x="15">
          <syllabic>end</syllabic>
          <text>йди,/</text>
        </lyric>
      </note>
      <note default-x="270">
        <pitch>
          <step>C</step>
          <octave>5</octave>
        </pitch>
        <duration>2</duration>
        <voice>1</voice>
        <type>eighth</type>
        <stem default-y="25">up</stem>
        <beam number="1">begin</beam>
      </note>
      <note default-x="300">
        <pitch>
          <step>D</step>
          <octave>5</octave>
        </pitch>
        <duration>1</duration>
        <voice>1</voice>
        <type>16th</type>
        <stem default-y="25">up</stem>
        <beam number="1">continue</beam>
        <beam number="2">begin</beam>
      </note>
      <note default-x="320">
        <pitch>
          <step>C</step>
          <octave>5</octave>
        </pitch>
        <duration>1</duration>
        <voice>1</voice>
        <type>16th</type>
        <stem default-y="25">up</stem>
        <beam number="1">end</beam>
        <beam number="2">end</beam>
        <notations>
          <slur bezier-x="-28" bezier-y="14" default-x="12" default-y="30" number="1" type="stop"/>
        </notations>
      </note>
      <backup>
        <duration>24</duration>
      </backup>
      <note default-x="13">
        <pitch>
          <step>B</step>
          <alter>-1</alter>
          <octave>4</octave>
        </pitch>
        <duration>2</duration>
        <voice>2</voice>
        <type>eighth</type>
        <stem default-y="-55">down</stem>
      </note>
      <note default-x="46">
        <pitch>
          <step>B</step>
          <alter>-1</alter>
          <octave>4</octave>
        </pitch>
        <duration>2</duration>
        <voice>2</voice>
        <type>eighth</type>
        <stem default-y="-55">down</stem>
      </note>
      <note default-x="84">
        <pitch>
          <step>B</step>
          <alter>-1</alter>
          <octave>4</octave>
        </pitch>
        <duration>4</duration>
        <voice>2</voice>
        <type>quarter</type>
        <stem default-y="-55">down</stem>
      </note>
      <note default-x="84">
        <chord/>
        <pitch>
          <step>D</step>
          <octave>5</octave>
        </pitch>
        <duration>4</duration>
        <voice>2</voice>
        <type>quarter</type>
        <stem>down</stem>
      </note>
      <note default-x="131">
        <pitch>
          <step>F</step>
          <octave>4</octave>
        </pitch>
        <duration>4</duration>
        <voice>2</voice>
        <type>quarter</type>
        <stem default-y="-63">down</stem>
        <notations>
          <slur bezier-x="13" bezier-y="-7" default-x="6" default-y="-53" number="1" orientation="under" type="start"/>
        </notations>
      </note>
      <note default-x="131">
        <chord/>
        <pitch>
          <step>A</step>
          <octave>4</octave>
        </pitch>
        <duration>4</duration>
        <voice>2</voice>
        <type>quarter</type>
        <stem>down</stem>
      </note>
      <note default-x="178">
        <pitch>
          <step>C</step>
          <octave>5</octave>
        </pitch>
        <duration>4</duration>
        <voice>2</voice>
        <type>quarter</type>
        <stem default-y="-50">down</stem>
        <notations>
          <slur bezier-x="-7" bezier-y="-13" default-x="-5" default-y="-43" number="1" type="stop"/>
        </notations>
      </note>
      <note default-x="224">
        <pitch>
          <step>B</step>
          <alter>-1</alter>
          <octave>4</octave>
        </pitch>
        <duration>4</duration>
        <voice>2</voice>
        <type>quarter</type>
        <stem default-y="-55">down</stem>
        <notations>
          <slur bezier-x="14" bezier-y="-21" default-x="6" default-y="-45" number="1" placement="below" type="start"/>
        </notations>
      </note>
      <note default-x="270">
        <pitch>
          <step>A</step>
          <octave>4</octave>
        </pitch>
        <duration>2</duration>
        <voice>2</voice>
        <type>eighth</type>
        <stem default-y="-60">down</stem>
        <beam number="1">begin</beam>
      </note>
      <note default-x="300">
        <pitch>
          <step>B</step>
          <alter>-1</alter>
          <octave>4</octave>
        </pitch>
        <duration>1</duration>
        <voice>2</voice>
        <type>16th</type>
        <stem default-y="-60">down</stem>
        <beam number="1">continue</beam>
        <beam number="2">begin</beam>
        <notations>
          <slur bezier-x="-23" bezier-y="-10" default-x="0" default-y="-65" number="1" type="stop"/>
        </notations>
      </note>
      <note default-x="320">
        <pitch>
          <step>A</step>
          <octave>4</octave>
        </pitch>
        <duration>1</duration>
        <voice>2</voice>
        <type>16th</type>
        <stem default-y="-60">down</stem>
        <beam number="1">end</beam>
        <beam number="2">end</beam>
      </note>
      <barline location="right">
        <bar-style>none</bar-style>
      </barline>
    </measure>
    <!--=======================================================-->
    <measure number="3" width="547">
      <print new-system="yes">
        <system-layout>
          <system-margins>
            <left-margin>0</left-margin>
            <right-margin>0</right-margin>
          </system-margins>
          <system-distance>88</system-distance>
        </system-layout>
      </print>
      <attributes>
        <time>
          <beats>8</beats>
          <beat-type>4</beat-type>
        </time>
      </attributes>
      <note default-x="118">
        <pitch>
          <step>B</step>
          <alter>-1</alter>
          <octave>4</octave>
        </pitch>
        <duration>2</duration>
        <voice>1</voice>
        <type>eighth</type>
        <stem default-y="15">up</stem>
        <lyric default-y="-93" number="1" relative-x="8">
          <syllabic>single</syllabic>
          <text>ще</text>
          <elision> </elision>
          <syllabic>single</syllabic>
          <text>й</text>
        </lyric>
      </note>
      <note default-x="165">
        <pitch>
          <step>B</step>
          <alter>-1</alter>
          <octave>4</octave>
        </pitch>
        <duration>2</duration>
        <voice>1</voice>
        <type>eighth</type>
        <stem default-y="15">up</stem>
        <lyric default-y="-95" number="1">
          <syllabic>begin</syllabic>
          <text>яс</text>
        </lyric>
      </note>
      <note default-x="196">
        <pitch>
          <step>D</step>
          <octave>5</octave>
        </pitch>
        <duration>4</duration>
        <voice>1</voice>
        <type>quarter</type>
        <stem default-y="18.5">up</stem>
        <notations>
          <slur bezier-x="14" bezier-y="20" default-x="18" default-y="8" number="1" orientation="over" type="start"/>
        </notations>
        <lyric default-y="-97" number="1" relative-x="10">
          <syllabic>end</syllabic>
          <text>ний</text>
        </lyric>
      </note>
      <note default-x="236">
        <pitch>
          <step>C</step>
          <octave>5</octave>
        </pitch>
        <duration>2</duration>
        <voice>1</voice>
        <type>eighth</type>
        <stem default-y="20">up</stem>
        <beam number="1">begin</beam>
      </note>
      <note default-x="261">
        <pitch>
          <step>A</step>
          <octave>4</octave>
        </pitch>
        <duration>2</duration>
        <voice>1</voice>
        <type>eighth</type>
        <stem default-y="15">up</stem>
        <beam number="1">end</beam>
        <notations>
          <slur bezier-x="-20" bezier-y="13" default-x="12" default-y="20" number="1" type="stop"/>
        </notations>
      </note>
      <note default-x="296">
        <pitch>
          <step>G</step>
          <octave>4</octave>
        </pitch>
        <duration>2</duration>
        <voice>1</voice>
        <type>eighth</type>
        <stem default-y="10">up</stem>
        <beam number="1">begin</beam>
        <notations>
          <slur bezier-x="13" bezier-y="12" default-x="13" default-y="15" number="1" placement="above" type="start"/>
        </notations>
        <lyric default-y="-93" number="1" relative-x="-12">
          <syllabic>single</syllabic>
          <text>та</text>
        </lyric>
      </note>
      <note default-x="321">
        <pitch>
          <step>A</step>
          <octave>4</octave>
        </pitch>
        <duration>1</duration>
        <voice>1</voice>
        <type>16th</type>
        <stem default-y="10">up</stem>
        <beam number="1">continue</beam>
        <beam number="2">begin</beam>
      </note>
      <note default-x="340">
        <pitch>
          <step>G</step>
          <octave>4</octave>
        </pitch>
        <duration>1</duration>
        <voice>1</voice>
        <type>16th</type>
        <stem default-y="10">up</stem>
        <beam number="1">end</beam>
        <beam number="2">end</beam>
        <notations>
          <slur bezier-x="-12" bezier-y="12" default-x="12" default-y="15" number="1" type="stop"/>
        </notations>
      </note>
      <note default-x="366">
        <pitch>
          <step>D</step>
          <octave>5</octave>
        </pitch>
        <duration>6</duration>
        <voice>1</voice>
        <type>quarter</type>
        <dot/>
        <stem default-y="18.5">up</stem>
        <notations>
          <slur bezier-x="12" bezier-y="12" default-x="18" default-y="8" number="1" orientation="over" type="start"/>
        </notations>
        <lyric default-y="-106" number="1">
          <syllabic>begin</syllabic>
          <text>мі</text>
        </lyric>
      </note>
      <note default-x="420">
        <pitch>
          <step>C</step>
          <octave>5</octave>
        </pitch>
        <duration>2</duration>
        <voice>1</voice>
        <type>eighth</type>
        <stem default-y="20">up</stem>
        <notations>
          <slur bezier-x="-12" bezier-y="11" default-x="7" default-y="10" number="1" type="stop"/>
        </notations>
      </note>
      <note default-x="450">
        <pitch>
          <step>D</step>
          <octave>5</octave>
        </pitch>
        <duration>4</duration>
        <voice>1</voice>
        <type>quarter</type>
        <stem default-y="18.5">up</stem>
        <notations>
          <slur bezier-x="8" bezier-y="10" default-x="18" default-y="8" number="1" orientation="over" type="start"/>
        </notations>
        <lyric default-y="-106" number="1" relative-x="17">
          <syllabic>end</syllabic>
          <text>сяць,/</text>
        </lyric>
      </note>
      <note default-x="491">
        <pitch>
          <step>C</step>
          <octave>5</octave>
        </pitch>
        <duration>2</duration>
        <voice>1</voice>
        <type>eighth</type>
        <stem default-y="20">up</stem>
        <notations>
          <slur bezier-x="-9" bezier-y="9" default-x="7" default-y="10" number="1" type="stop"/>
        </notations>
      </note>
      <note default-x="522">
        <rest>
          <display-step>E</display-step>
          <display-octave>6</display-octave>
        </rest>
        <duration>2</duration>
        <voice>1</voice>
        <type>eighth</type>
      </note>
      <backup>
        <duration>32</duration>
      </backup>
      <note default-x="118">
        <pitch>
          <step>G</step>
          <octave>4</octave>
        </pitch>
        <duration>2</duration>
        <voice>2</voice>
        <type>eighth</type>
        <stem default-y="-65">down</stem>
      </note>
      <note default-x="165">
        <pitch>
          <step>G</step>
          <octave>4</octave>
        </pitch>
        <duration>2</duration>
        <voice>2</voice>
        <type>eighth</type>
        <stem default-y="-65">down</stem>
      </note>
      <note default-x="196">
        <pitch>
          <step>G</step>
          <octave>4</octave>
        </pitch>
        <duration>4</duration>
        <voice>2</voice>
        <type>quarter</type>
        <stem default-y="-58">down</stem>
        <notations>
          <slur bezier-x="7" bezier-y="-10" default-x="6" default-y="-48" number="1" orientation="under" type="start"/>
        </notations>
      </note>
      <note default-x="196">
        <chord/>
        <pitch>
          <step>B</step>
          <alter>-1</alter>
          <octave>4</octave>
        </pitch>
        <duration>4</duration>
        <voice>2</voice>
        <type>quarter</type>
        <stem>down</stem>
      </note>
      <note default-x="236">
        <pitch>
          <step>F</step>
          <octave>4</octave>
        </pitch>
        <duration>4</duration>
        <voice>2</voice>
        <type>quarter</type>
        <stem default-y="-63">down</stem>
        <notations>
          <slur bezier-x="-10" bezier-y="-7" default-x="-5" default-y="-53" number="1" type="stop"/>
        </notations>
      </note>
      <note default-x="236">
        <chord/>
        <pitch>
          <step>A</step>
          <octave>4</octave>
        </pitch>
        <duration>4</duration>
        <voice>2</voice>
        <type>quarter</type>
        <stem>down</stem>
      </note>
      <note default-x="296">
        <pitch>
          <step>E</step>
          <alter>-1</alter>
          <octave>4</octave>
        </pitch>
        <duration>2</duration>
        <voice>2</voice>
        <type>eighth</type>
        <stem default-y="-80">down</stem>
        <beam number="1">begin</beam>
        <notations>
          <slur bezier-x="13" bezier-y="-12" default-x="1" default-y="-85" number="1" placement="below" type="start"/>
        </notations>
      </note>
      <note default-x="321">
        <pitch>
          <step>D</step>
          <octave>4</octave>
        </pitch>
        <duration>1</duration>
        <voice>2</voice>
        <type>16th</type>
        <stem default-y="-80">down</stem>
        <beam number="1">continue</beam>
        <beam number="2">begin</beam>
      </note>
      <note default-x="340">
        <pitch>
          <step>E</step>
          <alter>-1</alter>
          <octave>4</octave>
        </pitch>
        <duration>1</duration>
        <voice>2</voice>
        <type>16th</type>
        <stem default-y="-80">down</stem>
        <beam number="1">end</beam>
        <beam number="2">end</beam>
        <notations>
          <slur bezier-x="-12" bezier-y="-12" default-x="0" default-y="-85" number="1" type="stop"/>
        </notations>
      </note>
      <note default-x="366">
        <pitch>
          <step>D</step>
          <octave>4</octave>
        </pitch>
        <duration>8</duration>
        <voice>2</voice>
        <type>half</type>
        <stem default-y="-73">down</stem>
      </note>
      <note default-x="450">
        <pitch>
          <step>D</step>
          <octave>4</octave>
        </pitch>
        <duration>4</duration>
        <voice>2</voice>
        <type>quarter</type>
        <stem default-y="-73">down</stem>
        <notations>
          <slur bezier-x="5" bezier-y="-12" default-x="6" default-y="-63" number="1" placement="below" type="start"/>
        </notations>
      </note>
      <note default-x="491">
        <pitch>
          <step>C</step>
          <octave>4</octave>
        </pitch>
        <duration>2</duration>
        <voice>2</voice>
        <type>eighth</type>
        <stem default-y="-85">down</stem>
        <notations>
          <slur bezier-x="-12" bezier-y="-5" default-x="-5" default-y="-75" number="1" type="stop"/>
        </notations>
      </note>
      <note default-x="522">
        <rest>
          <display-step>G</display-step>
          <display-octave>4</display-octave>
        </rest>
        <duration>2</duration>
        <voice>2</voice>
        <type>eighth</type>
      </note>
    </measure>
    <!--=======================================================-->
    <measure number="4" width="293">
      <attributes>
        <time>
          <beats>6</beats>
          <beat-type>4</beat-type>
        </time>
      </attributes>
      <note default-x="46">
        <pitch>
          <step>D</step>
          <octave>5</octave>
        </pitch>
        <duration>4</duration>
        <voice>1</voice>
        <type>quarter</type>
        <stem default-y="18.5">up</stem>
        <lyric default-y="-106" number="1" relative-x="6">
          <syllabic>single</syllabic>
          <text>ще</text>
          <elision> </elision>
          <syllabic>single</syllabic>
          <text>й</text>
        </lyric>
      </note>
      <note default-x="90">
        <pitch>
          <step>E</step>
          <alter>-1</alter>
          <octave>5</octave>
        </pitch>
        <duration>4</duration>
        <voice>1</voice>
        <type>quarter</type>
        <stem default-y="23.5">up</stem>
        <lyric default-y="-106" number="1">
          <syllabic>begin</syllabic>
          <text>яс</text>
        </lyric>
      </note>
      <note default-x="130">
        <pitch>
          <step>F</step>
          <octave>5</octave>
        </pitch>
        <duration>2</duration>
        <voice>1</voice>
        <type>eighth</type>
        <stem default-y="35">up</stem>
        <beam number="1">begin</beam>
        <notations>
          <slur bezier-x="9" bezier-y="7" default-x="13" default-y="40" number="1" placement="above" type="start"/>
        </notations>
        <lyric default-y="-106" number="1" relative-x="3">
          <syllabic>end</syllabic>
          <text>на</text>
        </lyric>
      </note>
      <note default-x="155">
        <pitch>
          <step>D</step>
          <octave>5</octave>
        </pitch>
        <duration>2</duration>
        <voice>1</voice>
        <type>eighth</type>
        <stem default-y="30">up</stem>
        <beam number="1">end</beam>
        <notations>
          <slur bezier-x="-5" bezier-y="10" default-x="12" default-y="35" number="1" type="stop"/>
        </notations>
      </note>
      <note default-x="179">
        <pitch>
          <step>C</step>
          <octave>5</octave>
        </pitch>
        <duration>4</duration>
        <voice>1</voice>
        <type>quarter</type>
        <stem default-y="13.5">up</stem>
        <lyric default-y="-106" number="1">
          <syllabic>begin</syllabic>
          <text>зо</text>
        </lyric>
      </note>
      <note default-x="218">
        <pitch>
          <step>G</step>
          <octave>5</octave>
        </pitch>
        <duration>8</duration>
        <voice>1</voice>
        <type>half</type>
        <stem default-y="33.5">up</stem>
        <notations>
          <fermata default-x="-7" default-y="39" type="upright"/>
        </notations>
        <lyric default-y="-106" number="1">
          <syllabic>end</syllabic>
          <text>ря.</text>
        </lyric>
      </note>
      <backup>
        <duration>24</duration>
      </backup>
      <note default-x="46">
        <pitch>
          <step>B</step>
          <alter>-1</alter>
          <octave>4</octave>
        </pitch>
        <duration>4</duration>
        <voice>2</voice>
        <type>quarter</type>
        <stem default-y="-55">down</stem>
      </note>
      <note default-x="90">
        <pitch>
          <step>C</step>
          <octave>5</octave>
        </pitch>
        <duration>4</duration>
        <voice>2</voice>
        <type>quarter</type>
        <stem default-y="-50">down</stem>
      </note>
      <note default-x="130">
        <pitch>
          <step>D</step>
          <octave>5</octave>
        </pitch>
        <duration>2</duration>
        <voice>2</voice>
        <type>eighth</type>
        <stem default-y="-50">down</stem>
        <beam number="1">begin</beam>
        <notations>
          <slur bezier-x="5" bezier-y="-10" default-x="1" default-y="-55" number="1" placement="below" type="start"/>
        </notations>
      </note>
      <note default-x="155">
        <pitch>
          <step>B</step>
          <alter>-1</alter>
          <octave>4</octave>
        </pitch>
        <duration>2</duration>
        <voice>2</voice>
        <type>eighth</type>
        <stem default-y="-55">down</stem>
        <beam number="1">end</beam>
        <notations>
          <slur bezier-x="-9" bezier-y="-7" default-x="0" default-y="-60" number="1" type="stop"/>
        </notations>
      </note>
      <note default-x="179">
        <pitch>
          <step>A</step>
          <octave>4</octave>
        </pitch>
        <duration>4</duration>
        <voice>2</voice>
        <type>quarter</type>
        <stem default-y="-53">down</stem>
      </note>
      <note default-x="218">
        <pitch>
          <step>G</step>
          <octave>4</octave>
        </pitch>
        <duration>8</duration>
        <voice>2</voice>
        <type>half</type>
        <stem default-y="-58">down</stem>
      </note>
      <barline location="right">
        <bar-style>light-heavy</bar-style>
      </barline>
    </measure>
  </part>
  <!--=========================================================-->
</score-partwise>
