<?xml version="1.0" encoding="UTF-8" standalone="no"?>
<!DOCTYPE score-partwise PUBLIC "-//Recordare//DTD MusicXML 4.0 Partwise//EN" "http://www.musicxml.org/dtds/partwise.dtd">
<score-partwise version="4.0">
  <identification>
    <encoding>
      <software>Finale v27.3 for Windows</software>
      <encoding-date>2024-08-14</encoding-date>
      <supports attribute="new-system" element="print" type="yes" value="yes"/>
      <supports attribute="new-page" element="print" type="yes" value="yes"/>
      <supports element="accidental" type="yes"/>
      <supports element="beam" type="yes"/>
      <supports element="stem" type="yes"/>
    </encoding>
  </identification>
  <defaults>
    <scaling>
      <millimeters>8.4667</millimeters>
      <tenths>40</tenths>
    </scaling>
    <page-layout>
      <page-height>1320</page-height>
      <page-width>1020</page-width>
      <page-margins type="both">
        <left-margin>60</left-margin>
        <right-margin>60</right-margin>
        <top-margin>60</top-margin>
        <bottom-margin>60</bottom-margin>
      </page-margins>
    </page-layout>
    <system-layout>
      <system-margins>
        <left-margin>0</left-margin>
        <right-margin>0</right-margin>
      </system-margins>
      <system-distance>110</system-distance>
      <top-system-distance>67</top-system-distance>
    </system-layout>
    <appearance>
      <line-width type="stem">0.7682</line-width>
      <line-width type="beam">5</line-width>
      <line-width type="staff">0.7682</line-width>
      <line-width type="light barline">0.7682</line-width>
      <line-width type="heavy barline">5</line-width>
      <line-width type="leger">0.7682</line-width>
      <line-width type="ending">0.7682</line-width>
      <line-width type="wedge">0.7682</line-width>
      <line-width type="enclosure">0.7682</line-width>
      <line-width type="tuplet bracket">0.7682</line-width>
      <note-size type="grace">50</note-size>
      <note-size type="cue">50</note-size>
      <distance type="hyphen">60</distance>
      <distance type="beam">7.5</distance>
    </appearance>
    <music-font font-family="Finale Maestro,engraved" font-size="24"/>
    <word-font font-family="Times New Roman" font-size="12"/>
    <lyric-font font-family="Times New Roman" font-size="12"/>
  </defaults>
  <credit page="1">
    <credit-words default-x="346" default-y="1260" font-size="19" valign="top">511. При долині на охоті (07-БК)</credit-words>
  </credit>
  <credit page="1">
    <credit-words default-x="265" default-y="1226" valign="top">Помірно</credit-words>
  </credit>
  <credit page="1">
    <credit-words default-x="143" default-y="789" font-size="17" valign="top" xml:space="preserve">1. При долині на охоті,
Дівчина гуляє;
Прийшов туда її милий, 
Сів та й промовляє:*
2. – Ой покидай, моя мила,
Покидай гуляти,
Ходи, сідай коло мене, –
Щось маю казати.
3. Ой буду тоді казати
Та що ж бо я знаю ...
Ой я тебе, моя мила,
Покидати маю.
4. – Скажи мені, мій миленький,
Що то за причина,</credit-words>
  </credit>
  <credit page="1">
    <credit-words default-x="578" default-y="800" font-size="17" valign="top" xml:space="preserve">Чи ти мене сам не хочеш,
Чи твоя родина?
5. – Ой я тебе вірно люблю,
Рід мій не боронит,
Тільки що я п'ю, гуляю –
Все твій рід говорит. 
6. Ой піду я на Вкраїну
Та й там буду жити,
Найду собі кращу милу,
Що буде любити.
7. Помер хлопец без причини,
Треба камінь бити ...
Покинула та й не хтіла
Дівчина любити.</credit-words>
  </credit>
  <credit page="1">
    <credit-words default-x="139" default-y="325" valign="top" xml:space="preserve">Зап. 1918 р. Постоловський А. у с. Чорнокозинці Кам'янець-Подільського р-ну Хмельницької обл. 
від матері та тітки. ІМФЕ, ф. 6-4, од. зб. 119, арк. 86, № 56.</credit-words>
  </credit>
  <credit page="1">
    <credit-words default-x="120" default-y="82" valign="top">* Другу половину кожної строфи співають двічі. (Л.Є.)</credit-words>
  </credit>
  <credit page="1">
    <credit-words default-x="529" default-y="41" valign="top">360</credit-words>
  </credit>
  <part-list>
    <score-part id="P1">
      <part-name print-object="no">MusicXML Part</part-name>
      <group>score</group>
      <score-instrument id="P1-I1">
        <instrument-name>Čķńņšóģåķņ 1</instrument-name>
      </score-instrument>
      <midi-instrument id="P1-I1">
        <midi-channel>1</midi-channel>
        <midi-program>1</midi-program>
        <volume>80</volume>
        <pan>0</pan>
      </midi-instrument>
    </score-part>
  </part-list>
  <!--=========================================================-->
  <part id="P1">
    <measure number="1" width="268">
      <print>
        <page-layout>
          <page-height>1320</page-height>
          <page-width>1020</page-width>
          <page-margins>
            <left-margin>120</left-margin>
            <right-margin>60</right-margin>
            <top-margin>60</top-margin>
            <bottom-margin>60</bottom-margin>
          </page-margins>
        </page-layout>
        <system-layout>
          <system-margins>
            <left-margin>60</left-margin>
            <right-margin>0</right-margin>
          </system-margins>
          <top-system-distance>63</top-system-distance>
        </system-layout>
        <measure-numbering>none</measure-numbering>
      </print>
      <attributes>
        <divisions>4</divisions>
        <key>
          <fifths>0</fifths>
          <mode>major</mode>
        </key>
        <time>
          <beats>5</beats>
          <beat-type>8</beat-type>
        </time>
        <clef>
          <sign>G</sign>
          <line>2</line>
        </clef>
      </attributes>
      <sound tempo="96">
        <swing>
          <straight/>
        </swing>
      </sound>
      <note default-x="83">
        <pitch>
          <step>G</step>
          <octave>4</octave>
        </pitch>
        <duration>4</duration>
        <voice>1</voice>
        <type>quarter</type>
        <stem default-y="5">up</stem>
        <lyric default-y="-66" number="1" relative-x="5">
          <syllabic>single</syllabic>
          <text>1.</text>
          <elision> </elision>
          <syllabic>single</syllabic>
          <text>При</text>
        </lyric>
      </note>
      <note default-x="147">
        <pitch>
          <step>F</step>
          <octave>4</octave>
        </pitch>
        <duration>2</duration>
        <voice>1</voice>
        <type>eighth</type>
        <stem default-y="0">up</stem>
        <lyric default-y="-66" number="1">
          <syllabic>begin</syllabic>
          <text>до</text>
        </lyric>
      </note>
      <note default-x="188">
        <pitch>
          <step>E</step>
          <octave>4</octave>
        </pitch>
        <duration>2</duration>
        <voice>1</voice>
        <type>eighth</type>
        <stem default-y="-5">up</stem>
        <lyric default-y="-66" number="1">
          <syllabic>middle</syllabic>
          <text>ли</text>
        </lyric>
      </note>
      <note default-x="228">
        <pitch>
          <step>G</step>
          <octave>4</octave>
        </pitch>
        <duration>2</duration>
        <voice>1</voice>
        <type>eighth</type>
        <stem default-y="5">up</stem>
        <lyric default-y="-66" number="1">
          <syllabic>end</syllabic>
          <text>ні</text>
        </lyric>
      </note>
    </measure>
    <!--=======================================================-->
    <measure number="2" width="164">
      <note default-x="13">
        <pitch>
          <step>F</step>
          <octave>5</octave>
        </pitch>
        <duration>4</duration>
        <voice>1</voice>
        <type>quarter</type>
        <stem default-y="-35">down</stem>
        <lyric default-y="-66" number="1">
          <syllabic>single</syllabic>
          <text>на</text>
        </lyric>
      </note>
      <note default-x="66">
        <pitch>
          <step>F</step>
          <octave>5</octave>
        </pitch>
        <duration>2</duration>
        <voice>1</voice>
        <type>eighth</type>
        <stem default-y="-35">down</stem>
        <lyric default-y="-66" number="1">
          <syllabic>begin</syllabic>
          <text>о</text>
        </lyric>
      </note>
      <note default-x="98">
        <pitch>
          <step>E</step>
          <octave>5</octave>
        </pitch>
        <duration>2</duration>
        <voice>1</voice>
        <type>eighth</type>
        <stem default-y="-40">down</stem>
        <lyric default-y="-66" number="1">
          <syllabic>middle</syllabic>
          <text>хо</text>
        </lyric>
      </note>
      <note default-x="131">
        <pitch>
          <step>E</step>
          <octave>5</octave>
        </pitch>
        <duration>2</duration>
        <voice>1</voice>
        <type>eighth</type>
        <stem default-y="-40">down</stem>
        <lyric default-y="-66" number="1">
          <syllabic>end</syllabic>
          <text>ті/</text>
        </lyric>
      </note>
    </measure>
    <!--=======================================================-->
    <measure number="3" width="128">
      <attributes>
        <time>
          <beats>3</beats>
          <beat-type>8</beat-type>
        </time>
      </attributes>
      <note default-x="45">
        <pitch>
          <step>D</step>
          <octave>5</octave>
        </pitch>
        <duration>4</duration>
        <voice>1</voice>
        <type>quarter</type>
        <stem default-y="-45">down</stem>
        <lyric default-y="-66" number="1">
          <syllabic>begin</syllabic>
          <text>дів</text>
        </lyric>
      </note>
      <note default-x="95">
        <pitch>
          <step>D</step>
          <octave>5</octave>
        </pitch>
        <duration>2</duration>
        <voice>1</voice>
        <type>eighth</type>
        <stem default-y="-45">down</stem>
        <lyric default-y="-66" number="1">
          <syllabic>middle</syllabic>
          <text>чи</text>
        </lyric>
      </note>
    </measure>
    <!--=======================================================-->
    <measure number="4" width="94">
      <note default-x="13">
        <pitch>
          <step>G</step>
          <octave>5</octave>
        </pitch>
        <duration>4</duration>
        <voice>1</voice>
        <type>quarter</type>
        <stem default-y="-30">down</stem>
        <lyric default-y="-66" number="1">
          <syllabic>end</syllabic>
          <text>на</text>
        </lyric>
      </note>
      <note default-x="63">
        <pitch>
          <step>F</step>
          <octave>5</octave>
        </pitch>
        <duration>2</duration>
        <voice>1</voice>
        <type>eighth</type>
        <stem default-y="-35">down</stem>
        <lyric default-y="-66" number="1">
          <syllabic>begin</syllabic>
          <text>гу</text>
        </lyric>
      </note>
    </measure>
    <!--=======================================================-->
    <measure number="5" width="126">
      <note default-x="13">
        <pitch>
          <step>E</step>
          <octave>5</octave>
        </pitch>
        <duration>4</duration>
        <voice>1</voice>
        <type>quarter</type>
        <stem default-y="-40">down</stem>
        <notations>
          <fermata default-x="-7" default-y="6" type="upright"/>
        </notations>
        <lyric default-y="-66" number="1">
          <syllabic>middle</syllabic>
          <text>ля</text>
        </lyric>
      </note>
      <note default-x="63">
        <pitch>
          <step>E</step>
          <octave>5</octave>
        </pitch>
        <duration>2</duration>
        <voice>1</voice>
        <type>eighth</type>
        <stem default-y="-40">down</stem>
        <lyric default-y="-66" number="1">
          <syllabic>end</syllabic>
          <text>є,/</text>
        </lyric>
      </note>
    </measure>
    <!--=======================================================-->
    <measure number="6" width="255">
      <print new-system="yes">
        <system-layout>
          <system-distance>58</system-distance>
        </system-layout>
      </print>
      <attributes>
        <time>
          <beats>5</beats>
          <beat-type>8</beat-type>
        </time>
      </attributes>
      <note default-x="83">
        <pitch>
          <step>E</step>
          <octave>5</octave>
        </pitch>
        <duration>4</duration>
        <voice>1</voice>
        <type>quarter</type>
        <stem default-y="-40">down</stem>
        <lyric default-y="-68" number="1">
          <syllabic>begin</syllabic>
          <text>при</text>
        </lyric>
      </note>
      <note default-x="138">
        <pitch>
          <step>E</step>
          <octave>5</octave>
        </pitch>
        <duration>2</duration>
        <voice>1</voice>
        <type>eighth</type>
        <stem default-y="-40">down</stem>
        <lyric default-y="-68" number="1">
          <syllabic>end</syllabic>
          <text>йшов</text>
        </lyric>
      </note>
      <note default-x="180">
        <pitch>
          <step>D</step>
          <octave>5</octave>
        </pitch>
        <duration>2</duration>
        <voice>1</voice>
        <type>eighth</type>
        <stem default-y="-45">down</stem>
        <lyric default-y="-68" number="1">
          <syllabic>begin</syllabic>
          <text>ту</text>
        </lyric>
      </note>
      <note default-x="212">
        <pitch>
          <step>E</step>
          <octave>5</octave>
        </pitch>
        <duration>1</duration>
        <voice>1</voice>
        <type>16th</type>
        <stem default-y="-40">down</stem>
        <beam number="1">begin</beam>
        <beam number="2">begin</beam>
        <lyric default-y="-68" number="1" relative-x="3">
          <syllabic>end</syllabic>
          <text>да</text>
        </lyric>
      </note>
      <note default-x="233">
        <pitch>
          <step>D</step>
          <octave>5</octave>
        </pitch>
        <duration>1</duration>
        <voice>1</voice>
        <type>16th</type>
        <stem default-y="-45">down</stem>
        <beam number="1">end</beam>
        <beam number="2">end</beam>
      </note>
    </measure>
    <!--=======================================================-->
    <measure number="7" width="173">
      <note default-x="13">
        <pitch>
          <step>C</step>
          <octave>5</octave>
        </pitch>
        <duration>4</duration>
        <voice>1</voice>
        <type>quarter</type>
        <stem default-y="-50">down</stem>
        <lyric default-y="-68" number="1">
          <syllabic>begin</syllabic>
          <text>ї</text>
        </lyric>
      </note>
      <note default-x="59">
        <pitch>
          <step>C</step>
          <octave>5</octave>
        </pitch>
        <duration>2</duration>
        <voice>1</voice>
        <type>eighth</type>
        <stem default-y="-50">down</stem>
        <lyric default-y="-68" number="1">
          <syllabic>end</syllabic>
          <text>ї</text>
        </lyric>
      </note>
      <note default-x="90">
        <pitch>
          <step>B</step>
          <octave>4</octave>
        </pitch>
        <duration>2</duration>
        <voice>1</voice>
        <type>eighth</type>
        <stem default-y="-55">down</stem>
        <lyric default-y="-68" number="1">
          <syllabic>begin</syllabic>
          <text>ми</text>
        </lyric>
      </note>
      <note default-x="133">
        <pitch>
          <step>A</step>
          <octave>4</octave>
        </pitch>
        <duration>2</duration>
        <voice>1</voice>
        <type>eighth</type>
        <stem default-y="10">up</stem>
        <lyric default-y="-68" number="1">
          <syllabic>end</syllabic>
          <text>лий,/</text>
        </lyric>
      </note>
    </measure>
    <!--=======================================================-->
    <measure number="8" width="134">
      <attributes>
        <time>
          <beats>3</beats>
          <beat-type>8</beat-type>
        </time>
      </attributes>
      <note default-x="45">
        <pitch>
          <step>E</step>
          <octave>4</octave>
        </pitch>
        <duration>4</duration>
        <voice>1</voice>
        <type>quarter</type>
        <stem default-y="-5">up</stem>
        <lyric default-y="-68" number="1">
          <syllabic>single</syllabic>
          <text>сів</text>
        </lyric>
      </note>
      <note default-x="91">
        <pitch>
          <step>E</step>
          <octave>4</octave>
        </pitch>
        <duration>2</duration>
        <voice>1</voice>
        <type>eighth</type>
        <stem default-y="-5">up</stem>
        <lyric default-y="-68" number="1" relative-x="9">
          <syllabic>single</syllabic>
          <text>та</text>
          <elision> </elision>
          <syllabic>single</syllabic>
          <text>й</text>
        </lyric>
      </note>
    </measure>
    <!--=======================================================-->
    <measure number="9" width="98">
      <note default-x="13">
        <pitch>
          <step>C</step>
          <octave>5</octave>
        </pitch>
        <duration>4</duration>
        <voice>1</voice>
        <type>quarter</type>
        <stem default-y="-50">down</stem>
        <lyric default-y="-68" number="1">
          <syllabic>begin</syllabic>
          <text>про</text>
        </lyric>
      </note>
      <note default-x="65">
        <pitch>
          <step>B</step>
          <octave>4</octave>
        </pitch>
        <duration>2</duration>
        <voice>1</voice>
        <type>eighth</type>
        <stem default-y="-55">down</stem>
        <lyric default-y="-68" number="1">
          <syllabic>middle</syllabic>
          <text>мов</text>
        </lyric>
      </note>
    </measure>
    <!--=======================================================-->
    <measure number="10" width="181">
      <attributes>
        <time>
          <beats>2</beats>
          <beat-type>4</beat-type>
        </time>
      </attributes>
      <note default-x="46">
        <pitch>
          <step>A</step>
          <octave>4</octave>
        </pitch>
        <duration>2</duration>
        <voice>1</voice>
        <type>eighth</type>
        <stem default-y="15">up</stem>
        <beam number="1">begin</beam>
        <notations>
          <slur bezier-x="5" bezier-y="-11" default-x="6" default-y="-35" number="1" placement="below" type="start"/>
        </notations>
        <lyric default-y="-68" number="1">
          <syllabic>middle</syllabic>
          <text>ля</text>
        </lyric>
      </note>
      <note default-x="72">
        <pitch>
          <step>G</step>
          <octave>4</octave>
        </pitch>
        <duration>2</duration>
        <voice>1</voice>
        <type>eighth</type>
        <stem default-y="18">up</stem>
        <beam number="1">continue</beam>
        <notations>
          <slur bezier-x="-10" bezier-y="-6" default-x="6" default-y="-43" number="1" type="stop"/>
        </notations>
      </note>
      <note default-x="98">
        <pitch>
          <step>C</step>
          <octave>5</octave>
        </pitch>
        <duration>2</duration>
        <voice>1</voice>
        <type>eighth</type>
        <stem default-y="20">up</stem>
        <beam number="1">end</beam>
      </note>
      <note default-x="123">
        <pitch>
          <step>D</step>
          <octave>5</octave>
        </pitch>
        <duration>2</duration>
        <voice>1</voice>
        <type>eighth</type>
        <stem default-y="-45">down</stem>
        <lyric default-y="-68" number="1">
          <syllabic>end</syllabic>
          <text>є./</text>
        </lyric>
      </note>
    </measure>
    <!--=======================================================-->
    <measure number="11" width="279">
      <print new-system="yes"/>
      <attributes>
        <time>
          <beats>5</beats>
          <beat-type>8</beat-type>
        </time>
      </attributes>
      <note default-x="83">
        <pitch>
          <step>E</step>
          <octave>5</octave>
        </pitch>
        <duration>4</duration>
        <voice>1</voice>
        <type>quarter</type>
        <stem default-y="-40">down</stem>
        <lyric default-y="-68" number="1">
          <syllabic>begin</syllabic>
          <text>при</text>
        </lyric>
      </note>
      <note default-x="148">
        <pitch>
          <step>E</step>
          <octave>5</octave>
        </pitch>
        <duration>2</duration>
        <voice>1</voice>
        <type>eighth</type>
        <stem default-y="-40">down</stem>
        <lyric default-y="-68" number="1">
          <syllabic>end</syllabic>
          <text>йшов</text>
        </lyric>
      </note>
      <note default-x="190">
        <pitch>
          <step>D</step>
          <octave>5</octave>
        </pitch>
        <duration>2</duration>
        <voice>1</voice>
        <type>eighth</type>
        <stem default-y="-45">down</stem>
        <lyric default-y="-68" number="1">
          <syllabic>begin</syllabic>
          <text>ту</text>
        </lyric>
      </note>
      <note default-x="229">
        <pitch>
          <step>E</step>
          <octave>5</octave>
        </pitch>
        <duration>1</duration>
        <voice>1</voice>
        <type>16th</type>
        <stem default-y="-40">down</stem>
        <beam number="1">begin</beam>
        <beam number="2">begin</beam>
        <lyric default-y="-68" number="1" relative-x="3">
          <syllabic>end</syllabic>
          <text>да</text>
        </lyric>
      </note>
      <note default-x="254">
        <pitch>
          <step>D</step>
          <octave>5</octave>
        </pitch>
        <duration>1</duration>
        <voice>1</voice>
        <type>16th</type>
        <stem default-y="-45">down</stem>
        <beam number="1">end</beam>
        <beam number="2">end</beam>
      </note>
    </measure>
    <!--=======================================================-->
    <measure number="12" width="195">
      <note default-x="13">
        <pitch>
          <step>C</step>
          <octave>5</octave>
        </pitch>
        <duration>4</duration>
        <voice>1</voice>
        <type>quarter</type>
        <stem default-y="-50">down</stem>
        <lyric default-y="-68" number="1">
          <syllabic>begin</syllabic>
          <text>ї</text>
        </lyric>
      </note>
      <note default-x="73">
        <pitch>
          <step>C</step>
          <octave>5</octave>
        </pitch>
        <duration>2</duration>
        <voice>1</voice>
        <type>eighth</type>
        <stem default-y="-50">down</stem>
        <lyric default-y="-68" number="1">
          <syllabic>end</syllabic>
          <text>ї</text>
        </lyric>
      </note>
      <note default-x="110">
        <pitch>
          <step>B</step>
          <octave>4</octave>
        </pitch>
        <duration>2</duration>
        <voice>1</voice>
        <type>eighth</type>
        <stem default-y="-55">down</stem>
        <lyric default-y="-68" number="1">
          <syllabic>begin</syllabic>
          <text>ми</text>
        </lyric>
      </note>
      <note default-x="153">
        <pitch>
          <step>A</step>
          <octave>4</octave>
        </pitch>
        <duration>2</duration>
        <voice>1</voice>
        <type>eighth</type>
        <stem default-y="10">up</stem>
        <lyric default-y="-68" number="1">
          <syllabic>end</syllabic>
          <text>лий,/</text>
        </lyric>
      </note>
    </measure>
    <!--=======================================================-->
    <measure number="13" width="147">
      <attributes>
        <time>
          <beats>3</beats>
          <beat-type>8</beat-type>
        </time>
      </attributes>
      <note default-x="45">
        <pitch>
          <step>E</step>
          <octave>4</octave>
        </pitch>
        <duration>4</duration>
        <voice>1</voice>
        <type>quarter</type>
        <stem default-y="-5">up</stem>
        <lyric default-y="-68" number="1">
          <syllabic>single</syllabic>
          <text>сів</text>
        </lyric>
      </note>
      <note default-x="104">
        <pitch>
          <step>E</step>
          <octave>4</octave>
        </pitch>
        <duration>2</duration>
        <voice>1</voice>
        <type>eighth</type>
        <stem default-y="-5">up</stem>
        <lyric default-y="-68" number="1" relative-x="9">
          <syllabic>single</syllabic>
          <text>та</text>
          <elision> </elision>
          <syllabic>single</syllabic>
          <text>й</text>
        </lyric>
      </note>
    </measure>
    <!--=======================================================-->
    <measure number="14" width="111">
      <note default-x="13">
        <pitch>
          <step>C</step>
          <octave>5</octave>
        </pitch>
        <duration>4</duration>
        <voice>1</voice>
        <type>quarter</type>
        <stem default-y="-50">down</stem>
        <lyric default-y="-68" number="1">
          <syllabic>begin</syllabic>
          <text>про</text>
        </lyric>
      </note>
      <note default-x="73">
        <pitch>
          <step>B</step>
          <octave>4</octave>
        </pitch>
        <duration>2</duration>
        <voice>1</voice>
        <type>eighth</type>
        <stem default-y="-55">down</stem>
        <lyric default-y="-68" number="1">
          <syllabic>middle</syllabic>
          <text>мов</text>
        </lyric>
      </note>
    </measure>
    <!--=======================================================-->
    <measure number="15" width="107">
      <note default-x="13">
        <pitch>
          <step>A</step>
          <octave>4</octave>
        </pitch>
        <duration>4</duration>
        <voice>1</voice>
        <type>quarter</type>
        <stem default-y="10">up</stem>
        <lyric default-y="-68" number="1">
          <syllabic>middle</syllabic>
          <text>ля</text>
        </lyric>
      </note>
      <note default-x="65">
        <pitch>
          <step>A</step>
          <octave>4</octave>
        </pitch>
        <duration>2</duration>
        <voice>1</voice>
        <type>eighth</type>
        <stem default-y="10">up</stem>
        <lyric default-y="-68" number="1">
          <syllabic>end</syllabic>
          <text>є.</text>
        </lyric>
      </note>
      <barline location="right">
        <bar-style>light-heavy</bar-style>
      </barline>
    </measure>
  </part>
  <!--=========================================================-->
</score-partwise>
