<?xml version="1.0" encoding="UTF-8" standalone="no"?>
<!DOCTYPE score-partwise PUBLIC "-//Recordare//DTD MusicXML 4.0 Partwise//EN" "http://www.musicxml.org/dtds/partwise.dtd">
<score-partwise version="4.0">
  <identification>
    <encoding>
      <software>Finale v27.3 for Windows</software>
      <encoding-date>2024-10-01</encoding-date>
      <supports attribute="new-system" element="print" type="yes" value="yes"/>
      <supports attribute="new-page" element="print" type="yes" value="yes"/>
      <supports element="accidental" type="yes"/>
      <supports element="beam" type="yes"/>
      <supports element="stem" type="yes"/>
    </encoding>
  </identification>
  <defaults>
    <scaling>
      <millimeters>8.4667</millimeters>
      <tenths>40</tenths>
    </scaling>
    <page-layout>
      <page-height>1320</page-height>
      <page-width>1020</page-width>
      <page-margins type="both">
        <left-margin>60</left-margin>
        <right-margin>60</right-margin>
        <top-margin>60</top-margin>
        <bottom-margin>60</bottom-margin>
      </page-margins>
    </page-layout>
    <system-layout>
      <system-margins>
        <left-margin>0</left-margin>
        <right-margin>0</right-margin>
      </system-margins>
      <system-distance>110</system-distance>
      <top-system-distance>67</top-system-distance>
    </system-layout>
    <appearance>
      <line-width type="stem">0.7682</line-width>
      <line-width type="beam">5</line-width>
      <line-width type="staff">0.7682</line-width>
      <line-width type="light barline">0.7682</line-width>
      <line-width type="heavy barline">5</line-width>
      <line-width type="leger">0.7682</line-width>
      <line-width type="ending">0.7682</line-width>
      <line-width type="wedge">0.7682</line-width>
      <line-width type="enclosure">0.7682</line-width>
      <line-width type="tuplet bracket">0.7682</line-width>
      <note-size type="grace">50</note-size>
      <note-size type="cue">50</note-size>
      <distance type="hyphen">60</distance>
      <distance type="beam">7.5</distance>
    </appearance>
    <music-font font-family="Finale Maestro,engraved" font-size="24"/>
    <word-font font-family="Times New Roman" font-size="12"/>
    <lyric-font font-family="Times New Roman" font-size="12"/>
  </defaults>
  <credit page="1">
    <credit-words default-x="128" default-y="409" valign="top" xml:space="preserve">Зап. Конощенко А. у с. Калюс Новоушицького пов. Подільської губ. (нині Новоушицький р-н 
Хмельницької обл.) від Никифора Коротана. – ІМФЕ, ф. 6-4, од. зб. 148, арк. 63 зв., № 95.</credit-words>
  </credit>
  <credit page="1">
    <credit-words default-x="301" default-y="1260" font-size="19" valign="top">612. Ой роспився Василечко (15-БР-10)</credit-words>
  </credit>
  <credit page="1">
    <credit-words default-x="136" default-y="1026" font-size="17" valign="top" xml:space="preserve">1. Ой роспився Василечко, 
Роспився, роспився,
Купив собі човен новий, 
Щоби-сь не втопився.*
2. Ой звіявся буйний вітер 
З глібокого яру: –
Вивернуло Василечка 
Посеред Дунаю! 
3. Мати ходит, руки ломит 
З мізиного пальця:
Нема, нема та й не буде 
Василя коханьця! 
4. – Ой ви, хлопці-риболовці, 
Нате вам штири гроші,
Лиш ви найдіт Василечка, – 
Він пишний, хороший! 
5. Угляділи Василечка 
Тридцять дві години,</credit-words>
  </credit>
  <credit page="1">
    <credit-words default-x="119" default-y="103" valign="top" xml:space="preserve">* Другу половину кожної строфи співають двічі. (Л. Є.)
** Мабуть "домовину".</credit-words>
  </credit>
  <credit page="1">
    <credit-words default-x="316" default-y="1224" valign="top">[Повільно]</credit-words>
  </credit>
  <credit page="1">
    <credit-words default-x="570" default-y="1025" font-size="17" valign="top" xml:space="preserve">Йа винайшли Василечка 
В глібокій долині. 
6. Тешут явір, тешут явір, 
Тешут яворину, – 
Молодому Васильові 
Роблят дубовину**. 
7. Василя везут, коня ведут, 
Кінь ся ж спотикає;
За Васильом рідна мати 
З жалю умліває. 
8. Василя везут, коня ведут, 
Кінь головку клонит, –
За Васильом рідна мати 
Білі ручки ломит. 
9. Ломит вона білі ручки 
З мізиного пальця:
Нема, нема і не буде 
Василя коханьця! </credit-words>
  </credit>
  <credit page="1">
    <credit-words default-x="530" default-y="43" valign="top">432</credit-words>
  </credit>
  <part-list>
    <score-part id="P1">
      <part-name print-object="no">MusicXML Part</part-name>
      <group>score</group>
      <score-instrument id="P1-I1">
        <instrument-name>Čķńņšóģåķņ 1</instrument-name>
      </score-instrument>
      <midi-instrument id="P1-I1">
        <midi-channel>1</midi-channel>
        <midi-program>1</midi-program>
        <volume>80</volume>
        <pan>0</pan>
      </midi-instrument>
    </score-part>
  </part-list>
  <!--=========================================================-->
  <part id="P1">
    <measure number="1" width="486">
      <print>
        <page-layout>
          <page-height>1320</page-height>
          <page-width>1020</page-width>
          <page-margins>
            <left-margin>119</left-margin>
            <right-margin>60</right-margin>
            <top-margin>60</top-margin>
            <bottom-margin>60</bottom-margin>
          </page-margins>
        </page-layout>
        <system-layout>
          <system-margins>
            <left-margin>61</left-margin>
            <right-margin>0</right-margin>
          </system-margins>
          <top-system-distance>69</top-system-distance>
        </system-layout>
        <measure-numbering>none</measure-numbering>
      </print>
      <attributes>
        <divisions>4</divisions>
        <key>
          <fifths>-2</fifths>
          <mode>major</mode>
        </key>
        <time>
          <beats>12</beats>
          <beat-type>8</beat-type>
        </time>
        <clef>
          <sign>G</sign>
          <line>2</line>
        </clef>
      </attributes>
      <sound tempo="96">
        <swing>
          <straight/>
        </swing>
      </sound>
      <note default-x="130">
        <pitch>
          <step>D</step>
          <octave>5</octave>
        </pitch>
        <duration>1</duration>
        <voice>1</voice>
        <type>16th</type>
        <stem default-y="-45">down</stem>
        <notations>
          <slur bezier-x="7" bezier-y="8" dash-length="7.5" default-x="6" default-y="3" line-type="dashed" number="1" placement="above" space-length="7.5" type="start"/>
        </notations>
        <lyric default-y="-71" number="1">
          <syllabic>single</syllabic>
          <text>1.</text>
          <elision> </elision>
          <syllabic>single</syllabic>
          <text>Ой</text>
        </lyric>
      </note>
      <note default-x="153">
        <pitch>
          <step>D</step>
          <octave>5</octave>
        </pitch>
        <duration>1</duration>
        <voice>1</voice>
        <type>16th</type>
        <stem default-y="-45">down</stem>
        <notations>
          <slur bezier-x="-7" bezier-y="8" default-x="6" default-y="3" number="1" type="stop"/>
        </notations>
      </note>
      <note default-x="178">
        <pitch>
          <step>C</step>
          <octave>5</octave>
        </pitch>
        <duration>2</duration>
        <voice>1</voice>
        <type>eighth</type>
        <stem default-y="-50">down</stem>
        <lyric default-y="-71" number="1">
          <syllabic>begin</syllabic>
          <text>рос</text>
        </lyric>
      </note>
      <note default-x="219">
        <pitch>
          <step>C</step>
          <octave>5</octave>
        </pitch>
        <duration>2</duration>
        <voice>1</voice>
        <type>eighth</type>
        <stem default-y="-50">down</stem>
        <lyric default-y="-71" number="1">
          <syllabic>middle</syllabic>
          <text>пив</text>
        </lyric>
      </note>
      <note default-x="253">
        <pitch>
          <step>C</step>
          <octave>5</octave>
        </pitch>
        <duration>4</duration>
        <voice>1</voice>
        <type>quarter</type>
        <stem default-y="-50">down</stem>
        <notations>
          <slur bezier-x="13" bezier-y="11" default-x="6" default-y="-5" number="1" placement="above" type="start"/>
        </notations>
        <lyric default-y="-71" number="1" relative-x="3">
          <syllabic>end</syllabic>
          <text>ся</text>
        </lyric>
      </note>
      <note default-x="296">
        <pitch>
          <step>B</step>
          <alter>-1</alter>
          <octave>4</octave>
        </pitch>
        <duration>2</duration>
        <voice>1</voice>
        <type>eighth</type>
        <stem default-y="-55">down</stem>
        <notations>
          <slur bezier-x="-12" bezier-y="12" default-x="6" default-y="-7" number="1" type="stop"/>
        </notations>
      </note>
      <note default-x="323">
        <pitch>
          <step>D</step>
          <octave>5</octave>
        </pitch>
        <duration>4</duration>
        <voice>1</voice>
        <type>quarter</type>
        <stem default-y="-45">down</stem>
        <lyric default-y="-71" number="1">
          <syllabic>begin</syllabic>
          <text>Ва</text>
        </lyric>
      </note>
      <note default-x="367">
        <pitch>
          <step>B</step>
          <alter>-1</alter>
          <octave>4</octave>
        </pitch>
        <duration>2</duration>
        <voice>1</voice>
        <type>eighth</type>
        <stem default-y="-55">down</stem>
        <lyric default-y="-71" number="1">
          <syllabic>middle</syllabic>
          <text>си</text>
        </lyric>
      </note>
      <note default-x="397">
        <pitch>
          <step>C</step>
          <octave>5</octave>
        </pitch>
        <duration>1</duration>
        <voice>1</voice>
        <type>16th</type>
        <stem default-y="-50">down</stem>
        <beam number="1">begin</beam>
        <beam number="2">begin</beam>
        <notations>
          <slur bezier-x="6" bezier-y="7" default-x="6" default-y="-5" number="1" placement="above" type="start"/>
        </notations>
        <lyric default-y="-71" number="1" relative-x="8">
          <syllabic>middle</syllabic>
          <text>леч</text>
        </lyric>
      </note>
      <note default-x="416">
        <pitch>
          <step>B</step>
          <alter>-1</alter>
          <octave>4</octave>
        </pitch>
        <duration>1</duration>
        <voice>1</voice>
        <type>16th</type>
        <stem default-y="-55">down</stem>
        <beam number="1">end</beam>
        <beam number="2">end</beam>
        <notations>
          <slur bezier-x="-5" bezier-y="8" default-x="6" default-y="-7" number="1" type="stop"/>
        </notations>
      </note>
      <note default-x="442">
        <pitch>
          <step>B</step>
          <alter>-1</alter>
          <octave>4</octave>
        </pitch>
        <duration>4</duration>
        <voice>1</voice>
        <type>quarter</type>
        <stem default-y="-55">down</stem>
        <lyric default-y="-71" number="1">
          <syllabic>end</syllabic>
          <text>ко,/</text>
        </lyric>
      </note>
    </measure>
    <!--=======================================================-->
    <measure number="2" width="294">
      <note default-x="13">
        <pitch>
          <step>D</step>
          <octave>5</octave>
        </pitch>
        <duration>1</duration>
        <voice>1</voice>
        <type>16th</type>
        <stem default-y="-45">down</stem>
        <notations>
          <slur bezier-x="6" bezier-y="8" dash-length="7.5" default-x="6" default-y="3" line-type="dashed" number="1" placement="above" space-length="7.5" type="start"/>
        </notations>
        <lyric default-y="-71" number="1">
          <syllabic>begin</syllabic>
          <text>рос</text>
        </lyric>
      </note>
      <note default-x="33">
        <pitch>
          <step>D</step>
          <octave>5</octave>
        </pitch>
        <duration>1</duration>
        <voice>1</voice>
        <type>16th</type>
        <stem default-y="-45">down</stem>
        <notations>
          <slur bezier-x="-6" bezier-y="8" default-x="6" default-y="3" number="1" type="stop"/>
        </notations>
      </note>
      <note default-x="60">
        <pitch>
          <step>C</step>
          <octave>5</octave>
        </pitch>
        <duration>2</duration>
        <voice>1</voice>
        <type>eighth</type>
        <stem default-y="-50">down</stem>
        <lyric default-y="-71" number="1">
          <syllabic>middle</syllabic>
          <text>пив</text>
        </lyric>
      </note>
      <note default-x="96">
        <pitch>
          <step>C</step>
          <octave>5</octave>
        </pitch>
        <duration>2</duration>
        <voice>1</voice>
        <type>eighth</type>
        <stem default-y="-50">down</stem>
        <lyric default-y="-71" number="1">
          <syllabic>end</syllabic>
          <text>ся,</text>
        </lyric>
      </note>
      <note default-x="128">
        <pitch>
          <step>C</step>
          <octave>5</octave>
        </pitch>
        <duration>6</duration>
        <voice>1</voice>
        <type>quarter</type>
        <dot/>
        <stem default-y="-50">down</stem>
        <lyric default-y="-71" number="1" relative-x="8">
          <syllabic>begin</syllabic>
          <text>рос</text>
        </lyric>
      </note>
      <note default-x="185">
        <pitch>
          <step>B</step>
          <alter>-1</alter>
          <octave>4</octave>
        </pitch>
        <duration>6</duration>
        <voice>1</voice>
        <type>quarter</type>
        <dot/>
        <stem default-y="-55">down</stem>
        <lyric default-y="-71" number="1">
          <syllabic>middle</syllabic>
          <text>пив</text>
        </lyric>
      </note>
      <note default-x="239">
        <pitch>
          <step>G</step>
          <octave>4</octave>
        </pitch>
        <duration>6</duration>
        <voice>1</voice>
        <type>quarter</type>
        <dot/>
        <stem default-y="5">up</stem>
        <lyric default-y="-71" number="1" relative-x="4">
          <syllabic>end</syllabic>
          <text>ся,/</text>
        </lyric>
      </note>
    </measure>
    <!--=======================================================-->
    <measure number="3" width="482">
      <print new-system="yes">
        <system-layout>
          <system-distance>52</system-distance>
        </system-layout>
      </print>
      <barline location="left">
        <bar-style>heavy-light</bar-style>
        <repeat direction="forward" winged="none"/>
      </barline>
      <note default-x="103">
        <pitch>
          <step>G</step>
          <octave>4</octave>
        </pitch>
        <duration>2</duration>
        <voice>1</voice>
        <type>eighth</type>
        <stem default-y="5">up</stem>
        <lyric default-y="-71" number="1">
          <syllabic>begin</syllabic>
          <text>ку</text>
        </lyric>
      </note>
      <note default-x="143">
        <pitch>
          <step>A</step>
          <octave>4</octave>
        </pitch>
        <duration>2</duration>
        <voice>1</voice>
        <type>eighth</type>
        <stem default-y="10">up</stem>
        <lyric default-y="-71" number="1">
          <syllabic>end</syllabic>
          <text>пив</text>
        </lyric>
      </note>
      <note default-x="180">
        <pitch>
          <step>B</step>
          <alter>-1</alter>
          <octave>4</octave>
        </pitch>
        <duration>2</duration>
        <voice>1</voice>
        <type>eighth</type>
        <stem default-y="-55">down</stem>
        <lyric default-y="-71" number="1">
          <syllabic>begin</syllabic>
          <text>со</text>
        </lyric>
      </note>
      <note default-x="214">
        <pitch>
          <step>C</step>
          <octave>5</octave>
        </pitch>
        <duration>4</duration>
        <voice>1</voice>
        <type>quarter</type>
        <stem default-y="-50">down</stem>
        <notations>
          <slur bezier-x="13" bezier-y="15" default-x="6" default-y="-5" number="1" placement="above" type="start"/>
        </notations>
        <lyric default-y="-71" number="1">
          <syllabic>end</syllabic>
          <text>бі</text>
        </lyric>
      </note>
      <note default-x="264">
        <pitch>
          <step>A</step>
          <octave>4</octave>
        </pitch>
        <duration>2</duration>
        <voice>1</voice>
        <type>eighth</type>
        <stem default-y="10">up</stem>
        <notations>
          <slur bezier-x="-17" bezier-y="10" default-x="7" default-y="3" number="1" type="stop"/>
        </notations>
      </note>
      <note default-x="301">
        <pitch>
          <step>D</step>
          <octave>5</octave>
        </pitch>
        <duration>4</duration>
        <voice>1</voice>
        <type>quarter</type>
        <stem default-y="-45">down</stem>
        <lyric default-y="-71" number="1">
          <syllabic>begin</syllabic>
          <text>чо</text>
        </lyric>
      </note>
      <note default-x="351">
        <pitch>
          <step>B</step>
          <alter>-1</alter>
          <octave>4</octave>
        </pitch>
        <duration>2</duration>
        <voice>1</voice>
        <type>eighth</type>
        <stem default-y="-55">down</stem>
        <lyric default-y="-71" number="1">
          <syllabic>end</syllabic>
          <text>вен</text>
        </lyric>
      </note>
      <note default-x="389">
        <pitch>
          <step>C</step>
          <octave>5</octave>
        </pitch>
        <duration>2</duration>
        <voice>1</voice>
        <type>eighth</type>
        <stem default-y="-50">down</stem>
        <lyric default-y="-71" number="1">
          <syllabic>begin</syllabic>
          <text>но</text>
        </lyric>
      </note>
      <note default-x="430">
        <pitch>
          <step>B</step>
          <alter>-1</alter>
          <octave>4</octave>
        </pitch>
        <duration>4</duration>
        <voice>1</voice>
        <type>quarter</type>
        <stem default-y="-55">down</stem>
        <lyric default-y="-71" number="1">
          <syllabic>end</syllabic>
          <text>вий,/</text>
        </lyric>
      </note>
    </measure>
    <!--=======================================================-->
    <measure number="4" width="358">
      <attributes>
        <time>
          <beats>9</beats>
          <beat-type>8</beat-type>
        </time>
      </attributes>
      <note default-x="45">
        <pitch>
          <step>C</step>
          <octave>5</octave>
        </pitch>
        <duration>4</duration>
        <voice>1</voice>
        <type>quarter</type>
        <stem default-y="-50">down</stem>
        <lyric default-y="-71" number="1">
          <syllabic>begin</syllabic>
          <text>що</text>
        </lyric>
      </note>
      <note default-x="103">
        <pitch>
          <step>B</step>
          <alter>-1</alter>
          <octave>4</octave>
        </pitch>
        <duration>2</duration>
        <voice>1</voice>
        <type>eighth</type>
        <stem default-y="-55">down</stem>
        <lyric default-y="-71" number="1">
          <syllabic>end</syllabic>
          <text>би­сь</text>
        </lyric>
      </note>
      <note default-x="145">
        <pitch>
          <step>C</step>
          <octave>5</octave>
        </pitch>
        <duration>2</duration>
        <voice>1</voice>
        <type>eighth</type>
        <stem default-y="-50">down</stem>
        <lyric default-y="-71" number="1">
          <syllabic>single</syllabic>
          <text>не</text>
        </lyric>
      </note>
      <note default-x="183">
        <pitch>
          <step>B</step>
          <alter>-1</alter>
          <octave>4</octave>
        </pitch>
        <duration>4</duration>
        <voice>1</voice>
        <type>quarter</type>
        <stem default-y="-55">down</stem>
        <lyric default-y="-71" number="1">
          <syllabic>begin</syllabic>
          <text>вто</text>
        </lyric>
      </note>
      <note default-x="238">
        <pitch>
          <step>G</step>
          <octave>4</octave>
        </pitch>
        <duration>4</duration>
        <voice>1</voice>
        <type>quarter</type>
        <stem default-y="5">up</stem>
        <notations>
          <fermata default-x="-7" default-y="-45" type="inverted"/>
        </notations>
        <lyric default-y="-71" number="1">
          <syllabic>middle</syllabic>
          <text>пив</text>
        </lyric>
      </note>
      <note default-x="290">
        <pitch>
          <step>G</step>
          <octave>4</octave>
        </pitch>
        <duration>1</duration>
        <voice>1</voice>
        <type>16th</type>
        <stem default-y="5">up</stem>
        <lyric default-y="-71" number="1">
          <syllabic>end</syllabic>
          <text>ся.</text>
        </lyric>
      </note>
      <note default-x="318">
        <rest/>
        <duration>1</duration>
        <voice>1</voice>
        <type>16th</type>
      </note>
      <barline location="right">
        <bar-style>light-heavy</bar-style>
        <repeat direction="backward" winged="none"/>
      </barline>
    </measure>
  </part>
  <!--=========================================================-->
</score-partwise>
