<?xml version="1.0" encoding="UTF-8" standalone="no"?>
<!DOCTYPE score-partwise PUBLIC "-//Recordare//DTD MusicXML 4.0 Partwise//EN" "http://www.musicxml.org/dtds/partwise.dtd">
<score-partwise version="4.0">
  <identification>
    <encoding>
      <software>Finale v27.3 for Windows</software>
      <encoding-date>2024-10-01</encoding-date>
      <supports attribute="new-system" element="print" type="yes" value="yes"/>
      <supports attribute="new-page" element="print" type="yes" value="yes"/>
      <supports element="accidental" type="yes"/>
      <supports element="beam" type="yes"/>
      <supports element="stem" type="yes"/>
    </encoding>
  </identification>
  <defaults>
    <scaling>
      <millimeters>8.4667</millimeters>
      <tenths>40</tenths>
    </scaling>
    <page-layout>
      <page-height>1320</page-height>
      <page-width>1020</page-width>
      <page-margins type="both">
        <left-margin>60</left-margin>
        <right-margin>60</right-margin>
        <top-margin>60</top-margin>
        <bottom-margin>60</bottom-margin>
      </page-margins>
    </page-layout>
    <system-layout>
      <system-margins>
        <left-margin>60</left-margin>
        <right-margin>0</right-margin>
      </system-margins>
      <system-distance>252</system-distance>
      <top-system-distance>209</top-system-distance>
    </system-layout>
    <appearance>
      <line-width type="stem">0.7682</line-width>
      <line-width type="beam">5</line-width>
      <line-width type="staff">0.7682</line-width>
      <line-width type="light barline">0.7682</line-width>
      <line-width type="heavy barline">5</line-width>
      <line-width type="leger">0.7682</line-width>
      <line-width type="ending">0.7682</line-width>
      <line-width type="wedge">0.7682</line-width>
      <line-width type="enclosure">0.7682</line-width>
      <line-width type="tuplet bracket">0.7682</line-width>
      <note-size type="grace">50</note-size>
      <note-size type="cue">50</note-size>
      <distance type="hyphen">60</distance>
      <distance type="beam">7.5</distance>
    </appearance>
    <music-font font-family="Finale Maestro,engraved" font-size="24"/>
    <word-font font-family="Times New Roman" font-size="12"/>
    <lyric-font font-family="Times New Roman" font-size="12"/>
  </defaults>
  <credit page="1">
    <credit-words default-x="328" default-y="1182" font-size="19" valign="top">481. Ой займу я воли в поли (05-БР-10)</credit-words>
  </credit>
  <credit page="1">
    <credit-words default-x="149" default-y="941" font-size="17" valign="top" xml:space="preserve">1. Ой займу я воли в поли, 
Телята в долину,
А сам піду до вдовоньки
На час, на годину.**
2. Прийшов же я під віконце:
– Добрий вечір, серце.
Вона їму відповіла:
– Йди, вбий жінку перше.
3. – Скажи ж мені, моя мила, 
Як же її вбити?
Моя жінка молоденька 
Буде ся просити.***
4. – Іди ж, милий, до коршмоньки,
Напийся горілки.
А як прийдеш з коршми п’яний,
Вчипися до жінки.
А як прийшов з коршми п’яний,
Вчипився до жінки.
5. Як вдарив ї раз у груди,
А два раза в зуби,
Полялася кров червона
По всі землі всюди.</credit-words>
  </credit>
  <credit page="1">
    <credit-words default-x="594" default-y="937" font-size="17" valign="top" xml:space="preserve">6. Сусідоньки, добрі люди
Дали ненькі знати:
– Іди, іди, стара мати,
Доньку ратувати.
7. Ішла мати попід хату,
Глянула в віконце:
Лежит дочка на лавочці
Збита, як суконце.
8. – Дочко ж моя, дочко моя,
Що ж ти провинила,
Що твоя вже кров червона
Землю сполонила?
9. – Оце ж моя, рідна мати,
Се я провинила,
Бо в неділю до схід сонця 
Обід не зварила.
10. Мати ж моя ріднесенька,
Що я провинила,
Ходит Яків до вдовоньки,
А я щоб не жила.</credit-words>
  </credit>
  <credit page="1">
    <credit-words default-x="118" default-y="143" font-size="11" valign="top" xml:space="preserve">* Тактові розміри проставлено нами. (Л. Є.)
** Другу половину кожної строфи (крім 4-ї) співають двічі.
*** Вар.: Навчи ж, навчи ж мене, мила,
                Як же жінку вбити.</credit-words>
  </credit>
  <credit page="1">
    <credit-words default-x="256" default-y="1124" valign="top">*</credit-words>
  </credit>
  <credit page="1">
    <credit-words default-x="128" default-y="222" valign="top" xml:space="preserve">Зап. 1927 р. Харків В. Й. у с. Ісаківці Жванецького р-ну Кам’янецької окр. (нині Кам’янець-По-
дільського р-ну Хмельницької обл.). – ІМФЕ, ф.6-3, од.зб. 77, текст – арк. 136-138 (112-114), мел. 
– арк. 130 (106), № 36.</credit-words>
  </credit>
  <credit page="1">
    <credit-words default-x="523" default-y="44" valign="top">337</credit-words>
  </credit>
  <part-list>
    <score-part id="P1">
      <part-name print-object="no">MusicXML Part</part-name>
      <group>score</group>
      <score-instrument id="P1-I1">
        <instrument-name>Čķńņšóģåķņ 1</instrument-name>
      </score-instrument>
      <midi-instrument id="P1-I1">
        <midi-channel>1</midi-channel>
        <midi-program>1</midi-program>
        <volume>80</volume>
        <pan>0</pan>
      </midi-instrument>
    </score-part>
  </part-list>
  <!--=========================================================-->
  <part id="P1">
    <measure number="1" width="452">
      <print>
        <page-layout>
          <page-height>1320</page-height>
          <page-width>1020</page-width>
          <page-margins>
            <left-margin>119</left-margin>
            <right-margin>60</right-margin>
            <top-margin>60</top-margin>
            <bottom-margin>60</bottom-margin>
          </page-margins>
        </page-layout>
        <system-layout>
          <system-margins>
            <left-margin>58</left-margin>
            <right-margin>2</right-margin>
          </system-margins>
          <top-system-distance>155</top-system-distance>
        </system-layout>
        <measure-numbering>none</measure-numbering>
      </print>
      <attributes>
        <divisions>4</divisions>
        <key>
          <fifths>1</fifths>
          <mode>major</mode>
        </key>
        <time>
          <beats>9</beats>
          <beat-type>8</beat-type>
        </time>
        <clef>
          <sign>G</sign>
          <line>2</line>
        </clef>
      </attributes>
      <sound tempo="96">
        <swing>
          <straight/>
        </swing>
      </sound>
      <note default-x="109">
        <pitch>
          <step>D</step>
          <octave>4</octave>
        </pitch>
        <duration>2</duration>
        <voice>1</voice>
        <type>eighth</type>
        <stem default-y="-10">up</stem>
        <lyric default-y="-70" number="1">
          <syllabic>single</syllabic>
          <text>1.</text>
          <elision> </elision>
          <syllabic>single</syllabic>
          <text>Ой</text>
        </lyric>
      </note>
      <note default-x="152">
        <pitch>
          <step>G</step>
          <octave>4</octave>
        </pitch>
        <duration>4</duration>
        <voice>1</voice>
        <type>quarter</type>
        <stem default-y="5">up</stem>
        <lyric default-y="-70" number="1">
          <syllabic>begin</syllabic>
          <text>за</text>
        </lyric>
      </note>
      <note default-x="205">
        <pitch>
          <step>A</step>
          <octave>4</octave>
        </pitch>
        <duration>2</duration>
        <voice>1</voice>
        <type>eighth</type>
        <stem default-y="10">up</stem>
        <lyric default-y="-70" number="1">
          <syllabic>end</syllabic>
          <text>йму</text>
        </lyric>
      </note>
      <note default-x="243">
        <pitch>
          <step>D</step>
          <octave>5</octave>
        </pitch>
        <duration>1</duration>
        <voice>1</voice>
        <type>16th</type>
        <stem default-y="-45">down</stem>
        <beam number="1">begin</beam>
        <beam number="2">begin</beam>
        <notations>
          <slur bezier-x="10" bezier-y="5" default-x="6" default-y="3" number="1" placement="above" type="start"/>
        </notations>
        <lyric default-y="-70" number="1">
          <syllabic>single</syllabic>
          <text>я</text>
        </lyric>
      </note>
      <note default-x="266">
        <pitch>
          <step>C</step>
          <octave>5</octave>
        </pitch>
        <duration>1</duration>
        <voice>1</voice>
        <type>16th</type>
        <stem default-y="-50">down</stem>
        <beam number="1">end</beam>
        <beam number="2">end</beam>
        <notations>
          <slur bezier-x="-4" bezier-y="10" default-x="6" default-y="-5" number="1" type="stop"/>
        </notations>
      </note>
      <note default-x="290">
        <pitch>
          <step>B</step>
          <octave>4</octave>
        </pitch>
        <duration>2</duration>
        <voice>1</voice>
        <type>eighth</type>
        <stem default-y="-55">down</stem>
        <lyric default-y="-70" number="1">
          <syllabic>begin</syllabic>
          <text>во</text>
        </lyric>
      </note>
      <note default-x="328">
        <pitch>
          <step>A</step>
          <octave>4</octave>
        </pitch>
        <duration>2</duration>
        <voice>1</voice>
        <type>eighth</type>
        <stem default-y="10">up</stem>
        <lyric default-y="-70" number="1">
          <syllabic>end</syllabic>
          <text>ли</text>
        </lyric>
      </note>
      <note default-x="372">
        <pitch>
          <step>E</step>
          <octave>4</octave>
        </pitch>
        <duration>2</duration>
        <voice>1</voice>
        <type>eighth</type>
        <stem default-y="-5">up</stem>
        <lyric default-y="-70" number="1" relative-x="-5">
          <syllabic>single</syllabic>
          <text>в</text>
          <elision> </elision>
          <syllabic>begin</syllabic>
          <text>по</text>
        </lyric>
      </note>
      <note default-x="413">
        <pitch>
          <step>D</step>
          <octave>4</octave>
        </pitch>
        <duration>2</duration>
        <voice>1</voice>
        <type>eighth</type>
        <stem default-y="-10">up</stem>
        <lyric default-y="-70" number="1">
          <syllabic>end</syllabic>
          <text>ли,/</text>
        </lyric>
      </note>
    </measure>
    <!--=======================================================-->
    <measure number="2" width="329">
      <note default-x="13">
        <pitch>
          <step>D</step>
          <octave>4</octave>
        </pitch>
        <duration>2</duration>
        <voice>1</voice>
        <type>eighth</type>
        <stem default-y="-10">up</stem>
        <lyric default-y="-70" number="1">
          <syllabic>begin</syllabic>
          <text>те</text>
        </lyric>
      </note>
      <note default-x="51">
        <pitch>
          <step>G</step>
          <octave>4</octave>
        </pitch>
        <duration>2</duration>
        <voice>1</voice>
        <type>eighth</type>
        <stem default-y="5">up</stem>
        <lyric default-y="-70" number="1">
          <syllabic>middle</syllabic>
          <text>ля</text>
        </lyric>
      </note>
      <note default-x="88">
        <pitch>
          <step>A</step>
          <octave>4</octave>
        </pitch>
        <duration>2</duration>
        <voice>1</voice>
        <type>eighth</type>
        <stem default-y="10">up</stem>
        <lyric default-y="-70" number="1">
          <syllabic>end</syllabic>
          <text>та</text>
        </lyric>
      </note>
      <note default-x="139">
        <pitch>
          <step>D</step>
          <octave>5</octave>
        </pitch>
        <duration>1</duration>
        <voice>1</voice>
        <type>16th</type>
        <stem default-y="-45">down</stem>
        <beam number="1">begin</beam>
        <beam number="2">begin</beam>
        <notations>
          <slur bezier-x="15" bezier-y="10" default-x="6" default-y="3" number="1" placement="above" type="start"/>
        </notations>
        <lyric default-y="-70" number="1" relative-x="-20">
          <syllabic>single</syllabic>
          <text>в</text>
        </lyric>
      </note>
      <note default-x="186">
        <pitch>
          <step>C</step>
          <octave>5</octave>
        </pitch>
        <duration>1</duration>
        <voice>1</voice>
        <type>16th</type>
        <stem default-y="-50">down</stem>
        <beam number="1">end</beam>
        <beam number="2">end</beam>
        <notations>
          <slur bezier-x="-11" bezier-y="15" default-x="6" default-y="-5" number="1" type="stop"/>
        </notations>
        <lyric default-y="-70" number="1" relative-x="-25">
          <syllabic>begin</syllabic>
          <text>до</text>
        </lyric>
      </note>
      <note default-x="211">
        <pitch>
          <step>B</step>
          <octave>4</octave>
        </pitch>
        <duration>2</duration>
        <voice>1</voice>
        <type>eighth</type>
        <stem default-y="-55">down</stem>
        <lyric default-y="-70" number="1">
          <syllabic>middle</syllabic>
          <text>ли</text>
        </lyric>
      </note>
      <note default-x="252">
        <pitch>
          <step>A</step>
          <octave>4</octave>
        </pitch>
        <duration>8</duration>
        <voice>1</voice>
        <type>half</type>
        <stem default-y="10">up</stem>
        <lyric default-y="-70" number="1">
          <syllabic>end</syllabic>
          <text>ну,/</text>
        </lyric>
      </note>
    </measure>
    <!--=======================================================-->
    <measure number="3" width="461">
      <print new-system="yes">
        <system-layout>
          <system-margins>
            <left-margin>0</left-margin>
            <right-margin>0</right-margin>
          </system-margins>
          <system-distance>47</system-distance>
        </system-layout>
      </print>
      <barline location="left">
        <bar-style>heavy-light</bar-style>
        <repeat direction="forward" winged="none"/>
      </barline>
      <note default-x="95">
        <pitch>
          <step>D</step>
          <octave>5</octave>
        </pitch>
        <duration>4</duration>
        <voice>1</voice>
        <type>quarter</type>
        <stem default-y="-45">down</stem>
        <lyric default-y="-72" number="2">
          <syllabic>single</syllabic>
          <text>а</text>
        </lyric>
      </note>
      <note default-x="146">
        <pitch>
          <step>C</step>
          <octave>5</octave>
        </pitch>
        <duration>2</duration>
        <voice>1</voice>
        <type>eighth</type>
        <stem default-y="-50">down</stem>
        <lyric default-y="-72" number="2">
          <syllabic>single</syllabic>
          <text>сам</text>
        </lyric>
      </note>
      <note default-x="187">
        <pitch>
          <step>B</step>
          <octave>4</octave>
        </pitch>
        <duration>2</duration>
        <voice>1</voice>
        <type>eighth</type>
        <stem default-y="-55">down</stem>
        <lyric default-y="-72" number="2">
          <syllabic>begin</syllabic>
          <text>пі</text>
        </lyric>
      </note>
      <note default-x="221">
        <pitch>
          <step>D</step>
          <octave>5</octave>
        </pitch>
        <duration>1</duration>
        <voice>1</voice>
        <type>16th</type>
        <stem default-y="-50">down</stem>
        <beam number="1">begin</beam>
        <beam number="2">begin</beam>
        <notations>
          <slur bezier-x="10" bezier-y="5" default-x="6" default-y="3" number="1" placement="above" type="start"/>
        </notations>
        <lyric default-y="-72" number="2" relative-x="4">
          <syllabic>end</syllabic>
          <text>ду</text>
        </lyric>
      </note>
      <note default-x="244">
        <pitch>
          <step>B</step>
          <octave>4</octave>
        </pitch>
        <duration>1</duration>
        <voice>1</voice>
        <type>16th</type>
        <stem default-y="-55">down</stem>
        <beam number="1">end</beam>
        <beam number="2">end</beam>
        <notations>
          <slur bezier-x="-4" bezier-y="10" default-x="6" default-y="-7" number="1" type="stop"/>
        </notations>
      </note>
      <note default-x="268">
        <pitch>
          <step>A</step>
          <octave>4</octave>
        </pitch>
        <duration>2</duration>
        <voice>1</voice>
        <type>eighth</type>
        <stem default-y="10">up</stem>
        <beam number="1">begin</beam>
        <notations>
          <slur bezier-x="7" bezier-y="-12" default-x="6" default-y="-35" number="1" placement="below" type="start"/>
        </notations>
        <lyric default-y="-72" number="2" relative-x="4">
          <syllabic>single</syllabic>
          <text>до</text>
        </lyric>
      </note>
      <note default-x="299">
        <pitch>
          <step>G</step>
          <octave>4</octave>
        </pitch>
        <duration>1</duration>
        <voice>1</voice>
        <type>16th</type>
        <stem default-y="5">up</stem>
        <beam number="1">end</beam>
        <beam number="2">backward hook</beam>
        <notations>
          <slur bezier-x="-12" bezier-y="-7" default-x="6" default-y="-43" number="1" type="stop"/>
        </notations>
      </note>
      <note default-x="329">
        <pitch>
          <step>F</step>
          <alter>1</alter>
          <octave>4</octave>
        </pitch>
        <duration>1</duration>
        <voice>1</voice>
        <type>16th</type>
        <stem default-y="0">up</stem>
        <lyric default-y="-72" number="2">
          <syllabic>begin</syllabic>
          <text>вдо</text>
        </lyric>
      </note>
      <note default-x="373">
        <pitch>
          <step>E</step>
          <octave>4</octave>
        </pitch>
        <duration>2</duration>
        <voice>1</voice>
        <type>eighth</type>
        <stem default-y="-5">up</stem>
        <lyric default-y="-72" number="2">
          <syllabic>middle</syllabic>
          <text>вонь</text>
        </lyric>
      </note>
      <note default-x="422">
        <pitch>
          <step>D</step>
          <octave>4</octave>
        </pitch>
        <duration>2</duration>
        <voice>1</voice>
        <type>eighth</type>
        <stem default-y="-10">up</stem>
        <lyric default-y="-72" number="2">
          <syllabic>end</syllabic>
          <text>ки/</text>
        </lyric>
      </note>
    </measure>
    <!--=======================================================-->
    <measure number="4" width="380">
      <attributes>
        <time>
          <beats>11</beats>
          <beat-type>8</beat-type>
        </time>
      </attributes>
      <note default-x="53">
        <pitch>
          <step>B</step>
          <octave>4</octave>
        </pitch>
        <duration>2</duration>
        <voice>1</voice>
        <type>eighth</type>
        <stem default-y="-55">down</stem>
        <lyric default-y="-72" number="2">
          <syllabic>single</syllabic>
          <text>на</text>
        </lyric>
      </note>
      <note default-x="87">
        <pitch>
          <step>G</step>
          <octave>4</octave>
        </pitch>
        <duration>4</duration>
        <voice>1</voice>
        <type>quarter</type>
        <stem default-y="5">up</stem>
        <lyric default-y="-72" number="2">
          <syllabic>single</syllabic>
          <text>час,</text>
        </lyric>
      </note>
      <note default-x="141">
        <pitch>
          <step>G</step>
          <octave>4</octave>
        </pitch>
        <duration>3</duration>
        <voice>1</voice>
        <type>eighth</type>
        <dot/>
        <stem default-y="5">up</stem>
        <beam number="1">begin</beam>
        <notations>
          <slur bezier-x="12" bezier-y="-12" default-x="6" default-y="-43" number="1" placement="below" type="start"/>
        </notations>
        <lyric default-y="-72" number="2">
          <syllabic>single</syllabic>
          <text>на</text>
        </lyric>
      </note>
      <note default-x="185">
        <pitch>
          <step>F</step>
          <alter>1</alter>
          <octave>4</octave>
        </pitch>
        <duration>1</duration>
        <voice>1</voice>
        <type>16th</type>
        <stem default-y="0">up</stem>
        <beam number="1">end</beam>
        <beam number="2">backward hook</beam>
        <notations>
          <slur bezier-x="-13" bezier-y="-11" default-x="6" default-y="-45" number="1" type="stop"/>
        </notations>
      </note>
      <note default-x="207">
        <pitch>
          <step>A</step>
          <octave>4</octave>
        </pitch>
        <duration>2</duration>
        <voice>1</voice>
        <type>eighth</type>
        <stem default-y="10">up</stem>
        <lyric default-y="-72" number="2">
          <syllabic>begin</syllabic>
          <text>го</text>
        </lyric>
      </note>
      <note default-x="240">
        <pitch>
          <step>E</step>
          <octave>4</octave>
        </pitch>
        <duration>2</duration>
        <voice>1</voice>
        <type>eighth</type>
        <stem default-y="-5">up</stem>
        <lyric default-y="-72" number="2">
          <syllabic>middle</syllabic>
          <text>ди</text>
        </lyric>
      </note>
      <note default-x="274">
        <pitch>
          <step>D</step>
          <octave>4</octave>
        </pitch>
        <duration>8</duration>
        <voice>1</voice>
        <type>half</type>
        <stem default-y="-10">up</stem>
        <lyric default-y="-72" number="2">
          <syllabic>end</syllabic>
          <text>ну.</text>
        </lyric>
      </note>
      <barline location="right">
        <bar-style>light-heavy</bar-style>
        <repeat direction="backward" winged="none"/>
      </barline>
    </measure>
  </part>
  <!--=========================================================-->
</score-partwise>
