<?xml version="1.0" encoding="UTF-8" standalone="no"?>
<!DOCTYPE score-partwise PUBLIC "-//Recordare//DTD MusicXML 4.0 Partwise//EN" "http://www.musicxml.org/dtds/partwise.dtd">
<score-partwise version="4.0">
  <identification>
    <encoding>
      <software>Finale v27.3 for Windows</software>
      <encoding-date>2024-08-15</encoding-date>
      <supports attribute="new-system" element="print" type="yes" value="yes"/>
      <supports attribute="new-page" element="print" type="yes" value="yes"/>
      <supports element="accidental" type="yes"/>
      <supports element="beam" type="yes"/>
      <supports element="stem" type="yes"/>
    </encoding>
  </identification>
  <defaults>
    <scaling>
      <millimeters>8.4667</millimeters>
      <tenths>40</tenths>
    </scaling>
    <page-layout>
      <page-height>1320</page-height>
      <page-width>1020</page-width>
      <page-margins type="both">
        <left-margin>60</left-margin>
        <right-margin>60</right-margin>
        <top-margin>60</top-margin>
        <bottom-margin>60</bottom-margin>
      </page-margins>
    </page-layout>
    <system-layout>
      <system-margins>
        <left-margin>65</left-margin>
        <right-margin>0</right-margin>
      </system-margins>
      <system-distance>390</system-distance>
      <top-system-distance>347</top-system-distance>
    </system-layout>
    <appearance>
      <line-width type="stem">0.7682</line-width>
      <line-width type="beam">5</line-width>
      <line-width type="staff">0.7682</line-width>
      <line-width type="light barline">0.7682</line-width>
      <line-width type="heavy barline">5</line-width>
      <line-width type="leger">0.7682</line-width>
      <line-width type="ending">0.7682</line-width>
      <line-width type="wedge">0.7682</line-width>
      <line-width type="enclosure">0.7682</line-width>
      <line-width type="tuplet bracket">0.7682</line-width>
      <note-size type="grace">50</note-size>
      <note-size type="cue">50</note-size>
      <distance type="hyphen">60</distance>
      <distance type="beam">7.5</distance>
    </appearance>
    <music-font font-family="Finale Maestro,engraved" font-size="24"/>
    <word-font font-family="Times New Roman" font-size="12"/>
    <lyric-font font-family="Times New Roman" font-size="12"/>
  </defaults>
  <credit page="1">
    <credit-words default-x="350" default-y="1185" font-size="19" valign="top">533. Я думала (08-БК-15)</credit-words>
  </credit>
  <credit page="1">
    <credit-words default-x="237" default-y="1118" valign="top">*</credit-words>
  </credit>
  <credit page="1">
    <credit-words default-x="124" default-y="103" valign="top" xml:space="preserve">* Тактові розміри проставлено нами. (Л. Є.)
** Майже не чути. (В. Х.)</credit-words>
  </credit>
  <credit page="1">
    <credit-words default-x="131" default-y="942" font-size="14" valign="top" xml:space="preserve">1. | : Я думала, 
Що то місяць сходи, :|
|: То мій [милий] 
По риночку ходи, :|
2. |: За собою 
Ворон коня води, :|
|: В правій руці сиву 
Шапку носи, :|
|: В свого пана 
Додому ся проси: :|</credit-words>
  </credit>
  <credit page="1">
    <credit-words default-x="129" default-y="670" font-size="14" valign="top" xml:space="preserve">3. – Пусти мене, 
Мій пане, додому,
Плаче, тужит 
Дівчина за мною.
4. – Нехай плаче, 
Вона перетужи,
Йа не пустю, 
Доки не відслужиш.
5. – Як не будеш, 
Мій пане, пускати,
То я буду 
Ночую втікати.</credit-words>
    <credit-words font-size="17" xml:space="preserve"> 
</credit-words>
  </credit>
  <credit page="1">
    <credit-words default-x="431" default-y="939" font-size="14" valign="top" xml:space="preserve">6. – Як ти будеш н
Нoчую втікати,
|: То я скажу 
Й коні посідлати, :|
7. |: Скажу й тебе 
Козакам злапати, :|
Скажу тебе 
В кайдани вкувати.
8. – Не куй мене, 
Мій пане, в кайдани,
Прикуй мене 
В шинькарки до лавки.
9. Бо в шинькарки 
Є шо їсти й пити,
Бо в шинькарки 
Є с ким говорити.
10. Бо в шинькарки 
Є мед і горівка,
Бо в шинькарки 
Єсть хороша дівка.</credit-words>
  </credit>
  <credit page="1">
    <credit-words default-x="530" default-y="46" valign="top">376</credit-words>
  </credit>
  <credit page="1">
    <credit-words default-x="703" default-y="929" font-size="14" valign="top" xml:space="preserve">11. Йа шинькарка 
Свою дочку била:
– Де ж ти, доню, 
Вінок загубила?
12. – На Дунаю 
Полотно білила,
Там я, мамцю, 
Вінок загубила.
13. Як над’їхав 
Козак молоденький,
Здоймив з мене 
Вінок зелененький.
14. Як над’їхав 
Козак з бородою,
Поплив же мій 
Віночок з водою.</credit-words>
  </credit>
  <credit page="1">
    <credit-words default-x="123" default-y="303" valign="top" xml:space="preserve">Зап. [1929 р.] Харків В. Й. у с. Демшин Китайгородського р-ну Кам’янецької окр. (нині Кам’янець-
Подільського р-ну). – ІМФЕ, ф. 6-3, од. зб. 81, арк. 181 (209-210) – текст, арк. 182 (211)  – мел., № 
64. Чeрнетка. Вар. 1 зап. 1937 р. Гайдай М. П. у с. Галузинці Деражнянського р-ну від Яковлевої 
Ганни Єфремівни, 45 р. – ІМФЕ, ф. 8-3, од. зб. 182, арк. 52. Вар. 2 зап. 1937 р. Гайдай М. П. у с. 
Згарок Деражнянського р-ну від Блажко Юстини Лук’яніівни, 42 р. – ІМФЕ, ф. 8-3, од. зб. 182, 
арк. 50. </credit-words>
  </credit>
  <part-list>
    <score-part id="P1">
      <part-name print-object="no">MusicXML Part</part-name>
      <group>score</group>
      <score-instrument id="P1-I1">
        <instrument-name>Čķńņšóģåķņ 1</instrument-name>
      </score-instrument>
      <midi-instrument id="P1-I1">
        <midi-channel>1</midi-channel>
        <midi-program>1</midi-program>
        <volume>80</volume>
        <pan>0</pan>
      </midi-instrument>
    </score-part>
  </part-list>
  <!--=========================================================-->
  <part id="P1">
    <measure number="1" width="366">
      <print>
        <page-layout>
          <page-height>1320</page-height>
          <page-width>1020</page-width>
          <page-margins>
            <left-margin>122</left-margin>
            <right-margin>60</right-margin>
            <top-margin>60</top-margin>
            <bottom-margin>60</bottom-margin>
          </page-margins>
        </page-layout>
        <system-layout>
          <system-margins>
            <left-margin>57</left-margin>
            <right-margin>8</right-margin>
          </system-margins>
          <top-system-distance>161</top-system-distance>
        </system-layout>
        <measure-numbering>none</measure-numbering>
      </print>
      <attributes>
        <divisions>2</divisions>
        <key>
          <fifths>0</fifths>
          <mode>major</mode>
        </key>
        <time symbol="common">
          <beats>4</beats>
          <beat-type>4</beat-type>
        </time>
        <clef>
          <sign>G</sign>
          <line>2</line>
        </clef>
      </attributes>
      <sound tempo="96">
        <swing>
          <straight/>
        </swing>
      </sound>
      <direction placement="below">
        <direction-type>
          <words default-y="-69" relative-x="-37">**</words>
        </direction-type>
      </direction>
      <note default-x="82">
        <pitch>
          <step>G</step>
          <octave>4</octave>
        </pitch>
        <duration>1</duration>
        <voice>1</voice>
        <type>eighth</type>
        <stem default-y="5">up</stem>
        <lyric default-y="-66" number="1" relative-x="-5">
          <syllabic>single</syllabic>
          <text>1.</text>
          <elision> </elision>
          <syllabic>single</syllabic>
          <text>Я</text>
        </lyric>
      </note>
      <note default-x="124">
        <pitch>
          <step>C</step>
          <octave>5</octave>
        </pitch>
        <duration>1</duration>
        <voice>1</voice>
        <type>eighth</type>
        <stem default-y="-50">down</stem>
        <lyric default-y="-66" number="1">
          <syllabic>begin</syllabic>
          <text>ду</text>
        </lyric>
      </note>
      <note default-x="166">
        <pitch>
          <step>D</step>
          <octave>5</octave>
        </pitch>
        <duration>2</duration>
        <voice>1</voice>
        <type>quarter</type>
        <stem default-y="-45">down</stem>
        <lyric default-y="-66" number="1">
          <syllabic>middle</syllabic>
          <text>ма</text>
        </lyric>
      </note>
      <note default-x="234">
        <pitch>
          <step>G</step>
          <octave>5</octave>
        </pitch>
        <duration>3</duration>
        <voice>1</voice>
        <type>quarter</type>
        <dot/>
        <stem default-y="-30">down</stem>
        <notations>
          <slur bezier-x="26" bezier-y="16" default-x="6" default-y="15" number="1" placement="above" type="start"/>
        </notations>
        <lyric default-y="-66" number="1" relative-x="8">
          <syllabic>end</syllabic>
          <text>ла,/</text>
        </lyric>
      </note>
      <note default-x="323">
        <pitch>
          <step>D</step>
          <octave>5</octave>
        </pitch>
        <duration>1</duration>
        <voice>1</voice>
        <type>eighth</type>
        <stem default-y="-45">down</stem>
        <notations>
          <slur bezier-x="-21" bezier-y="23" default-x="6" default-y="3" number="1" type="stop"/>
        </notations>
      </note>
    </measure>
    <!--=======================================================-->
    <measure number="2" width="407">
      <attributes>
        <time>
          <beats>3</beats>
          <beat-type>4</beat-type>
        </time>
      </attributes>
      <note default-x="46">
        <pitch>
          <step>F</step>
          <octave>5</octave>
        </pitch>
        <duration>1</duration>
        <voice>1</voice>
        <type>eighth</type>
        <stem default-y="-35">down</stem>
        <lyric default-y="-66" number="1">
          <syllabic>single</syllabic>
          <text>що</text>
        </lyric>
      </note>
      <note default-x="106">
        <pitch>
          <step>F</step>
          <octave>5</octave>
        </pitch>
        <duration>1</duration>
        <voice>1</voice>
        <type>eighth</type>
        <stem default-y="-35">down</stem>
        <lyric default-y="-66" number="1">
          <syllabic>single</syllabic>
          <text>то</text>
        </lyric>
      </note>
      <note default-x="166">
        <pitch>
          <step>C</step>
          <octave>5</octave>
        </pitch>
        <duration>1</duration>
        <voice>1</voice>
        <type>eighth</type>
        <stem default-y="-50">down</stem>
        <lyric default-y="-66" number="1">
          <syllabic>begin</syllabic>
          <text>мі</text>
        </lyric>
      </note>
      <note default-x="226">
        <pitch>
          <step>E</step>
          <octave>5</octave>
        </pitch>
        <duration>1</duration>
        <voice>1</voice>
        <type>eighth</type>
        <stem default-y="-40">down</stem>
        <lyric default-y="-66" number="1">
          <syllabic>end</syllabic>
          <text>сяць</text>
        </lyric>
      </note>
      <note default-x="286">
        <pitch>
          <step>G</step>
          <octave>5</octave>
        </pitch>
        <duration>1</duration>
        <voice>1</voice>
        <type>eighth</type>
        <stem default-y="-30">down</stem>
        <lyric default-y="-66" number="1">
          <syllabic>begin</syllabic>
          <text>схо</text>
        </lyric>
      </note>
      <note default-x="346">
        <pitch>
          <step>D</step>
          <octave>5</octave>
        </pitch>
        <duration>1</duration>
        <voice>1</voice>
        <type>eighth</type>
        <stem default-y="-45">down</stem>
        <lyric default-y="-66" number="1">
          <syllabic>end</syllabic>
          <text>ди,/</text>
        </lyric>
      </note>
    </measure>
    <!--=======================================================-->
    <measure number="3" width="315">
      <print new-system="yes">
        <system-layout>
          <system-margins>
            <left-margin>0</left-margin>
            <right-margin>0</right-margin>
          </system-margins>
          <system-distance>39</system-distance>
        </system-layout>
      </print>
      <note default-x="51">
        <pitch>
          <step>C</step>
          <octave>5</octave>
        </pitch>
        <duration>1</duration>
        <voice>1</voice>
        <type>eighth</type>
        <stem default-y="-50">down</stem>
        <lyric default-y="-66" number="1">
          <syllabic>single</syllabic>
          <text>я</text>
        </lyric>
      </note>
      <note default-x="101">
        <pitch>
          <step>A</step>
          <octave>4</octave>
        </pitch>
        <duration>1</duration>
        <voice>1</voice>
        <type>eighth</type>
        <stem default-y="10">up</stem>
        <lyric default-y="-66" number="1">
          <syllabic>begin</syllabic>
          <text>ду</text>
        </lyric>
      </note>
      <note default-x="152">
        <pitch>
          <step>G</step>
          <octave>4</octave>
        </pitch>
        <duration>2</duration>
        <voice>1</voice>
        <type>quarter</type>
        <stem default-y="5">up</stem>
        <lyric default-y="-66" number="1">
          <syllabic>middle</syllabic>
          <text>ма</text>
        </lyric>
      </note>
      <note default-x="233">
        <pitch>
          <step>G</step>
          <octave>4</octave>
        </pitch>
        <duration>2</duration>
        <voice>1</voice>
        <type>quarter</type>
        <stem default-y="5">up</stem>
        <lyric default-y="-66" number="1">
          <syllabic>end</syllabic>
          <text>ла,/</text>
        </lyric>
      </note>
    </measure>
    <!--=======================================================-->
    <measure number="4" width="523">
      <attributes>
        <time>
          <beats>5</beats>
          <beat-type>4</beat-type>
        </time>
      </attributes>
      <note default-x="46">
        <pitch>
          <step>F</step>
          <octave>5</octave>
        </pitch>
        <duration>1</duration>
        <voice>1</voice>
        <type>eighth</type>
        <stem default-y="-35">down</stem>
        <lyric default-y="-66" number="1">
          <syllabic>single</syllabic>
          <text>що</text>
        </lyric>
      </note>
      <note default-x="103">
        <pitch>
          <step>F</step>
          <octave>5</octave>
        </pitch>
        <duration>1</duration>
        <voice>1</voice>
        <type>eighth</type>
        <stem default-y="-35">down</stem>
        <lyric default-y="-66" number="1">
          <syllabic>single</syllabic>
          <text>то</text>
        </lyric>
      </note>
      <note default-x="160">
        <pitch>
          <step>F</step>
          <octave>5</octave>
        </pitch>
        <duration>1</duration>
        <voice>1</voice>
        <type>eighth</type>
        <stem default-y="-35">down</stem>
        <lyric default-y="-66" number="1">
          <syllabic>begin</syllabic>
          <text>мі</text>
        </lyric>
      </note>
      <note default-x="216">
        <pitch>
          <step>E</step>
          <octave>5</octave>
        </pitch>
        <duration>1</duration>
        <voice>1</voice>
        <type>eighth</type>
        <stem default-y="-40">down</stem>
        <lyric default-y="-66" number="1">
          <syllabic>end</syllabic>
          <text>сяць</text>
        </lyric>
      </note>
      <note default-x="273">
        <pitch>
          <step>D</step>
          <octave>5</octave>
        </pitch>
        <duration>2</duration>
        <voice>1</voice>
        <type>quarter</type>
        <stem default-y="-45">down</stem>
        <lyric default-y="-66" number="1">
          <syllabic>begin</syllabic>
          <text>схо</text>
        </lyric>
      </note>
      <note default-x="365">
        <pitch>
          <step>C</step>
          <octave>5</octave>
        </pitch>
        <duration>4</duration>
        <voice>1</voice>
        <type>half</type>
        <stem default-y="-50">down</stem>
        <lyric default-y="-66" number="1">
          <syllabic>end</syllabic>
          <text>ди.</text>
        </lyric>
      </note>
      <barline location="right">
        <bar-style>light-heavy</bar-style>
      </barline>
    </measure>
  </part>
  <!--=========================================================-->
</score-partwise>
