<?xml version="1.0" encoding="UTF-8" standalone="no"?>
<!DOCTYPE score-partwise PUBLIC "-//Recordare//DTD MusicXML 4.0 Partwise//EN" "http://www.musicxml.org/dtds/partwise.dtd">
<score-partwise version="4.0">
  <identification>
    <encoding>
      <software>Finale v27.3 for Windows</software>
      <encoding-date>2024-10-01</encoding-date>
      <supports attribute="new-system" element="print" type="yes" value="yes"/>
      <supports attribute="new-page" element="print" type="yes" value="yes"/>
      <supports element="accidental" type="yes"/>
      <supports element="beam" type="yes"/>
      <supports element="stem" type="yes"/>
    </encoding>
  </identification>
  <defaults>
    <scaling>
      <millimeters>8.4667</millimeters>
      <tenths>40</tenths>
    </scaling>
    <page-layout>
      <page-height>1320</page-height>
      <page-width>1020</page-width>
      <page-margins type="both">
        <left-margin>60</left-margin>
        <right-margin>60</right-margin>
        <top-margin>60</top-margin>
        <bottom-margin>60</bottom-margin>
      </page-margins>
    </page-layout>
    <system-layout>
      <system-margins>
        <left-margin>0</left-margin>
        <right-margin>0</right-margin>
      </system-margins>
      <system-distance>110</system-distance>
      <top-system-distance>67</top-system-distance>
    </system-layout>
    <appearance>
      <line-width type="stem">0.7682</line-width>
      <line-width type="beam">5</line-width>
      <line-width type="staff">0.7682</line-width>
      <line-width type="light barline">0.7682</line-width>
      <line-width type="heavy barline">5</line-width>
      <line-width type="leger">0.7682</line-width>
      <line-width type="ending">0.7682</line-width>
      <line-width type="wedge">0.7682</line-width>
      <line-width type="enclosure">0.7682</line-width>
      <line-width type="tuplet bracket">0.7682</line-width>
      <note-size type="grace">50</note-size>
      <note-size type="cue">50</note-size>
      <distance type="hyphen">60</distance>
      <distance type="beam">7.5</distance>
    </appearance>
    <music-font font-family="Finale Maestro,engraved" font-size="24"/>
    <word-font font-family="Times New Roman" font-size="12"/>
    <lyric-font font-family="Times New Roman" font-size="12"/>
  </defaults>
  <credit page="1">
    <credit-words default-x="121" default-y="104" valign="top" xml:space="preserve">Зап. 24 липня 1986 р. Дмитренко М. К. у с. Яхнівці Волочиського р-ну Хмельницької обл. від Нас-
тиної В. П. Нотація Єфремової Л. О.</credit-words>
  </credit>
  <credit page="1">
    <credit-words default-x="326" default-y="918" font-size="19" valign="top">491. Ой далеко, далеко (05-БР-13)</credit-words>
  </credit>
  <credit page="1">
    <credit-words default-x="337" default-y="887" valign="top">Помірно</credit-words>
  </credit>
  <credit page="1">
    <credit-words default-x="136" default-y="704" font-size="17" valign="top" xml:space="preserve">1. Ой далеко, далеко (2)
Росте терен високо.
2. А з-під того терена (2)
Вийшла вдова молода.
3. Вийшла вдова молода (2)
Та й вивела два сина.
4. Та й вивела два сина: (2)
Микитюшу й Василя.
5. Микитюшу й Василя (2)
В тихий Дунай бросила:
6. – Ой ти, чистая вода, (2)
Прийми моїх два сина.
7. Вода каже: – Я прийму. (2)
Хвиля каже: – Викину.
8. Хвиля каже: – Викину. (2)
Сонце каже: – Обгрію.</credit-words>
  </credit>
  <credit page="1">
    <credit-words default-x="555" default-y="704" font-size="17" valign="top" xml:space="preserve">9. Сонце каже: – Обгрію. (2)
Вітер каже: – Обвію.
10. – Ти, високий очерет, (2)
Да[ва]й дітям вечерять.
11. Ти, висока осока, (2)
Давай дітям молока.
12. Став корабель припливать (2)
І до вдови говорять:
13. – Ой ти, вдово, ти, вдова, (2)
Чи полюбиш ти нас два?
14. – За одного я піду, (2)
За другого доч даю.
15. – Ой ти, вдова, ти, вдова, (2)
Дурна твоя голова.
16. Дурна твоя голова: (2)
Перше синів топила.
17. Перше синів топила, (2)
Тепер би ся дружила.</credit-words>
  </credit>
  <credit page="1">
    <credit-words default-x="526" default-y="46" valign="top">346</credit-words>
  </credit>
  <part-list>
    <score-part id="P1">
      <part-name print-object="no">MusicXML Part</part-name>
      <group>score</group>
      <score-instrument id="P1-I1">
        <instrument-name>Čķńņšóģåķņ 1</instrument-name>
      </score-instrument>
      <midi-instrument id="P1-I1">
        <midi-channel>1</midi-channel>
        <midi-program>1</midi-program>
        <volume>80</volume>
        <pan>0</pan>
      </midi-instrument>
    </score-part>
  </part-list>
  <!--=========================================================-->
  <part id="P1">
    <measure number="1" width="403">
      <print>
        <page-layout>
          <page-height>1320</page-height>
          <page-width>1020</page-width>
          <page-margins>
            <left-margin>121</left-margin>
            <right-margin>60</right-margin>
            <top-margin>60</top-margin>
            <bottom-margin>60</bottom-margin>
          </page-margins>
        </page-layout>
        <system-layout>
          <system-margins>
            <left-margin>59</left-margin>
            <right-margin>0</right-margin>
          </system-margins>
          <top-system-distance>405</top-system-distance>
        </system-layout>
        <measure-numbering>none</measure-numbering>
      </print>
      <attributes>
        <divisions>2</divisions>
        <key>
          <fifths>-4</fifths>
          <mode>major</mode>
        </key>
        <time>
          <beats>5</beats>
          <beat-type>4</beat-type>
        </time>
        <clef>
          <sign>G</sign>
          <line>2</line>
          <clef-octave-change>-1</clef-octave-change>
        </clef>
      </attributes>
      <sound tempo="96">
        <swing>
          <straight/>
        </swing>
      </sound>
      <note default-x="138">
        <pitch>
          <step>A</step>
          <alter>-1</alter>
          <octave>3</octave>
        </pitch>
        <duration>1</duration>
        <voice>1</voice>
        <type>eighth</type>
        <stem default-y="10">up</stem>
        <lyric default-y="-69" number="1">
          <syllabic>single</syllabic>
          <text>1.</text>
          <elision> </elision>
          <syllabic>single</syllabic>
          <text>Ой</text>
        </lyric>
      </note>
      <note default-x="180">
        <pitch>
          <step>E</step>
          <alter>-1</alter>
          <octave>4</octave>
        </pitch>
        <duration>1</duration>
        <voice>1</voice>
        <type>eighth</type>
        <stem default-y="-40">down</stem>
        <lyric default-y="-69" number="1">
          <syllabic>begin</syllabic>
          <text>да</text>
        </lyric>
      </note>
      <note default-x="210">
        <pitch>
          <step>D</step>
          <alter>-1</alter>
          <octave>4</octave>
        </pitch>
        <duration>1</duration>
        <voice>1</voice>
        <type>eighth</type>
        <stem default-y="-45">down</stem>
        <lyric default-y="-69" number="1">
          <syllabic>middle</syllabic>
          <text>ле</text>
        </lyric>
      </note>
      <note default-x="240">
        <pitch>
          <step>C</step>
          <octave>4</octave>
        </pitch>
        <duration>1</duration>
        <voice>1</voice>
        <type>eighth</type>
        <stem default-y="-50">down</stem>
        <lyric default-y="-69" number="1">
          <syllabic>end</syllabic>
          <text>ко,</text>
        </lyric>
      </note>
      <note default-x="273">
        <pitch>
          <step>A</step>
          <alter>-1</alter>
          <octave>3</octave>
        </pitch>
        <duration>1</duration>
        <voice>1</voice>
        <type>eighth</type>
        <stem default-y="10">up</stem>
        <lyric default-y="-69" number="1">
          <syllabic>begin</syllabic>
          <text>да</text>
        </lyric>
      </note>
      <note default-x="305">
        <pitch>
          <step>A</step>
          <alter>-1</alter>
          <octave>3</octave>
        </pitch>
        <duration>1</duration>
        <voice>1</voice>
        <type>eighth</type>
        <stem default-y="10">up</stem>
        <lyric default-y="-69" number="1">
          <syllabic>middle</syllabic>
          <text>ле</text>
        </lyric>
      </note>
      <note default-x="342">
        <pitch>
          <step>D</step>
          <alter>-1</alter>
          <octave>4</octave>
        </pitch>
        <duration>4</duration>
        <voice>1</voice>
        <type>half</type>
        <stem default-y="-45">down</stem>
        <lyric default-y="-69" number="1">
          <syllabic>end</syllabic>
          <text>ко,/</text>
        </lyric>
      </note>
    </measure>
    <!--=======================================================-->
    <measure number="2" width="178">
      <attributes>
        <time>
          <beats>6</beats>
          <beat-type>8</beat-type>
        </time>
      </attributes>
      <note default-x="45">
        <pitch>
          <step>D</step>
          <alter>-1</alter>
          <octave>4</octave>
        </pitch>
        <duration>2</duration>
        <voice>1</voice>
        <type>quarter</type>
        <stem default-y="-45">down</stem>
        <lyric default-y="-69" number="1">
          <syllabic>single</syllabic>
          <text>ой</text>
        </lyric>
      </note>
      <note default-x="82">
        <pitch>
          <step>E</step>
          <alter>-1</alter>
          <octave>4</octave>
        </pitch>
        <duration>1</duration>
        <voice>1</voice>
        <type>eighth</type>
        <stem default-y="-40">down</stem>
        <lyric default-y="-69" number="1">
          <syllabic>begin</syllabic>
          <text>да</text>
        </lyric>
      </note>
      <note default-x="111">
        <pitch>
          <step>F</step>
          <octave>4</octave>
        </pitch>
        <duration>2</duration>
        <voice>1</voice>
        <type>quarter</type>
        <stem default-y="-35">down</stem>
        <lyric default-y="-69" number="1">
          <syllabic>middle</syllabic>
          <text>ле</text>
        </lyric>
      </note>
      <note default-x="148">
        <pitch>
          <step>D</step>
          <alter>-1</alter>
          <octave>4</octave>
        </pitch>
        <duration>1</duration>
        <voice>1</voice>
        <type>eighth</type>
        <stem default-y="-45">down</stem>
        <lyric default-y="-69" number="1">
          <syllabic>end</syllabic>
          <text>ко,</text>
        </lyric>
      </note>
    </measure>
    <!--=======================================================-->
    <measure number="3" width="198">
      <attributes>
        <time>
          <beats>3</beats>
          <beat-type>4</beat-type>
        </time>
      </attributes>
      <note default-x="46">
        <pitch>
          <step>C</step>
          <octave>4</octave>
        </pitch>
        <duration>1</duration>
        <voice>1</voice>
        <type>eighth</type>
        <stem default-y="-50">down</stem>
        <lyric default-y="-69" number="1">
          <syllabic>begin</syllabic>
          <text>да</text>
        </lyric>
      </note>
      <note default-x="75">
        <pitch>
          <step>D</step>
          <alter>-1</alter>
          <octave>4</octave>
        </pitch>
        <duration>1</duration>
        <voice>1</voice>
        <type>eighth</type>
        <stem default-y="-45">down</stem>
        <lyric default-y="-69" number="1">
          <syllabic>middle</syllabic>
          <text>ле</text>
        </lyric>
      </note>
      <note default-x="107">
        <pitch>
          <step>E</step>
          <alter>-1</alter>
          <octave>4</octave>
        </pitch>
        <duration>4</duration>
        <voice>1</voice>
        <type>half</type>
        <stem default-y="-40">down</stem>
        <lyric default-y="-69" number="1">
          <syllabic>end</syllabic>
          <text>ко/</text>
        </lyric>
      </note>
    </measure>
    <!--=======================================================-->
    <measure number="4" width="542">
      <print new-system="yes">
        <system-layout>
          <system-distance>44</system-distance>
        </system-layout>
      </print>
      <attributes>
        <time>
          <beats>9</beats>
          <beat-type>8</beat-type>
        </time>
      </attributes>
      <note default-x="138">
        <pitch>
          <step>B</step>
          <alter>-1</alter>
          <octave>3</octave>
        </pitch>
        <duration>2</duration>
        <voice>1</voice>
        <type>quarter</type>
        <stem default-y="-55">down</stem>
        <lyric default-y="-69" number="1">
          <syllabic>begin</syllabic>
          <text>рос</text>
        </lyric>
      </note>
      <note default-x="221">
        <pitch>
          <step>A</step>
          <alter>-1</alter>
          <octave>3</octave>
        </pitch>
        <duration>1</duration>
        <voice>1</voice>
        <type>eighth</type>
        <stem default-y="10">up</stem>
        <lyric default-y="-69" number="1">
          <syllabic>end</syllabic>
          <text>те</text>
        </lyric>
      </note>
      <note default-x="273">
        <pitch>
          <step>E</step>
          <alter>-1</alter>
          <octave>4</octave>
        </pitch>
        <duration>2</duration>
        <voice>1</voice>
        <type>quarter</type>
        <stem default-y="-40">down</stem>
        <lyric default-y="-69" number="1">
          <syllabic>begin</syllabic>
          <text>те</text>
        </lyric>
      </note>
      <note default-x="355">
        <pitch>
          <step>D</step>
          <alter>-1</alter>
          <octave>4</octave>
        </pitch>
        <duration>1</duration>
        <voice>1</voice>
        <type>eighth</type>
        <stem default-y="-45">down</stem>
        <lyric default-y="-69" number="1">
          <syllabic>end</syllabic>
          <text>рен</text>
        </lyric>
      </note>
      <note default-x="407">
        <pitch>
          <step>C</step>
          <octave>4</octave>
        </pitch>
        <duration>2</duration>
        <voice>1</voice>
        <type>quarter</type>
        <stem default-y="-50">down</stem>
        <lyric default-y="-69" number="1">
          <syllabic>begin</syllabic>
          <text>ви</text>
        </lyric>
      </note>
      <note default-x="490">
        <pitch>
          <step>B</step>
          <alter>-1</alter>
          <octave>3</octave>
        </pitch>
        <duration>1</duration>
        <voice>1</voice>
        <type>eighth</type>
        <stem default-y="-55">down</stem>
        <lyric default-y="-69" number="1">
          <syllabic>middle</syllabic>
          <text>со</text>
        </lyric>
      </note>
    </measure>
    <!--=======================================================-->
    <measure number="5" width="297">
      <note default-x="13">
        <pitch>
          <step>A</step>
          <alter>-1</alter>
          <octave>3</octave>
        </pitch>
        <duration>6</duration>
        <voice>1</voice>
        <type>half</type>
        <dot/>
        <stem default-y="10">up</stem>
        <lyric default-y="-69" number="1">
          <syllabic>end</syllabic>
          <text>ко.</text>
        </lyric>
      </note>
      <note default-x="169">
        <rest/>
        <duration>2</duration>
        <voice>1</voice>
        <type>quarter</type>
      </note>
      <note default-x="242">
        <rest/>
        <duration>1</duration>
        <voice>1</voice>
        <type>eighth</type>
      </note>
      <barline location="right">
        <bar-style>light-heavy</bar-style>
      </barline>
    </measure>
  </part>
  <!--=========================================================-->
</score-partwise>
