<?xml version="1.0" encoding="UTF-8" standalone="no"?>
<!DOCTYPE score-partwise PUBLIC "-//Recordare//DTD MusicXML 4.0 Partwise//EN" "http://www.musicxml.org/dtds/partwise.dtd">
<score-partwise version="4.0">
  <identification>
    <encoding>
      <software>Finale v27.3 for Windows</software>
      <encoding-date>2024-08-14</encoding-date>
      <supports attribute="new-system" element="print" type="yes" value="yes"/>
      <supports attribute="new-page" element="print" type="yes" value="yes"/>
      <supports element="accidental" type="yes"/>
      <supports element="beam" type="yes"/>
      <supports element="stem" type="yes"/>
    </encoding>
  </identification>
  <defaults>
    <scaling>
      <millimeters>8.4667</millimeters>
      <tenths>40</tenths>
    </scaling>
    <page-layout>
      <page-height>1320</page-height>
      <page-width>1020</page-width>
      <page-margins type="both">
        <left-margin>60</left-margin>
        <right-margin>60</right-margin>
        <top-margin>60</top-margin>
        <bottom-margin>60</bottom-margin>
      </page-margins>
    </page-layout>
    <system-layout>
      <system-margins>
        <left-margin>0</left-margin>
        <right-margin>0</right-margin>
      </system-margins>
      <system-distance>110</system-distance>
      <top-system-distance>67</top-system-distance>
    </system-layout>
    <appearance>
      <line-width type="stem">0.7682</line-width>
      <line-width type="beam">5</line-width>
      <line-width type="staff">0.7682</line-width>
      <line-width type="light barline">0.7682</line-width>
      <line-width type="heavy barline">5</line-width>
      <line-width type="leger">0.7682</line-width>
      <line-width type="ending">0.7682</line-width>
      <line-width type="wedge">0.7682</line-width>
      <line-width type="enclosure">0.7682</line-width>
      <line-width type="tuplet bracket">0.7682</line-width>
      <note-size type="grace">50</note-size>
      <note-size type="cue">50</note-size>
      <distance type="hyphen">60</distance>
      <distance type="beam">7.5</distance>
    </appearance>
    <music-font font-family="Finale Maestro,engraved" font-size="24"/>
    <word-font font-family="Times New Roman" font-size="12"/>
    <lyric-font font-family="Times New Roman" font-size="12"/>
  </defaults>
  <credit page="1">
    <credit-words default-x="120" default-y="593" valign="top" xml:space="preserve">Зап. 19.V.1971 р. експ. ІМФЕ у складі: Шумада Н. С., Іванов В. Ф., Довженок Г. В., Спінатьєв В. Т. 
у м. Кам’янець-Подільський Хмельницької обл. від Стрілецької Параски Михайлівни, 1902 р. н. – 
ІМФЕ, ф. 14-5, од. зб. 419, арк. 119-120, пл. ф. 14-10, од. зб. 1181 (3). </credit-words>
  </credit>
  <credit page="1">
    <credit-words default-x="345" default-y="1218" font-size="19" valign="top">593. Як поїхав (13-БР)</credit-words>
  </credit>
  <credit page="1">
    <credit-words default-x="122" default-y="1014" font-size="17" valign="top" xml:space="preserve">1. Як поїхав 
Мій милий в дорогу,
Десь поїхав 
Мій милий в дорогу,
2. Лишив мене 
Слабу, нездорову.*
3. Як приїхав 
Мій милий з дороги
4. Та й чось мою 
Білу постіль бурит
5. Та й на мене, 
Молоду, ся хмурит.</credit-words>
  </credit>
  <credit page="1">
    <credit-words default-x="119" default-y="80" valign="top">* Усі строфи, крім 1 та 13 співають двічі. (Л. Є.)</credit-words>
  </credit>
  <credit page="1">
    <credit-words default-x="406" default-y="1015" font-size="17" valign="top" xml:space="preserve">6. А з вечіра 
Нагайка шуміла,
7. З опівночі 
Мила ся просила,
8. А над ранком 
Мила дух спустила.
9. Стара мати 
По подвіру ходит
10. Та й до сина 
Злегенька говорит:
11. – Чи ж ти, сину, 
Свою жінку любиш,</credit-words>
  </credit>
  <credit page="1">
    <credit-words default-x="704" default-y="1013" font-size="17" valign="top" xml:space="preserve">12. Що ти її 
Раненько не збудиш?
13. – Нема, мамцю, 
Вже кого будити, 
Нема, мамцю, 
Вже кого любити:
14. Стекла кров’ю, 
Не мож приступити.
15. – Сідлай, сину, 
Коня вороного
16. Та й виїжжай 
Вже із двору свого.</credit-words>
  </credit>
  <credit page="1">
    <credit-words default-x="526" default-y="44" valign="top">418</credit-words>
  </credit>
  <part-list>
    <score-part id="P1">
      <part-name print-object="no">MusicXML Part</part-name>
      <group>score</group>
      <score-instrument id="P1-I1">
        <instrument-name>Čķńņšóģåķņ 1</instrument-name>
      </score-instrument>
      <midi-instrument id="P1-I1">
        <midi-channel>1</midi-channel>
        <midi-program>1</midi-program>
        <volume>80</volume>
        <pan>0</pan>
      </midi-instrument>
    </score-part>
  </part-list>
  <!--=========================================================-->
  <part id="P1">
    <measure number="1" width="273">
      <print>
        <page-layout>
          <page-height>1320</page-height>
          <page-width>1020</page-width>
          <page-margins>
            <left-margin>119</left-margin>
            <right-margin>60</right-margin>
            <top-margin>60</top-margin>
            <bottom-margin>60</bottom-margin>
          </page-margins>
        </page-layout>
        <system-layout>
          <system-margins>
            <left-margin>60</left-margin>
            <right-margin>0</right-margin>
          </system-margins>
          <top-system-distance>92</top-system-distance>
        </system-layout>
        <measure-numbering>none</measure-numbering>
      </print>
      <attributes>
        <divisions>2</divisions>
        <key>
          <fifths>0</fifths>
          <mode>major</mode>
        </key>
        <time>
          <beats>3</beats>
          <beat-type>4</beat-type>
        </time>
        <clef>
          <sign>G</sign>
          <line>2</line>
        </clef>
      </attributes>
      <sound tempo="96">
        <swing>
          <straight/>
        </swing>
      </sound>
      <note default-x="83">
        <pitch>
          <step>G</step>
          <octave>4</octave>
        </pitch>
        <duration>1</duration>
        <voice>1</voice>
        <type>eighth</type>
        <stem default-y="5">up</stem>
        <lyric default-y="-67" number="1">
          <syllabic>single</syllabic>
          <text>1.</text>
          <elision> </elision>
          <syllabic>single</syllabic>
          <text>Як</text>
        </lyric>
      </note>
      <note default-x="125">
        <pitch>
          <step>G</step>
          <octave>4</octave>
        </pitch>
        <duration>1</duration>
        <voice>1</voice>
        <type>eighth</type>
        <stem default-y="5">up</stem>
        <lyric default-y="-67" number="1">
          <syllabic>begin</syllabic>
          <text>по</text>
        </lyric>
      </note>
      <note default-x="161">
        <pitch>
          <step>E</step>
          <octave>4</octave>
        </pitch>
        <duration>2</duration>
        <voice>1</voice>
        <type>quarter</type>
        <stem default-y="-5">up</stem>
        <lyric default-y="-67" number="1">
          <syllabic>middle</syllabic>
          <text>ї</text>
        </lyric>
      </note>
      <note default-x="217">
        <pitch>
          <step>E</step>
          <octave>4</octave>
        </pitch>
        <duration>2</duration>
        <voice>1</voice>
        <type>quarter</type>
        <stem default-y="-5">up</stem>
        <lyric default-y="-67" number="1">
          <syllabic>end</syllabic>
          <text>хав/</text>
        </lyric>
      </note>
    </measure>
    <!--=======================================================-->
    <measure number="2" width="308">
      <note default-x="13">
        <pitch>
          <step>G</step>
          <octave>4</octave>
        </pitch>
        <duration>1</duration>
        <voice>1</voice>
        <type>eighth</type>
        <stem default-y="5">up</stem>
        <lyric default-y="-67" number="1">
          <syllabic>single</syllabic>
          <text>мій</text>
        </lyric>
      </note>
      <note default-x="63">
        <pitch>
          <step>G</step>
          <octave>4</octave>
        </pitch>
        <duration>1</duration>
        <voice>1</voice>
        <type>eighth</type>
        <stem default-y="5">up</stem>
        <lyric default-y="-67" number="1">
          <syllabic>begin</syllabic>
          <text>ми</text>
        </lyric>
      </note>
      <note default-x="111">
        <pitch>
          <step>A</step>
          <octave>4</octave>
        </pitch>
        <duration>1</duration>
        <voice>1</voice>
        <type>eighth</type>
        <stem default-y="10">up</stem>
        <lyric default-y="-67" number="1">
          <syllabic>end</syllabic>
          <text>лий</text>
        </lyric>
      </note>
      <note default-x="160">
        <pitch>
          <step>G</step>
          <octave>4</octave>
        </pitch>
        <duration>1</duration>
        <voice>1</voice>
        <type>eighth</type>
        <stem default-y="5">up</stem>
        <lyric default-y="-67" number="1">
          <syllabic>single</syllabic>
          <text>в</text>
          <elision> </elision>
          <syllabic>begin</syllabic>
          <text>до</text>
        </lyric>
      </note>
      <note default-x="210">
        <pitch>
          <step>F</step>
          <octave>4</octave>
        </pitch>
        <duration>1</duration>
        <voice>1</voice>
        <type>eighth</type>
        <stem default-y="0">up</stem>
        <lyric default-y="-67" number="1">
          <syllabic>middle</syllabic>
          <text>ро</text>
        </lyric>
      </note>
      <note default-x="258">
        <pitch>
          <step>E</step>
          <octave>4</octave>
        </pitch>
        <duration>1</duration>
        <voice>1</voice>
        <type>eighth</type>
        <stem default-y="-5">up</stem>
        <lyric default-y="-67" number="1">
          <syllabic>end</syllabic>
          <text>гу,/</text>
        </lyric>
      </note>
    </measure>
    <!--=======================================================-->
    <measure number="3" width="200">
      <note default-x="13">
        <pitch>
          <step>D</step>
          <octave>4</octave>
        </pitch>
        <duration>1</duration>
        <voice>1</voice>
        <type>eighth</type>
        <stem default-y="-10">up</stem>
        <lyric default-y="-67" number="1">
          <syllabic>single</syllabic>
          <text>десь</text>
        </lyric>
      </note>
      <note default-x="52">
        <pitch>
          <step>E</step>
          <octave>4</octave>
        </pitch>
        <duration>1</duration>
        <voice>1</voice>
        <type>eighth</type>
        <stem default-y="-5">up</stem>
        <lyric default-y="-67" number="1">
          <syllabic>begin</syllabic>
          <text>по</text>
        </lyric>
      </note>
      <note default-x="88">
        <pitch>
          <step>F</step>
          <octave>4</octave>
        </pitch>
        <duration>2</duration>
        <voice>1</voice>
        <type>quarter</type>
        <stem default-y="0">up</stem>
        <lyric default-y="-67" number="1">
          <syllabic>middle</syllabic>
          <text>ї</text>
        </lyric>
      </note>
      <note default-x="143">
        <pitch>
          <step>F</step>
          <octave>4</octave>
        </pitch>
        <duration>2</duration>
        <voice>1</voice>
        <type>quarter</type>
        <stem default-y="0">up</stem>
        <lyric default-y="-67" number="1">
          <syllabic>end</syllabic>
          <text>хав/</text>
        </lyric>
      </note>
    </measure>
    <!--=======================================================-->
    <measure number="4" width="533">
      <print new-system="yes">
        <system-layout>
          <system-distance>45</system-distance>
        </system-layout>
      </print>
      <note default-x="50">
        <pitch>
          <step>D</step>
          <octave>4</octave>
        </pitch>
        <duration>1</duration>
        <voice>1</voice>
        <type>eighth</type>
        <stem default-y="-10">up</stem>
        <lyric default-y="-70" number="1">
          <syllabic>single</syllabic>
          <text>мій</text>
        </lyric>
      </note>
      <note default-x="131">
        <pitch>
          <step>E</step>
          <octave>4</octave>
        </pitch>
        <duration>1</duration>
        <voice>1</voice>
        <type>eighth</type>
        <stem default-y="-5">up</stem>
        <lyric default-y="-70" number="1">
          <syllabic>begin</syllabic>
          <text>ми</text>
        </lyric>
      </note>
      <note default-x="211">
        <pitch>
          <step>F</step>
          <octave>4</octave>
        </pitch>
        <duration>1</duration>
        <voice>1</voice>
        <type>eighth</type>
        <stem default-y="10">up</stem>
        <beam number="1">begin</beam>
        <notations>
          <slur bezier-x="39" bezier-y="-25" default-x="6" default-y="-45" number="1" placement="below" type="start"/>
        </notations>
        <lyric default-y="-70" number="1" relative-x="9">
          <syllabic>end</syllabic>
          <text>лий</text>
        </lyric>
      </note>
      <note default-x="291">
        <pitch>
          <step>A</step>
          <octave>4</octave>
        </pitch>
        <duration>1</duration>
        <voice>1</voice>
        <type>eighth</type>
        <stem default-y="10">up</stem>
        <beam number="1">continue</beam>
      </note>
      <note default-x="372">
        <pitch>
          <step>G</step>
          <octave>4</octave>
        </pitch>
        <duration>1</duration>
        <voice>1</voice>
        <type>eighth</type>
        <stem default-y="10">up</stem>
        <beam number="1">end</beam>
        <notations>
          <slur bezier-x="-38" bezier-y="-26" default-x="6" default-y="-43" number="1" type="stop"/>
        </notations>
        <lyric default-y="-70" number="1">
          <syllabic>single</syllabic>
          <text>в</text>
        </lyric>
      </note>
      <note default-x="452">
        <pitch>
          <step>G</step>
          <octave>4</octave>
        </pitch>
        <duration>1</duration>
        <voice>1</voice>
        <type>eighth</type>
        <stem default-y="5">up</stem>
        <lyric default-y="-70" number="1">
          <syllabic>begin</syllabic>
          <text>до</text>
        </lyric>
      </note>
    </measure>
    <!--=======================================================-->
    <measure number="5" width="308">
      <note default-x="13">
        <pitch>
          <step>E</step>
          <octave>4</octave>
        </pitch>
        <duration>4</duration>
        <voice>1</voice>
        <type>half</type>
        <stem default-y="-5">up</stem>
        <lyric default-y="-70" number="1">
          <syllabic>middle</syllabic>
          <text>ро</text>
        </lyric>
      </note>
      <note default-x="189">
        <pitch>
          <step>E</step>
          <octave>4</octave>
        </pitch>
        <duration>2</duration>
        <voice>1</voice>
        <type>quarter</type>
        <stem default-y="-5">up</stem>
        <lyric default-y="-70" number="1">
          <syllabic>end</syllabic>
          <text>гу.</text>
        </lyric>
      </note>
      <barline location="right">
        <bar-style>light-heavy</bar-style>
      </barline>
    </measure>
  </part>
  <!--=========================================================-->
</score-partwise>
