<?xml version="1.0" encoding="UTF-8" standalone="no"?>
<!DOCTYPE score-partwise PUBLIC "-//Recordare//DTD MusicXML 4.0 Partwise//EN" "http://www.musicxml.org/dtds/partwise.dtd">
<score-partwise version="4.0">
  <identification>
    <encoding>
      <software>Finale v27.3 for Windows</software>
      <encoding-date>2024-08-14</encoding-date>
      <supports attribute="new-system" element="print" type="yes" value="yes"/>
      <supports attribute="new-page" element="print" type="yes" value="yes"/>
      <supports element="accidental" type="yes"/>
      <supports element="beam" type="yes"/>
      <supports element="stem" type="yes"/>
    </encoding>
  </identification>
  <defaults>
    <scaling>
      <millimeters>8.4667</millimeters>
      <tenths>40</tenths>
    </scaling>
    <page-layout>
      <page-height>1320</page-height>
      <page-width>1020</page-width>
      <page-margins type="both">
        <left-margin>60</left-margin>
        <right-margin>60</right-margin>
        <top-margin>60</top-margin>
        <bottom-margin>60</bottom-margin>
      </page-margins>
    </page-layout>
    <system-layout>
      <system-margins>
        <left-margin>59</left-margin>
        <right-margin>0</right-margin>
      </system-margins>
      <system-distance>526</system-distance>
      <top-system-distance>483</top-system-distance>
    </system-layout>
    <appearance>
      <line-width type="stem">0.7682</line-width>
      <line-width type="beam">5</line-width>
      <line-width type="staff">0.7682</line-width>
      <line-width type="light barline">0.7682</line-width>
      <line-width type="heavy barline">5</line-width>
      <line-width type="leger">0.7682</line-width>
      <line-width type="ending">0.7682</line-width>
      <line-width type="wedge">0.7682</line-width>
      <line-width type="enclosure">0.7682</line-width>
      <line-width type="tuplet bracket">0.7682</line-width>
      <note-size type="grace">50</note-size>
      <note-size type="cue">50</note-size>
      <distance type="hyphen">60</distance>
      <distance type="beam">7.5</distance>
    </appearance>
    <music-font font-family="Finale Maestro,engraved" font-size="24"/>
    <word-font font-family="Times New Roman" font-size="12"/>
    <lyric-font font-family="Times New Roman" font-size="12"/>
  </defaults>
  <credit page="1">
    <credit-words default-x="302" default-y="1099" font-size="20" valign="top">538. Ой тихо, тихо (08-БК-16)</credit-words>
  </credit>
  <credit page="1">
    <credit-words default-x="205" default-y="1070" font-size="11" valign="top">80 </credit-words>
    <credit-words font-size="12">Помірно</credit-words>
  </credit>
  <credit page="1">
    <credit-words default-x="126" default-y="578" font-size="17" valign="top" xml:space="preserve">1. Ой тихо, тихо 
Дунай воду несе,
А ще тихіше 
Дівка косу чеше.*
2. Ой чеше, чеше 
Та на Дунай несе:
– Ой пливи, косо, 
Уплив за водою!
3. Ой пливи, косo, 
Уплив за водою,
А я, молодая, 
Услід за тобою.</credit-words>
  </credit>
  <credit page="1">
    <credit-words default-x="120" default-y="104" valign="top" xml:space="preserve">Зап. 1987 р. Гримич М.В. у с. Мокіївці Шепетівського р-ну Хмельницької обл. від Уланової Г. С. 
– ІМФЕ, ф. 14-5, од. зб. 508, арк. 42. Нотація Єфремової Л. О.</credit-words>
  </credit>
  <credit page="1">
    <credit-words default-x="115" default-y="52" valign="top" xml:space="preserve">* Кожну строфу пісні співають двічі. (Л. Є.)
** Другу половину кожної строфи співають двічі. (Л. Є.)</credit-words>
  </credit>
  <credit page="1">
    <credit-words default-x="701" default-y="575" font-size="17" valign="top" xml:space="preserve">7. – Ой нема краю 
В тихому Дунаю,
Ой нема впину 
Вдовиному сину.
8. Ой нема впину 
Вдовиному сину,
Що звів з розуму 
Дівку-сиротину.</credit-words>
  </credit>
  <credit page="1">
    <credit-words default-x="409" default-y="563" font-size="17" valign="top" xml:space="preserve">4. А там, за Дунайом 
Явір зелененький,
А там, під явором, 
Коник вороненький.
5. А під явором 
Коник вороненький,
А на конику 
Козак молоденький. 
6. Ой сидить же він, 
На скрипочці грає,
А до Дунаю 
Стиха промовляє:</credit-words>
  </credit>
  <credit page="1">
    <credit-words default-x="528" default-y="44" valign="top">379</credit-words>
  </credit>
  <part-list>
    <score-part id="P1">
      <part-name print-object="no">MusicXML Part</part-name>
      <group>score</group>
      <score-instrument id="P1-I1">
        <instrument-name>Čķńņšóģåķņ 1</instrument-name>
      </score-instrument>
      <midi-instrument id="P1-I1">
        <midi-channel>1</midi-channel>
        <midi-program>1</midi-program>
        <volume>80</volume>
        <pan>0</pan>
      </midi-instrument>
    </score-part>
  </part-list>
  <!--=========================================================-->
  <part id="P1">
    <measure number="1" width="279">
      <print>
        <page-layout>
          <page-height>1320</page-height>
          <page-width>1020</page-width>
          <page-margins>
            <left-margin>120</left-margin>
            <right-margin>60</right-margin>
            <top-margin>60</top-margin>
            <bottom-margin>60</bottom-margin>
          </page-margins>
        </page-layout>
        <system-layout>
          <system-margins>
            <left-margin>9</left-margin>
            <right-margin>50</right-margin>
          </system-margins>
          <top-system-distance>232</top-system-distance>
        </system-layout>
        <measure-numbering>none</measure-numbering>
      </print>
      <attributes>
        <divisions>2</divisions>
        <key>
          <fifths>-6</fifths>
          <mode>major</mode>
        </key>
        <time>
          <beats>2</beats>
          <beat-type>4</beat-type>
        </time>
        <clef>
          <sign>G</sign>
          <line>2</line>
        </clef>
      </attributes>
      <sound tempo="96">
        <swing>
          <straight/>
        </swing>
      </sound>
      <direction placement="above">
        <direction-type>
          <words default-y="27" relative-x="-247">quarter note equals</words>
        </direction-type>
      </direction>
      <note default-x="158">
        <pitch>
          <step>D</step>
          <alter>-1</alter>
          <octave>4</octave>
        </pitch>
        <duration>2</duration>
        <voice>1</voice>
        <type>quarter</type>
        <stem default-y="-10">up</stem>
        <lyric default-y="-80" number="1">
          <syllabic>single</syllabic>
          <text>1.</text>
          <elision> </elision>
          <syllabic>single</syllabic>
          <text>Ой</text>
        </lyric>
      </note>
      <note default-x="212">
        <pitch>
          <step>B</step>
          <alter>-1</alter>
          <octave>3</octave>
        </pitch>
        <duration>1</duration>
        <voice>1</voice>
        <type>eighth</type>
        <stem default-y="-20">up</stem>
        <lyric default-y="-80" number="1">
          <syllabic>begin</syllabic>
          <text>ти</text>
        </lyric>
      </note>
      <note default-x="245">
        <pitch>
          <step>D</step>
          <alter>-1</alter>
          <octave>4</octave>
        </pitch>
        <duration>1</duration>
        <voice>1</voice>
        <type>eighth</type>
        <stem default-y="-10">up</stem>
        <lyric default-y="-80" number="1">
          <syllabic>end</syllabic>
          <text>хо,</text>
        </lyric>
      </note>
    </measure>
    <!--=======================================================-->
    <measure number="2" width="80">
      <note default-x="13">
        <pitch>
          <step>G</step>
          <alter>-1</alter>
          <octave>4</octave>
        </pitch>
        <duration>4</duration>
        <voice>1</voice>
        <type>half</type>
        <stem default-y="5">up</stem>
        <lyric default-y="-80" number="1">
          <syllabic>begin</syllabic>
          <text>ти</text>
        </lyric>
      </note>
    </measure>
    <!--=======================================================-->
    <measure number="3" width="98">
      <note default-x="16">
        <pitch>
          <step>B</step>
          <alter>-1</alter>
          <octave>3</octave>
        </pitch>
        <duration>2</duration>
        <voice>1</voice>
        <type>quarter</type>
        <stem default-y="-20">up</stem>
        <notations>
          <slur bezier-x="13" bezier-y="-10" default-x="6" default-y="-65" number="1" placement="below" type="start"/>
        </notations>
        <lyric default-y="-80" number="1">
          <syllabic>end</syllabic>
          <text>хо/</text>
        </lyric>
      </note>
      <note default-x="57">
        <pitch>
          <step>C</step>
          <alter>-1</alter>
          <octave>4</octave>
        </pitch>
        <duration>2</duration>
        <voice>1</voice>
        <type>quarter</type>
        <stem default-y="-15">up</stem>
        <notations>
          <slur bezier-x="-10" bezier-y="-12" default-x="6" default-y="-60" number="1" type="stop"/>
        </notations>
      </note>
    </measure>
    <!--=======================================================-->
    <measure number="4" width="98">
      <note default-x="13">
        <pitch>
          <step>D</step>
          <alter>-1</alter>
          <octave>4</octave>
        </pitch>
        <duration>2</duration>
        <voice>1</voice>
        <type>quarter</type>
        <stem default-y="-10">up</stem>
        <lyric default-y="-80" number="1">
          <syllabic>begin</syllabic>
          <text>Ду</text>
        </lyric>
      </note>
      <note default-x="55">
        <pitch>
          <step>F</step>
          <octave>4</octave>
        </pitch>
        <duration>2</duration>
        <voice>1</voice>
        <type>quarter</type>
        <stem default-y="0">up</stem>
        <lyric default-y="-80" number="1">
          <syllabic>end</syllabic>
          <text>най</text>
        </lyric>
      </note>
    </measure>
    <!--=======================================================-->
    <measure number="5" width="126">
      <note default-x="13">
        <pitch>
          <step>D</step>
          <alter>-1</alter>
          <octave>4</octave>
        </pitch>
        <duration>1</duration>
        <voice>1</voice>
        <type>eighth</type>
        <stem default-y="-10">up</stem>
        <beam number="1">begin</beam>
        <notations>
          <slur bezier-x="13" bezier-y="-16" default-x="6" default-y="-55" number="1" placement="below" type="start"/>
        </notations>
        <lyric default-y="-80" number="1">
          <syllabic>begin</syllabic>
          <text>во</text>
        </lyric>
      </note>
      <note default-x="41">
        <pitch>
          <step>C</step>
          <alter>-1</alter>
          <octave>4</octave>
        </pitch>
        <duration>1</duration>
        <voice>1</voice>
        <type>eighth</type>
        <stem default-y="-12">up</stem>
        <beam number="1">continue</beam>
      </note>
      <note default-x="69">
        <pitch>
          <step>B</step>
          <alter>-1</alter>
          <octave>3</octave>
        </pitch>
        <duration>1</duration>
        <voice>1</voice>
        <type>eighth</type>
        <stem default-y="-15">up</stem>
        <beam number="1">end</beam>
        <notations>
          <slur bezier-x="-18" bezier-y="-11" default-x="6" default-y="-65" number="1" type="stop"/>
        </notations>
      </note>
      <note default-x="97">
        <pitch>
          <step>A</step>
          <alter>-1</alter>
          <octave>3</octave>
        </pitch>
        <duration>1</duration>
        <voice>1</voice>
        <type>eighth</type>
        <stem default-y="-20">up</stem>
        <lyric default-y="-80" number="1">
          <syllabic>end</syllabic>
          <text>ду</text>
        </lyric>
      </note>
    </measure>
    <!--=======================================================-->
    <measure number="6" width="99">
      <note default-x="16">
        <pitch>
          <step>G</step>
          <alter>-1</alter>
          <octave>3</octave>
        </pitch>
        <duration>2</duration>
        <voice>1</voice>
        <type>quarter</type>
        <stem default-y="-20">up</stem>
        <lyric default-y="-80" number="1">
          <syllabic>begin</syllabic>
          <text>не</text>
        </lyric>
      </note>
      <note default-x="57">
        <pitch>
          <step>G</step>
          <alter>-1</alter>
          <octave>3</octave>
        </pitch>
        <duration>2</duration>
        <voice>1</voice>
        <type>quarter</type>
        <stem default-y="-20">up</stem>
        <lyric default-y="-80" number="1">
          <syllabic>end</syllabic>
          <text>се,/</text>
        </lyric>
      </note>
    </measure>
    <!--=======================================================-->
    <measure number="7" width="251">
      <print new-system="yes">
        <system-layout>
          <system-margins>
            <left-margin>0</left-margin>
            <right-margin>0</right-margin>
          </system-margins>
          <system-distance>73</system-distance>
        </system-layout>
      </print>
      <note default-x="126">
        <pitch>
          <step>G</step>
          <alter>-1</alter>
          <octave>4</octave>
        </pitch>
        <duration>2</duration>
        <voice>1</voice>
        <type>quarter</type>
        <stem default-y="5">up</stem>
        <lyric default-y="-87" number="1">
          <syllabic>single</syllabic>
          <text>а</text>
        </lyric>
      </note>
      <note default-x="181">
        <pitch>
          <step>F</step>
          <octave>4</octave>
        </pitch>
        <duration>1</duration>
        <voice>1</voice>
        <type>eighth</type>
        <stem default-y="0">up</stem>
        <lyric default-y="-87" number="1">
          <syllabic>single</syllabic>
          <text>ще</text>
        </lyric>
      </note>
      <note default-x="216">
        <pitch>
          <step>G</step>
          <alter>-1</alter>
          <octave>4</octave>
        </pitch>
        <duration>1</duration>
        <voice>1</voice>
        <type>eighth</type>
        <stem default-y="5">up</stem>
        <lyric default-y="-87" number="1">
          <syllabic>begin</syllabic>
          <text>ти</text>
        </lyric>
      </note>
    </measure>
    <!--=======================================================-->
    <measure number="8" width="106">
      <note default-x="13">
        <pitch>
          <step>A</step>
          <alter>-1</alter>
          <octave>4</octave>
        </pitch>
        <duration>2</duration>
        <voice>1</voice>
        <type>quarter</type>
        <stem default-y="10">up</stem>
        <lyric default-y="-87" number="1">
          <syllabic>middle</syllabic>
          <text>хі</text>
        </lyric>
      </note>
      <note default-x="60">
        <pitch>
          <step>F</step>
          <octave>4</octave>
        </pitch>
        <duration>2</duration>
        <voice>1</voice>
        <type>quarter</type>
        <stem default-y="0">up</stem>
        <lyric default-y="-87" number="1">
          <syllabic>end</syllabic>
          <text>ше/</text>
        </lyric>
      </note>
    </measure>
    <!--=======================================================-->
    <measure number="9" width="106">
      <note default-x="13">
        <pitch>
          <step>G</step>
          <alter>-1</alter>
          <octave>4</octave>
        </pitch>
        <duration>2</duration>
        <voice>1</voice>
        <type>quarter</type>
        <stem default-y="5">up</stem>
        <notations>
          <slur bezier-x="13" bezier-y="7" default-x="18" default-y="-5" number="1" orientation="over" type="start"/>
        </notations>
        <lyric default-y="-87" number="1">
          <syllabic>begin</syllabic>
          <text>дів</text>
        </lyric>
      </note>
      <note default-x="60">
        <pitch>
          <step>E</step>
          <alter>-1</alter>
          <octave>4</octave>
        </pitch>
        <duration>2</duration>
        <voice>1</voice>
        <type>quarter</type>
        <stem default-y="-5">up</stem>
        <notations>
          <slur bezier-x="-7" bezier-y="13" default-x="7" default-y="-15" number="1" type="stop"/>
        </notations>
        <lyric default-y="-87" number="1">
          <syllabic>end</syllabic>
          <text>ка</text>
        </lyric>
      </note>
    </measure>
    <!--=======================================================-->
    <measure number="10" width="135">
      <note default-x="13">
        <pitch>
          <step>A</step>
          <alter>-1</alter>
          <octave>4</octave>
        </pitch>
        <duration>1</duration>
        <voice>1</voice>
        <type>eighth</type>
        <stem default-y="10">up</stem>
        <beam number="1">begin</beam>
        <lyric default-y="-87" number="1">
          <syllabic>begin</syllabic>
          <text>ко</text>
        </lyric>
      </note>
      <note default-x="44">
        <pitch>
          <step>G</step>
          <alter>-1</alter>
          <octave>4</octave>
        </pitch>
        <duration>1</duration>
        <voice>1</voice>
        <type>eighth</type>
        <stem default-y="8">up</stem>
        <beam number="1">continue</beam>
      </note>
      <note default-x="74">
        <pitch>
          <step>F</step>
          <octave>4</octave>
        </pitch>
        <duration>1</duration>
        <voice>1</voice>
        <type>eighth</type>
        <stem default-y="5">up</stem>
        <beam number="1">end</beam>
      </note>
      <note default-x="104">
        <pitch>
          <step>E</step>
          <alter>-1</alter>
          <octave>4</octave>
        </pitch>
        <duration>1</duration>
        <voice>1</voice>
        <type>eighth</type>
        <stem default-y="-5">up</stem>
        <lyric default-y="-87" number="1">
          <syllabic>end</syllabic>
          <text>су</text>
        </lyric>
      </note>
    </measure>
    <!--=======================================================-->
    <measure number="11" width="112">
      <note default-x="13">
        <pitch>
          <step>D</step>
          <alter>-1</alter>
          <octave>4</octave>
        </pitch>
        <duration>3</duration>
        <voice>1</voice>
        <type>quarter</type>
        <dot/>
        <stem default-y="-10">up</stem>
        <notations>
          <slur bezier-x="16" bezier-y="-18" default-x="6" default-y="-55" number="1" placement="below" type="start"/>
        </notations>
        <lyric default-y="-87" number="1">
          <syllabic>begin</syllabic>
          <text>че</text>
        </lyric>
      </note>
      <note default-x="80">
        <pitch>
          <step>B</step>
          <alter>-1</alter>
          <octave>3</octave>
        </pitch>
        <duration>1</duration>
        <voice>1</voice>
        <type>eighth</type>
        <stem default-y="-20">up</stem>
        <notations>
          <slur bezier-x="-20" bezier-y="-13" default-x="6" default-y="-65" number="1" type="stop"/>
        </notations>
      </note>
    </measure>
    <!--=======================================================-->
    <measure number="12" width="130">
      <note default-x="13">
        <pitch>
          <step>D</step>
          <alter>-1</alter>
          <octave>4</octave>
        </pitch>
        <duration>1</duration>
        <voice>1</voice>
        <type>eighth</type>
        <stem default-y="-10">up</stem>
        <beam number="1">begin</beam>
        <notations>
          <slur bezier-x="20" bezier-y="-23" default-x="6" default-y="-55" number="1" placement="below" type="start"/>
        </notations>
        <lyric default-y="-87" number="1">
          <syllabic>end</syllabic>
          <text>ше./</text>
        </lyric>
      </note>
      <note default-x="42">
        <pitch>
          <step>C</step>
          <alter>-1</alter>
          <octave>4</octave>
        </pitch>
        <duration>1</duration>
        <voice>1</voice>
        <type>eighth</type>
        <stem default-y="-11.5">up</stem>
        <beam number="1">continue</beam>
      </note>
      <note default-x="71">
        <pitch>
          <step>B</step>
          <alter>-1</alter>
          <octave>3</octave>
        </pitch>
        <duration>1</duration>
        <voice>1</voice>
        <type>eighth</type>
        <stem default-y="-13">up</stem>
        <beam number="1">continue</beam>
      </note>
      <note default-x="100">
        <pitch>
          <step>A</step>
          <alter>-1</alter>
          <octave>3</octave>
        </pitch>
        <duration>1</duration>
        <voice>1</voice>
        <type>eighth</type>
        <stem default-y="-15">up</stem>
        <beam number="1">end</beam>
        <notations>
          <slur bezier-x="-26" bezier-y="-15" default-x="6" default-y="-70" number="1" type="stop"/>
        </notations>
      </note>
    </measure>
    <!--=======================================================-->
    <measure number="13" width="245">
      <print new-system="yes">
        <system-layout>
          <system-margins>
            <left-margin>2</left-margin>
            <right-margin>57</right-margin>
          </system-margins>
          <system-distance>121</system-distance>
        </system-layout>
      </print>
      <note default-x="126">
        <pitch>
          <step>G</step>
          <alter>-1</alter>
          <octave>4</octave>
        </pitch>
        <duration>2</duration>
        <voice>1</voice>
        <type>quarter</type>
        <stem default-y="5">up</stem>
        <lyric default-y="-87" number="1">
          <syllabic>single</syllabic>
          <text>а</text>
        </lyric>
      </note>
      <note default-x="179">
        <pitch>
          <step>F</step>
          <octave>4</octave>
        </pitch>
        <duration>1</duration>
        <voice>1</voice>
        <type>eighth</type>
        <stem default-y="0">up</stem>
        <lyric default-y="-87" number="1">
          <syllabic>single</syllabic>
          <text>ще</text>
        </lyric>
      </note>
      <note default-x="212">
        <pitch>
          <step>G</step>
          <alter>-1</alter>
          <octave>4</octave>
        </pitch>
        <duration>1</duration>
        <voice>1</voice>
        <type>eighth</type>
        <stem default-y="5">up</stem>
        <lyric default-y="-87" number="1">
          <syllabic>begin</syllabic>
          <text>ти</text>
        </lyric>
      </note>
    </measure>
    <!--=======================================================-->
    <measure number="14" width="102">
      <note default-x="13">
        <pitch>
          <step>A</step>
          <alter>-1</alter>
          <octave>4</octave>
        </pitch>
        <duration>2</duration>
        <voice>1</voice>
        <type>quarter</type>
        <stem default-y="10">up</stem>
        <lyric default-y="-87" number="1">
          <syllabic>middle</syllabic>
          <text>хі</text>
        </lyric>
      </note>
      <note default-x="57">
        <pitch>
          <step>F</step>
          <octave>4</octave>
        </pitch>
        <duration>2</duration>
        <voice>1</voice>
        <type>quarter</type>
        <stem default-y="0">up</stem>
        <lyric default-y="-87" number="1">
          <syllabic>end</syllabic>
          <text>ше/</text>
        </lyric>
      </note>
    </measure>
    <!--=======================================================-->
    <measure number="15" width="102">
      <note default-x="13">
        <pitch>
          <step>G</step>
          <alter>-1</alter>
          <octave>4</octave>
        </pitch>
        <duration>2</duration>
        <voice>1</voice>
        <type>quarter</type>
        <stem default-y="5">up</stem>
        <notations>
          <slur bezier-x="13" bezier-y="7" default-x="18" default-y="-5" number="1" orientation="over" type="start"/>
        </notations>
        <lyric default-y="-87" number="1">
          <syllabic>begin</syllabic>
          <text>дів</text>
        </lyric>
      </note>
      <note default-x="57">
        <pitch>
          <step>E</step>
          <alter>-1</alter>
          <octave>4</octave>
        </pitch>
        <duration>2</duration>
        <voice>1</voice>
        <type>quarter</type>
        <stem default-y="-5">up</stem>
        <notations>
          <slur bezier-x="-7" bezier-y="13" default-x="7" default-y="-15" number="1" type="stop"/>
        </notations>
        <lyric default-y="-87" number="1">
          <syllabic>end</syllabic>
          <text>ка</text>
        </lyric>
      </note>
    </measure>
    <!--=======================================================-->
    <measure number="16" width="130">
      <note default-x="13">
        <pitch>
          <step>A</step>
          <alter>-1</alter>
          <octave>4</octave>
        </pitch>
        <duration>1</duration>
        <voice>1</voice>
        <type>eighth</type>
        <stem default-y="10">up</stem>
        <beam number="1">begin</beam>
        <lyric default-y="-87" number="1">
          <syllabic>begin</syllabic>
          <text>ко</text>
        </lyric>
      </note>
      <note default-x="43">
        <pitch>
          <step>G</step>
          <alter>-1</alter>
          <octave>4</octave>
        </pitch>
        <duration>1</duration>
        <voice>1</voice>
        <type>eighth</type>
        <stem default-y="8">up</stem>
        <beam number="1">continue</beam>
      </note>
      <note default-x="71">
        <pitch>
          <step>F</step>
          <octave>4</octave>
        </pitch>
        <duration>1</duration>
        <voice>1</voice>
        <type>eighth</type>
        <stem default-y="5">up</stem>
        <beam number="1">end</beam>
      </note>
      <note default-x="100">
        <pitch>
          <step>E</step>
          <alter>-1</alter>
          <octave>4</octave>
        </pitch>
        <duration>1</duration>
        <voice>1</voice>
        <type>eighth</type>
        <stem default-y="-5">up</stem>
        <lyric default-y="-87" number="1">
          <syllabic>end</syllabic>
          <text>су</text>
        </lyric>
      </note>
    </measure>
    <!--=======================================================-->
    <measure number="17" width="108">
      <note default-x="13">
        <pitch>
          <step>D</step>
          <alter>-1</alter>
          <octave>4</octave>
        </pitch>
        <duration>3</duration>
        <voice>1</voice>
        <type>quarter</type>
        <dot/>
        <stem default-y="-10">up</stem>
        <notations>
          <slur bezier-x="15" bezier-y="-18" default-x="6" default-y="-55" number="1" placement="below" type="start"/>
        </notations>
        <lyric default-y="-87" number="1">
          <syllabic>begin</syllabic>
          <text>че</text>
        </lyric>
      </note>
      <note default-x="77">
        <pitch>
          <step>B</step>
          <alter>-1</alter>
          <octave>3</octave>
        </pitch>
        <duration>1</duration>
        <voice>1</voice>
        <type>eighth</type>
        <stem default-y="-20">up</stem>
        <notations>
          <slur bezier-x="-20" bezier-y="-12" default-x="6" default-y="-65" number="1" type="stop"/>
        </notations>
      </note>
    </measure>
    <!--=======================================================-->
    <measure number="18" width="95">
      <note default-x="13">
        <pitch>
          <step>D</step>
          <alter>-1</alter>
          <octave>4</octave>
        </pitch>
        <duration>4</duration>
        <voice>1</voice>
        <type>half</type>
        <stem default-y="-10">up</stem>
        <lyric default-y="-87" number="1" relative-x="20">
          <syllabic>end</syllabic>
          <text>ше.</text>
        </lyric>
      </note>
      <barline location="right">
        <bar-style>light-heavy</bar-style>
      </barline>
    </measure>
  </part>
  <!--=========================================================-->
</score-partwise>
