<?xml version="1.0" encoding="UTF-8" standalone="no"?>
<!DOCTYPE score-partwise PUBLIC "-//Recordare//DTD MusicXML 4.0 Partwise//EN" "http://www.musicxml.org/dtds/partwise.dtd">
<score-partwise version="4.0">
  <identification>
    <encoding>
      <software>Finale v27.3 for Windows</software>
      <encoding-date>2024-08-15</encoding-date>
      <supports attribute="new-system" element="print" type="yes" value="yes"/>
      <supports attribute="new-page" element="print" type="yes" value="yes"/>
      <supports element="accidental" type="yes"/>
      <supports element="beam" type="yes"/>
      <supports element="stem" type="yes"/>
    </encoding>
  </identification>
  <defaults>
    <scaling>
      <millimeters>8.4667</millimeters>
      <tenths>40</tenths>
    </scaling>
    <page-layout>
      <page-height>1320</page-height>
      <page-width>1020</page-width>
      <page-margins type="both">
        <left-margin>60</left-margin>
        <right-margin>60</right-margin>
        <top-margin>60</top-margin>
        <bottom-margin>60</bottom-margin>
      </page-margins>
    </page-layout>
    <system-layout>
      <system-margins>
        <left-margin>0</left-margin>
        <right-margin>0</right-margin>
      </system-margins>
      <system-distance>110</system-distance>
      <top-system-distance>67</top-system-distance>
    </system-layout>
    <appearance>
      <line-width type="stem">0.7682</line-width>
      <line-width type="beam">5</line-width>
      <line-width type="staff">0.7682</line-width>
      <line-width type="light barline">0.7682</line-width>
      <line-width type="heavy barline">5</line-width>
      <line-width type="leger">0.7682</line-width>
      <line-width type="ending">0.7682</line-width>
      <line-width type="wedge">0.7682</line-width>
      <line-width type="enclosure">0.7682</line-width>
      <line-width type="tuplet bracket">0.7682</line-width>
      <note-size type="grace">50</note-size>
      <note-size type="cue">50</note-size>
      <distance type="hyphen">60</distance>
      <distance type="beam">7.5</distance>
    </appearance>
    <music-font font-family="Finale Maestro,engraved" font-size="24"/>
    <word-font font-family="Times New Roman" font-size="12"/>
    <lyric-font font-family="Times New Roman" font-size="12"/>
  </defaults>
  <credit page="1">
    <credit-words default-x="122" default-y="130" valign="top" xml:space="preserve">Зап. 19 липня 1978 р. Дем’ян Г. В. у с. Студениця Кам’янець-Подільського р-ну Хмельницької обл. 
від Полінчук Христини Семенівни, 1910 р. н. – ІМФЕ, ф. 14-3, од. зб. 973, арк. 71 (текст), арк. 235 
(мел.), № 50. Нотація Мишанича М. В.</credit-words>
  </credit>
  <credit page="1">
    <credit-words default-x="335" default-y="822" font-size="19" valign="top">621. Їде сестра по риночку (16-БР-03)</credit-words>
  </credit>
  <credit page="1">
    <credit-words default-x="378" default-y="786" valign="top">68</credit-words>
  </credit>
  <credit page="1">
    <credit-words default-x="125" default-y="447" font-size="17" valign="top" xml:space="preserve">1. Їде сестра по риночку, (2)
А брат смотри в кватирьочку.
2. – Сховай, жінко, хліб із стола, (2)
Бо йде до нас сестра моя.
3. Сестра сисе як учула, (2)
Назад кіньми завернула.
4. – Стань, братчику, ни лякайся, (2)
З хлібом-сіллю ни ховайся.</credit-words>
  </credit>
  <credit page="1">
    <credit-words default-x="575" default-y="441" font-size="17" valign="top" xml:space="preserve">5. Ни йду тебе я вб’їдати, (2)
Лиш йду тебе відвідати.
6. Ни так тебе, – дітей твоїх, (2)
Щоби знали тіток своїх.
7. Щоби знали, памнятали, (2)
Щоб ся з родом не вбивали.</credit-words>
  </credit>
  <credit page="1">
    <credit-words default-x="529" default-y="45" valign="top">438</credit-words>
  </credit>
  <part-list>
    <score-part id="P1">
      <part-name print-object="no">MusicXML Part</part-name>
      <group>score</group>
      <score-instrument id="P1-I1">
        <instrument-name>Čķńņšóģåķņ 1</instrument-name>
      </score-instrument>
      <midi-instrument id="P1-I1">
        <midi-channel>1</midi-channel>
        <midi-program>1</midi-program>
        <volume>80</volume>
        <pan>0</pan>
      </midi-instrument>
    </score-part>
  </part-list>
  <!--=========================================================-->
  <part id="P1">
    <measure number="1" width="780">
      <print>
        <page-layout>
          <page-height>1320</page-height>
          <page-width>1020</page-width>
          <page-margins>
            <left-margin>120</left-margin>
            <right-margin>60</right-margin>
            <top-margin>60</top-margin>
            <bottom-margin>60</bottom-margin>
          </page-margins>
        </page-layout>
        <system-layout>
          <system-margins>
            <left-margin>60</left-margin>
            <right-margin>0</right-margin>
          </system-margins>
          <top-system-distance>505</top-system-distance>
        </system-layout>
        <measure-numbering>none</measure-numbering>
      </print>
      <attributes>
        <divisions>12</divisions>
        <key>
          <fifths>4</fifths>
          <mode>major</mode>
        </key>
        <time>
          <beats>7</beats>
          <beat-type>4</beat-type>
        </time>
        <clef>
          <sign>G</sign>
          <line>2</line>
        </clef>
      </attributes>
      <sound tempo="96">
        <swing>
          <straight/>
        </swing>
      </sound>
      <direction placement="above">
        <direction-type>
          <words default-y="16" relative-x="-112">quarter note equals</words>
        </direction-type>
      </direction>
      <note default-x="146">
        <pitch>
          <step>G</step>
          <alter>1</alter>
          <octave>3</octave>
        </pitch>
        <duration>6</duration>
        <voice>1</voice>
        <type>eighth</type>
        <stem default-y="-20">up</stem>
        <lyric default-y="-93" number="1" relative-x="-9">
          <syllabic>single</syllabic>
          <text>1.</text>
          <elision> </elision>
          <syllabic>begin</syllabic>
          <text>Ї</text>
        </lyric>
      </note>
      <note default-x="197">
        <pitch>
          <step>C</step>
          <alter>1</alter>
          <octave>4</octave>
        </pitch>
        <duration>6</duration>
        <voice>1</voice>
        <type>eighth</type>
        <stem default-y="-15">up</stem>
        <lyric default-y="-93" number="1">
          <syllabic>end</syllabic>
          <text>де</text>
        </lyric>
      </note>
      <note default-x="247">
        <pitch>
          <step>C</step>
          <alter>1</alter>
          <octave>4</octave>
        </pitch>
        <duration>6</duration>
        <voice>1</voice>
        <type>eighth</type>
        <stem default-y="-15">up</stem>
        <lyric default-y="-93" number="1">
          <syllabic>begin</syllabic>
          <text>сест</text>
        </lyric>
      </note>
      <note default-x="297">
        <pitch>
          <step>A</step>
          <octave>4</octave>
        </pitch>
        <duration>6</duration>
        <voice>1</voice>
        <type>eighth</type>
        <stem default-y="10">up</stem>
        <lyric default-y="-93" number="1">
          <syllabic>end</syllabic>
          <text>ра</text>
        </lyric>
      </note>
      <note default-x="347">
        <pitch>
          <step>G</step>
          <alter>1</alter>
          <octave>4</octave>
        </pitch>
        <duration>18</duration>
        <voice>1</voice>
        <type>quarter</type>
        <dot/>
        <stem default-y="5">up</stem>
        <lyric default-y="-93" number="1">
          <syllabic>single</syllabic>
          <text>по</text>
        </lyric>
      </note>
      <note default-x="455">
        <pitch>
          <step>F</step>
          <alter>1</alter>
          <octave>4</octave>
        </pitch>
        <duration>6</duration>
        <voice>1</voice>
        <type>eighth</type>
        <stem default-y="0">up</stem>
        <lyric default-y="-93" number="1">
          <syllabic>begin</syllabic>
          <text>ри</text>
        </lyric>
      </note>
      <note default-x="505">
        <pitch>
          <step>E</step>
          <octave>4</octave>
        </pitch>
        <duration>3</duration>
        <voice>1</voice>
        <type>16th</type>
        <stem default-y="-5">up</stem>
        <beam number="1">begin</beam>
        <beam number="2">begin</beam>
        <notations>
          <slur bezier-x="19" bezier-y="13" default-x="13" default-y="3" number="1" placement="above" type="start"/>
        </notations>
        <lyric default-y="-93" number="1" relative-x="9">
          <syllabic>middle</syllabic>
          <text>ноч</text>
        </lyric>
      </note>
      <note default-x="536">
        <pitch>
          <step>C</step>
          <alter>1</alter>
          <octave>4</octave>
        </pitch>
        <duration>3</duration>
        <voice>1</voice>
        <type>16th</type>
        <stem default-y="-7">up</stem>
        <beam number="1">continue</beam>
        <beam number="2">end</beam>
        <notations>
          <slur bezier-x="11" bezier-y="7" default-x="13" default-y="3" number="2" placement="above" type="start"/>
        </notations>
      </note>
      <note default-x="567">
        <pitch>
          <step>B</step>
          <octave>3</octave>
        </pitch>
        <duration>6</duration>
        <voice>1</voice>
        <type>eighth</type>
        <stem default-y="-10">up</stem>
        <beam number="1">end</beam>
        <notations>
          <slur bezier-x="-15" bezier-y="17" default-x="12" default-y="-5" number="1" type="stop"/>
          <slur bezier-x="-6" bezier-y="12" default-x="12" default-y="-5" number="2" type="stop"/>
        </notations>
      </note>
      <direction placement="above">
        <direction-type>
          <words default-y="9">( )</words>
        </direction-type>
      </direction>
      <note default-x="622">
        <pitch>
          <step>E</step>
          <octave>4</octave>
        </pitch>
        <duration>18</duration>
        <voice>1</voice>
        <type>quarter</type>
        <dot/>
        <stem default-y="-5">up</stem>
        <lyric default-y="-93" number="1" relative-x="8">
          <syllabic>end</syllabic>
          <text>ку,/</text>
        </lyric>
      </note>
      <note default-x="729">
        <rest>
          <display-step>E</display-step>
          <display-octave>4</display-octave>
        </rest>
        <duration>6</duration>
        <voice>1</voice>
        <type>eighth</type>
      </note>
      <backup>
        <duration>84</duration>
      </backup>
      <forward>
        <duration>24</duration>
        <voice>2</voice>
      </forward>
      <forward>
        <duration>24</duration>
        <voice>2</voice>
      </forward>
      <note default-x="505">
        <pitch>
          <step>E</step>
          <octave>4</octave>
        </pitch>
        <duration>4</duration>
        <voice>2</voice>
        <type>eighth</type>
        <time-modification>
          <actual-notes>3</actual-notes>
          <normal-notes>2</normal-notes>
        </time-modification>
        <stem default-y="-85">down</stem>
        <beam number="1">begin</beam>
        <notations>
          <tuplet bracket="yes" number="1" placement="below" type="start"/>
          <slur bezier-x="20" bezier-y="-19" default-x="1" default-y="-90" number="1" placement="below" type="start"/>
        </notations>
      </note>
      <note default-x="546">
        <pitch>
          <step>C</step>
          <alter>1</alter>
          <octave>4</octave>
        </pitch>
        <duration>4</duration>
        <voice>2</voice>
        <type>eighth</type>
        <time-modification>
          <actual-notes>3</actual-notes>
          <normal-notes>2</normal-notes>
        </time-modification>
        <stem default-y="-87">down</stem>
        <beam number="1">continue</beam>
      </note>
      <note default-x="584">
        <pitch>
          <step>B</step>
          <octave>3</octave>
        </pitch>
        <duration>4</duration>
        <voice>2</voice>
        <type>eighth</type>
        <time-modification>
          <actual-notes>3</actual-notes>
          <normal-notes>2</normal-notes>
        </time-modification>
        <stem default-y="-90">down</stem>
        <beam number="1">end</beam>
        <notations>
          <tuplet number="1" type="stop"/>
          <slur bezier-x="-22" bezier-y="-17" default-x="0" default-y="-95" number="1" type="stop"/>
        </notations>
      </note>
      <forward>
        <duration>24</duration>
        <voice>2</voice>
      </forward>
    </measure>
    <!--=======================================================-->
    <measure number="2" width="840">
      <print new-system="yes">
        <system-layout>
          <system-distance>71</system-distance>
        </system-layout>
      </print>
      <note default-x="113">
        <pitch>
          <step>B</step>
          <octave>3</octave>
        </pitch>
        <duration>6</duration>
        <voice>1</voice>
        <type>eighth</type>
        <stem default-y="-20">up</stem>
        <lyric default-y="-93" number="1">
          <syllabic>begin</syllabic>
          <text>ї</text>
        </lyric>
      </note>
      <note default-x="165">
        <pitch>
          <step>E</step>
          <octave>4</octave>
        </pitch>
        <duration>6</duration>
        <voice>1</voice>
        <type>eighth</type>
        <stem default-y="-5">up</stem>
        <lyric default-y="-93" number="1">
          <syllabic>end</syllabic>
          <text>де</text>
        </lyric>
      </note>
      <note default-x="216">
        <pitch>
          <step>E</step>
          <octave>4</octave>
        </pitch>
        <duration>6</duration>
        <voice>1</voice>
        <type>eighth</type>
        <stem default-y="-5">up</stem>
        <lyric default-y="-93" number="1">
          <syllabic>begin</syllabic>
          <text>сест</text>
        </lyric>
      </note>
      <note default-x="268">
        <pitch>
          <step>G</step>
          <alter>1</alter>
          <octave>4</octave>
        </pitch>
        <duration>6</duration>
        <voice>1</voice>
        <type>eighth</type>
        <stem default-y="5">up</stem>
        <lyric default-y="-93" number="1">
          <syllabic>end</syllabic>
          <text>ра</text>
        </lyric>
      </note>
      <note default-x="320">
        <pitch>
          <step>F</step>
          <alter>1</alter>
          <octave>4</octave>
        </pitch>
        <duration>6</duration>
        <voice>1</voice>
        <type>eighth</type>
        <stem default-y="0">up</stem>
        <beam number="1">begin</beam>
        <notations>
          <slur bezier-x="27" bezier-y="-22" default-x="6" default-y="-45" number="1" placement="below" type="start"/>
        </notations>
        <lyric default-y="-93" number="1" relative-x="4">
          <syllabic>single</syllabic>
          <text>по</text>
        </lyric>
      </note>
      <note default-x="371">
        <pitch>
          <step>E</step>
          <octave>4</octave>
        </pitch>
        <duration>6</duration>
        <voice>1</voice>
        <type>eighth</type>
        <stem default-y="0">up</stem>
        <beam number="1">continue</beam>
      </note>
      <note default-x="423">
        <pitch>
          <step>F</step>
          <alter>1</alter>
          <octave>4</octave>
        </pitch>
        <duration>6</duration>
        <voice>1</voice>
        <type>eighth</type>
        <stem default-y="0">up</stem>
        <beam number="1">end</beam>
        <notations>
          <slur bezier-x="-27" bezier-y="-22" default-x="6" default-y="-45" number="1" type="stop"/>
        </notations>
      </note>
      <note default-x="474">
        <pitch>
          <step>C</step>
          <alter>1</alter>
          <octave>4</octave>
        </pitch>
        <duration>6</duration>
        <voice>1</voice>
        <type>eighth</type>
        <stem default-y="-15">up</stem>
        <lyric default-y="-93" number="1">
          <syllabic>begin</syllabic>
          <text>ри</text>
        </lyric>
      </note>
      <note default-x="525">
        <pitch>
          <step>E</step>
          <octave>4</octave>
        </pitch>
        <duration>3</duration>
        <voice>1</voice>
        <type>16th</type>
        <stem default-y="-5">up</stem>
        <beam number="1">begin</beam>
        <beam number="2">begin</beam>
        <notations>
          <slur bezier-x="19" bezier-y="13" default-x="13" default-y="3" number="1" placement="above" type="start"/>
        </notations>
        <lyric default-y="-93" number="1" relative-x="9">
          <syllabic>middle</syllabic>
          <text>ноч</text>
        </lyric>
      </note>
      <note default-x="558">
        <pitch>
          <step>D</step>
          <alter>1</alter>
          <octave>4</octave>
        </pitch>
        <duration>3</duration>
        <voice>1</voice>
        <type>16th</type>
        <stem default-y="-7">up</stem>
        <beam number="1">continue</beam>
        <beam number="2">end</beam>
        <notations>
          <slur bezier-x="11" bezier-y="7" default-x="13" default-y="3" number="2" placement="above" type="start"/>
        </notations>
      </note>
      <note default-x="589">
        <pitch>
          <step>C</step>
          <alter>1</alter>
          <octave>4</octave>
        </pitch>
        <duration>6</duration>
        <voice>1</voice>
        <type>eighth</type>
        <stem default-y="-10">up</stem>
        <beam number="1">end</beam>
        <notations>
          <slur bezier-x="-15" bezier-y="17" default-x="12" default-y="-5" number="1" type="stop"/>
          <slur bezier-x="-6" bezier-y="12" default-x="12" default-y="-5" number="2" type="stop"/>
        </notations>
      </note>
      <direction placement="above">
        <direction-type>
          <words default-y="10">( )</words>
        </direction-type>
      </direction>
      <note default-x="645">
        <pitch>
          <step>B</step>
          <octave>3</octave>
        </pitch>
        <duration>18</duration>
        <voice>1</voice>
        <type>quarter</type>
        <dot/>
        <stem default-y="-20">up</stem>
        <lyric default-y="-93" number="1" relative-x="5">
          <syllabic>end</syllabic>
          <text>ку,/</text>
        </lyric>
      </note>
      <note default-x="755">
        <rest>
          <display-step>E</display-step>
          <display-octave>4</display-octave>
        </rest>
        <duration>6</duration>
        <voice>1</voice>
        <type>eighth</type>
      </note>
      <backup>
        <duration>84</duration>
      </backup>
      <forward>
        <duration>48</duration>
        <voice>2</voice>
      </forward>
      <note default-x="525">
        <pitch>
          <step>E</step>
          <octave>4</octave>
        </pitch>
        <duration>4</duration>
        <voice>2</voice>
        <type>eighth</type>
        <time-modification>
          <actual-notes>3</actual-notes>
          <normal-notes>2</normal-notes>
        </time-modification>
        <stem default-y="-80">down</stem>
        <beam number="1">begin</beam>
        <notations>
          <tuplet bracket="yes" number="1" placement="below" type="start"/>
          <slur bezier-x="11" bezier-y="-12" default-x="1" default-y="-85" number="1" placement="below" type="start"/>
        </notations>
      </note>
      <note default-x="568">
        <pitch>
          <step>D</step>
          <alter>1</alter>
          <octave>4</octave>
        </pitch>
        <duration>4</duration>
        <voice>2</voice>
        <type>eighth</type>
        <time-modification>
          <actual-notes>3</actual-notes>
          <normal-notes>2</normal-notes>
        </time-modification>
        <stem default-y="-82">down</stem>
        <beam number="1">continue</beam>
        <notations>
          <slur bezier-x="-13" bezier-y="-10" default-x="0" default-y="-87" number="1" type="stop"/>
        </notations>
      </note>
      <note default-x="607">
        <pitch>
          <step>C</step>
          <alter>1</alter>
          <octave>4</octave>
        </pitch>
        <duration>4</duration>
        <voice>2</voice>
        <type>eighth</type>
        <time-modification>
          <actual-notes>3</actual-notes>
          <normal-notes>2</normal-notes>
        </time-modification>
        <stem default-y="-85">down</stem>
        <beam number="1">end</beam>
        <notations>
          <tuplet number="1" type="stop"/>
        </notations>
      </note>
      <forward>
        <duration>24</duration>
        <voice>2</voice>
      </forward>
    </measure>
    <!--=======================================================-->
    <measure number="3" width="840">
      <print new-system="yes">
        <system-layout>
          <system-distance>75</system-distance>
        </system-layout>
      </print>
      <attributes>
        <time>
          <beats>8</beats>
          <beat-type>4</beat-type>
        </time>
      </attributes>
      <note default-x="146">
        <pitch>
          <step>B</step>
          <octave>3</octave>
        </pitch>
        <duration>6</duration>
        <voice>1</voice>
        <type>eighth</type>
        <stem default-y="-20">up</stem>
        <lyric default-y="-78" number="1">
          <syllabic>single</syllabic>
          <text>а</text>
        </lyric>
      </note>
      <note default-x="194">
        <pitch>
          <step>E</step>
          <octave>4</octave>
        </pitch>
        <duration>6</duration>
        <voice>1</voice>
        <type>eighth</type>
        <stem default-y="-5">up</stem>
        <lyric default-y="-78" number="1">
          <syllabic>single</syllabic>
          <text>брат</text>
        </lyric>
      </note>
      <note default-x="243">
        <pitch>
          <step>E</step>
          <octave>4</octave>
        </pitch>
        <duration>6</duration>
        <voice>1</voice>
        <type>eighth</type>
        <stem default-y="-5">up</stem>
        <lyric default-y="-78" number="1">
          <syllabic>begin</syllabic>
          <text>смот</text>
        </lyric>
      </note>
      <note default-x="291">
        <pitch>
          <step>G</step>
          <alter>1</alter>
          <octave>4</octave>
        </pitch>
        <duration>6</duration>
        <voice>1</voice>
        <type>eighth</type>
        <stem default-y="5">up</stem>
        <lyric default-y="-78" number="1">
          <syllabic>end</syllabic>
          <text>ри</text>
        </lyric>
      </note>
      <note default-x="338">
        <pitch>
          <step>F</step>
          <alter>1</alter>
          <octave>4</octave>
        </pitch>
        <duration>6</duration>
        <voice>1</voice>
        <type>eighth</type>
        <stem default-y="0">up</stem>
        <beam number="1">begin</beam>
        <notations>
          <slur bezier-x="25" bezier-y="-20" default-x="6" default-y="-45" number="1" placement="below" type="start"/>
        </notations>
        <lyric default-y="-78" number="1" relative-x="15">
          <syllabic>single</syllabic>
          <text>в</text>
          <elision> </elision>
          <syllabic>begin</syllabic>
          <text>ква</text>
        </lyric>
      </note>
      <note default-x="385">
        <pitch>
          <step>E</step>
          <octave>4</octave>
        </pitch>
        <duration>6</duration>
        <voice>1</voice>
        <type>eighth</type>
        <stem default-y="0">up</stem>
        <beam number="1">continue</beam>
      </note>
      <note default-x="432">
        <pitch>
          <step>F</step>
          <alter>1</alter>
          <octave>4</octave>
        </pitch>
        <duration>6</duration>
        <voice>1</voice>
        <type>eighth</type>
        <stem default-y="0">up</stem>
        <beam number="1">end</beam>
        <notations>
          <slur bezier-x="-25" bezier-y="-20" default-x="6" default-y="-45" number="1" type="stop"/>
        </notations>
      </note>
      <note default-x="478">
        <pitch>
          <step>F</step>
          <alter>1</alter>
          <octave>4</octave>
        </pitch>
        <duration>3</duration>
        <voice>1</voice>
        <type>16th</type>
        <stem default-y="0">up</stem>
        <beam number="1">begin</beam>
        <beam number="2">begin</beam>
        <notations>
          <slur bezier-x="9" bezier-y="9" default-x="13" default-y="5" number="1" placement="above" type="start"/>
          <slur bezier-x="4" bezier-y="-13" default-x="6" default-y="-45" number="2" placement="below" type="start"/>
        </notations>
        <lyric default-y="-78" number="1" relative-x="3">
          <syllabic>middle</syllabic>
          <text>ти</text>
        </lyric>
      </note>
      <note default-x="508">
        <pitch>
          <step>C</step>
          <alter>1</alter>
          <octave>4</octave>
        </pitch>
        <duration>3</duration>
        <voice>1</voice>
        <type>16th</type>
        <stem default-y="-5">up</stem>
        <beam number="1">end</beam>
        <beam number="2">end</beam>
        <notations>
          <slur bezier-x="-8" bezier-y="10" default-x="12" default-y="3" number="1" type="stop"/>
          <slur bezier-x="-13" bezier-y="-5" default-x="6" default-y="-60" number="2" type="stop"/>
        </notations>
      </note>
      <direction placement="above">
        <direction-type>
          <words default-y="10">( )</words>
        </direction-type>
      </direction>
      <note default-x="538">
        <pitch>
          <step>C</step>
          <alter>1</alter>
          <octave>4</octave>
        </pitch>
        <duration>24</duration>
        <tie type="start"/>
        <voice>1</voice>
        <type>half</type>
        <stem default-y="-15">up</stem>
        <notations>
          <tied type="start"/>
        </notations>
        <lyric default-y="-78" number="1">
          <syllabic>middle</syllabic>
          <text>рьоч</text>
        </lyric>
      </note>
      <note default-x="660">
        <pitch>
          <step>C</step>
          <alter>1</alter>
          <octave>4</octave>
        </pitch>
        <duration>6</duration>
        <tie type="stop"/>
        <voice>1</voice>
        <type>eighth</type>
        <stem default-y="-15">up</stem>
        <notations>
          <tied type="stop"/>
        </notations>
      </note>
      <note default-x="708">
        <pitch>
          <step>C</step>
          <alter>1</alter>
          <octave>4</octave>
        </pitch>
        <duration>6</duration>
        <voice>1</voice>
        <type>eighth</type>
        <stem default-y="-15">up</stem>
        <notehead filled="yes">x</notehead>
        <lyric default-y="-78" number="1">
          <syllabic>end</syllabic>
          <text>ку.</text>
        </lyric>
      </note>
      <note default-x="755">
        <rest/>
        <duration>12</duration>
        <voice>1</voice>
        <type>quarter</type>
      </note>
      <barline location="right">
        <bar-style>light-heavy</bar-style>
      </barline>
    </measure>
  </part>
  <!--=========================================================-->
</score-partwise>
