<?xml version="1.0" encoding="UTF-8" standalone="no"?>
<!DOCTYPE score-partwise PUBLIC "-//Recordare//DTD MusicXML 4.0 Partwise//EN" "http://www.musicxml.org/dtds/partwise.dtd">
<score-partwise version="4.0">
  <identification>
    <encoding>
      <software>Finale v27.3 for Windows</software>
      <encoding-date>2024-08-15</encoding-date>
      <supports attribute="new-system" element="print" type="yes" value="yes"/>
      <supports attribute="new-page" element="print" type="yes" value="yes"/>
      <supports element="accidental" type="yes"/>
      <supports element="beam" type="yes"/>
      <supports element="stem" type="yes"/>
    </encoding>
  </identification>
  <defaults>
    <scaling>
      <millimeters>8.4667</millimeters>
      <tenths>40</tenths>
    </scaling>
    <page-layout>
      <page-height>1320</page-height>
      <page-width>1020</page-width>
      <page-margins type="both">
        <left-margin>60</left-margin>
        <right-margin>60</right-margin>
        <top-margin>60</top-margin>
        <bottom-margin>60</bottom-margin>
      </page-margins>
    </page-layout>
    <system-layout>
      <system-margins>
        <left-margin>0</left-margin>
        <right-margin>0</right-margin>
      </system-margins>
      <system-distance>110</system-distance>
      <top-system-distance>67</top-system-distance>
    </system-layout>
    <appearance>
      <line-width type="stem">0.7682</line-width>
      <line-width type="beam">5</line-width>
      <line-width type="staff">0.7682</line-width>
      <line-width type="light barline">0.7682</line-width>
      <line-width type="heavy barline">5</line-width>
      <line-width type="leger">0.7682</line-width>
      <line-width type="ending">0.7682</line-width>
      <line-width type="wedge">0.7682</line-width>
      <line-width type="enclosure">0.7682</line-width>
      <line-width type="tuplet bracket">0.7682</line-width>
      <note-size type="grace">50</note-size>
      <note-size type="cue">50</note-size>
      <distance type="hyphen">60</distance>
      <distance type="beam">7.5</distance>
    </appearance>
    <music-font font-family="Finale Maestro,engraved" font-size="24"/>
    <word-font font-family="Times New Roman" font-size="12"/>
    <lyric-font font-family="Times New Roman" font-size="12"/>
  </defaults>
  <credit page="1">
    <credit-words default-x="124" default-y="105" valign="top" xml:space="preserve">Зап. 1971 р. Струтинський О. Д. від Осінської Броніслави Мартинівни з м. Шепетівка Шепетів-
ського р-ну Хмельницької обл. – ІМФЕ, ф. 14-3, од. зб. 860, арк. 154 зв.-155.</credit-words>
  </credit>
  <credit page="1">
    <credit-words default-x="331" default-y="822" font-size="19" valign="top">603. Ой була собі удовина (14-БР-04а)</credit-words>
  </credit>
  <credit page="1">
    <credit-words default-x="255" default-y="783" valign="top">Помірно</credit-words>
  </credit>
  <credit page="1">
    <credit-words default-x="122" default-y="552" font-size="17" valign="top" xml:space="preserve">1. Ой була собі удовина, (2)
Мала вона сина Василина.
2. Молодим його оженила, (2)
Молоду невістку не злюбила.
3. Василя послала орати, (2)
А невістку – отару пасти.
4. Пасу я стадо, припасаю, (2)
Я до свого стада промовляю:
5. – Ой стадо моє воронеє, (2)
Ой життя моє гореннеє.
6. Ой пройшли мої марно літа, (2)
Так як сонечко навкруг світа. </credit-words>
  </credit>
  <credit page="1">
    <credit-words default-x="549" default-y="554" font-size="17" valign="top" xml:space="preserve">7. Поховала сина на цвинтарі, (2)
А невістку за цвинтарем.
8. Посадила на сину садовину, (2)
А на невістці яворину.
9. Вершок до вершечка  
                                схиляється, (2)
А матері серце скипається.
10. – Коли б я була цеє знала, (2)
Була б діток не розлучала.
11. Своїх діток не розлучала, (2)
Була б обох разом поховала!</credit-words>
  </credit>
  <credit page="1">
    <credit-words default-x="533" default-y="44" valign="top">426</credit-words>
  </credit>
  <part-list>
    <score-part id="P1">
      <part-name print-object="no">MusicXML Part</part-name>
      <group>score</group>
      <score-instrument id="P1-I1">
        <instrument-name>Čķńņšóģåķņ 1</instrument-name>
      </score-instrument>
      <midi-instrument id="P1-I1">
        <midi-channel>1</midi-channel>
        <midi-program>1</midi-program>
        <volume>80</volume>
        <pan>0</pan>
      </midi-instrument>
    </score-part>
  </part-list>
  <!--=========================================================-->
  <part id="P1">
    <measure number="1" width="116">
      <print>
        <page-layout>
          <page-height>1320</page-height>
          <page-width>1020</page-width>
          <page-margins>
            <left-margin>120</left-margin>
            <right-margin>60</right-margin>
            <top-margin>60</top-margin>
            <bottom-margin>60</bottom-margin>
          </page-margins>
        </page-layout>
        <system-layout>
          <system-margins>
            <left-margin>58</left-margin>
            <right-margin>0</right-margin>
          </system-margins>
          <top-system-distance>505</top-system-distance>
        </system-layout>
        <measure-numbering>none</measure-numbering>
      </print>
      <attributes>
        <divisions>2</divisions>
        <key>
          <fifths>0</fifths>
          <mode>major</mode>
        </key>
        <time print-object="no">
          <senza-misura/>
        </time>
        <clef>
          <sign>G</sign>
          <line>2</line>
        </clef>
      </attributes>
      <sound tempo="96">
        <swing>
          <straight/>
        </swing>
      </sound>
      <note default-x="53">
        <pitch>
          <step>A</step>
          <octave>3</octave>
        </pitch>
        <duration>1</duration>
        <voice>1</voice>
        <type>eighth</type>
        <stem default-y="-20">up</stem>
        <notations>
          <technical>
            <fingering default-x="-11" default-y="-18" placement="above">3</fingering>
            <fingering default-x="-11" default-y="-38" placement="above">4</fingering>
          </technical>
        </notations>
        <lyric default-y="-84" number="1">
          <syllabic>single</syllabic>
          <text>1.</text>
          <elision> </elision>
          <syllabic>single</syllabic>
          <text>Ой</text>
        </lyric>
      </note>
      <note default-x="90">
        <pitch>
          <step>A</step>
          <octave>3</octave>
        </pitch>
        <duration>1</duration>
        <voice>1</voice>
        <type>eighth</type>
        <stem default-y="-20">up</stem>
        <lyric default-y="-84" number="1">
          <syllabic>begin</syllabic>
          <text>бу</text>
        </lyric>
      </note>
    </measure>
    <!--=======================================================-->
    <measure number="2" width="101">
      <note default-x="16">
        <pitch>
          <step>C</step>
          <octave>4</octave>
        </pitch>
        <duration>4</duration>
        <voice>1</voice>
        <type>half</type>
        <stem default-y="-15">up</stem>
        <lyric default-y="-84" number="1">
          <syllabic>end</syllabic>
          <text>ла</text>
        </lyric>
      </note>
      <note default-x="68">
        <pitch>
          <step>B</step>
          <octave>3</octave>
        </pitch>
        <duration>2</duration>
        <voice>1</voice>
        <type>quarter</type>
        <stem default-y="-20">up</stem>
        <lyric default-y="-84" number="1">
          <syllabic>begin</syllabic>
          <text>со</text>
        </lyric>
      </note>
    </measure>
    <!--=======================================================-->
    <measure number="3" width="101">
      <note default-x="16">
        <pitch>
          <step>A</step>
          <octave>3</octave>
        </pitch>
        <duration>4</duration>
        <voice>1</voice>
        <type>half</type>
        <stem default-y="-20">up</stem>
        <lyric default-y="-84" number="1">
          <syllabic>end</syllabic>
          <text>бі</text>
        </lyric>
      </note>
      <note default-x="68">
        <pitch>
          <step>E</step>
          <octave>4</octave>
        </pitch>
        <duration>2</duration>
        <voice>1</voice>
        <type>quarter</type>
        <stem default-y="-5">up</stem>
        <lyric default-y="-84" number="1">
          <syllabic>begin</syllabic>
          <text>у</text>
        </lyric>
      </note>
    </measure>
    <!--=======================================================-->
    <measure number="4" width="107">
      <note default-x="13">
        <pitch>
          <step>A</step>
          <octave>4</octave>
        </pitch>
        <duration>4</duration>
        <voice>1</voice>
        <type>half</type>
        <stem default-y="10">up</stem>
        <lyric default-y="-84" number="1">
          <syllabic>middle</syllabic>
          <text>до</text>
        </lyric>
      </note>
      <note default-x="66">
        <pitch>
          <step>G</step>
          <octave>4</octave>
        </pitch>
        <duration>1</duration>
        <voice>1</voice>
        <type>eighth</type>
        <stem default-y="5">up</stem>
        <beam number="1">begin</beam>
        <notations>
          <slur bezier-x="5" bezier-y="-8" default-x="6" default-y="-43" number="1" placement="below" type="start"/>
        </notations>
        <lyric default-y="-84" number="1" relative-x="4">
          <syllabic>middle</syllabic>
          <text>ви</text>
        </lyric>
      </note>
      <note default-x="86">
        <pitch>
          <step>F</step>
          <octave>4</octave>
        </pitch>
        <duration>1</duration>
        <voice>1</voice>
        <type>eighth</type>
        <stem default-y="0">up</stem>
        <beam number="1">end</beam>
        <notations>
          <slur bezier-x="-7" bezier-y="-7" default-x="6" default-y="-45" number="1" type="stop"/>
        </notations>
      </note>
    </measure>
    <!--=======================================================-->
    <measure number="5" width="135">
      <note default-x="13">
        <pitch>
          <step>E</step>
          <octave>4</octave>
        </pitch>
        <duration>2</duration>
        <voice>1</voice>
        <type>quarter</type>
        <stem default-y="-5">up</stem>
        <notations>
          <slur bezier-x="11" bezier-y="-7" default-x="6" default-y="-50" number="1" placement="below" type="start"/>
        </notations>
        <lyric default-y="-84" number="1">
          <syllabic>end</syllabic>
          <text>на,/</text>
        </lyric>
      </note>
      <note default-x="43">
        <pitch>
          <step>G</step>
          <octave>4</octave>
        </pitch>
        <duration>2</duration>
        <voice>1</voice>
        <type>quarter</type>
        <stem default-y="5">up</stem>
        <notations>
          <slur bezier-x="-6" bezier-y="-11" default-x="6" default-y="-43" number="1" type="stop"/>
        </notations>
      </note>
      <note default-x="74">
        <pitch>
          <step>G</step>
          <octave>4</octave>
        </pitch>
        <duration>1</duration>
        <voice>1</voice>
        <type>eighth</type>
        <stem default-y="5">up</stem>
        <lyric default-y="-84" number="1">
          <syllabic>single</syllabic>
          <text>ой</text>
        </lyric>
      </note>
      <note default-x="105">
        <pitch>
          <step>G</step>
          <octave>4</octave>
        </pitch>
        <duration>1</duration>
        <voice>1</voice>
        <type>eighth</type>
        <stem default-y="5">up</stem>
        <lyric default-y="-84" number="1">
          <syllabic>begin</syllabic>
          <text>бу</text>
        </lyric>
      </note>
    </measure>
    <!--=======================================================-->
    <measure number="6" width="111">
      <note default-x="13">
        <pitch>
          <step>G</step>
          <octave>4</octave>
        </pitch>
        <duration>2</duration>
        <voice>1</voice>
        <type>quarter</type>
        <stem default-y="5">up</stem>
        <notations>
          <slur bezier-x="12" bezier-y="-7" default-x="6" default-y="-43" number="1" placement="below" type="start"/>
        </notations>
        <lyric default-y="-84" number="1">
          <syllabic>end</syllabic>
          <text>ла</text>
        </lyric>
      </note>
      <note default-x="46">
        <pitch>
          <step>A</step>
          <octave>4</octave>
        </pitch>
        <duration>2</duration>
        <voice>1</voice>
        <type>quarter</type>
        <stem default-y="10">up</stem>
        <notations>
          <slur bezier-x="-7" bezier-y="-12" default-x="6" default-y="-35" number="1" type="stop"/>
        </notations>
      </note>
      <note default-x="78">
        <pitch>
          <step>E</step>
          <octave>4</octave>
        </pitch>
        <duration>2</duration>
        <voice>1</voice>
        <type>quarter</type>
        <stem default-y="-5">up</stem>
        <lyric default-y="-84" number="1">
          <syllabic>begin</syllabic>
          <text>со</text>
        </lyric>
      </note>
    </measure>
    <!--=======================================================-->
    <measure number="7" width="111">
      <note default-x="13">
        <pitch>
          <step>D</step>
          <octave>4</octave>
        </pitch>
        <duration>2</duration>
        <voice>1</voice>
        <type>quarter</type>
        <stem default-y="-10">up</stem>
        <notations>
          <slur bezier-x="5" bezier-y="-14" default-x="6" default-y="-55" number="1" placement="below" type="start"/>
        </notations>
        <lyric default-y="-84" number="1">
          <syllabic>end</syllabic>
          <text>бі</text>
        </lyric>
      </note>
      <note default-x="45">
        <pitch>
          <step>A</step>
          <octave>3</octave>
        </pitch>
        <duration>2</duration>
        <voice>1</voice>
        <type>quarter</type>
        <stem default-y="-20">up</stem>
        <notations>
          <slur bezier-x="-14" bezier-y="-5" default-x="6" default-y="-70" number="1" type="stop"/>
        </notations>
      </note>
      <note default-x="78">
        <pitch>
          <step>A</step>
          <octave>3</octave>
        </pitch>
        <duration>2</duration>
        <voice>1</voice>
        <type>quarter</type>
        <stem default-y="-20">up</stem>
        <lyric default-y="-84" number="1">
          <syllabic>begin</syllabic>
          <text>у</text>
        </lyric>
      </note>
    </measure>
    <!--=======================================================-->
    <measure number="8" width="161">
      <print new-system="yes">
        <system-layout>
          <system-distance>67</system-distance>
        </system-layout>
      </print>
      <note default-x="53">
        <pitch>
          <step>C</step>
          <octave>4</octave>
        </pitch>
        <duration>4</duration>
        <voice>1</voice>
        <type>half</type>
        <stem default-y="-15">up</stem>
        <lyric default-y="-84" number="1">
          <syllabic>middle</syllabic>
          <text>до</text>
        </lyric>
      </note>
      <note default-x="119">
        <pitch>
          <step>B</step>
          <octave>3</octave>
        </pitch>
        <duration>2</duration>
        <voice>1</voice>
        <type>quarter</type>
        <stem default-y="-20">up</stem>
        <lyric default-y="-84" number="1">
          <syllabic>middle</syllabic>
          <text>ви</text>
        </lyric>
      </note>
    </measure>
    <!--=======================================================-->
    <measure number="9" width="123">
      <note default-x="16">
        <pitch>
          <step>A</step>
          <octave>3</octave>
        </pitch>
        <duration>4</duration>
        <voice>1</voice>
        <type>half</type>
        <stem default-y="-20">up</stem>
        <lyric default-y="-84" number="1">
          <syllabic>end</syllabic>
          <text>на,/</text>
        </lyric>
      </note>
      <note default-x="82">
        <pitch>
          <step>G</step>
          <octave>4</octave>
        </pitch>
        <duration>2</duration>
        <voice>1</voice>
        <type>quarter</type>
        <stem default-y="5">up</stem>
        <lyric default-y="-84" number="1">
          <syllabic>begin</syllabic>
          <text>ма</text>
        </lyric>
      </note>
    </measure>
    <!--=======================================================-->
    <measure number="10" width="136">
      <note default-x="13">
        <pitch>
          <step>G</step>
          <octave>4</octave>
        </pitch>
        <duration>2</duration>
        <voice>1</voice>
        <type>quarter</type>
        <stem default-y="5">up</stem>
        <notations>
          <slur bezier-x="14" bezier-y="-9" default-x="6" default-y="-43" number="1" placement="below" type="start"/>
        </notations>
        <lyric default-y="-84" number="1">
          <syllabic>end</syllabic>
          <text>ла</text>
        </lyric>
      </note>
      <note default-x="54">
        <pitch>
          <step>A</step>
          <octave>4</octave>
        </pitch>
        <duration>2</duration>
        <voice>1</voice>
        <type>quarter</type>
        <stem default-y="10">up</stem>
        <notations>
          <slur bezier-x="-9" bezier-y="-13" default-x="6" default-y="-35" number="1" type="stop"/>
        </notations>
      </note>
      <note default-x="95">
        <pitch>
          <step>E</step>
          <octave>4</octave>
        </pitch>
        <duration>2</duration>
        <voice>1</voice>
        <type>quarter</type>
        <stem default-y="-5">up</stem>
        <lyric default-y="-84" number="1">
          <syllabic>begin</syllabic>
          <text>во</text>
        </lyric>
      </note>
    </measure>
    <!--=======================================================-->
    <measure number="11" width="164">
      <note default-x="13">
        <pitch>
          <step>D</step>
          <octave>4</octave>
        </pitch>
        <duration>2</duration>
        <voice>1</voice>
        <type>quarter</type>
        <stem default-y="-10">up</stem>
        <notations>
          <slur bezier-x="9" bezier-y="-16" default-x="6" default-y="-55" number="1" placement="below" type="start"/>
        </notations>
        <lyric default-y="-84" number="1">
          <syllabic>end</syllabic>
          <text>на</text>
        </lyric>
      </note>
      <note default-x="58">
        <pitch>
          <step>A</step>
          <octave>3</octave>
        </pitch>
        <duration>2</duration>
        <voice>1</voice>
        <type>quarter</type>
        <stem default-y="-20">up</stem>
        <notations>
          <slur bezier-x="-17" bezier-y="-7" default-x="6" default-y="-70" number="1" type="stop"/>
        </notations>
      </note>
      <note default-x="102">
        <pitch>
          <step>A</step>
          <octave>3</octave>
        </pitch>
        <duration>1</duration>
        <voice>1</voice>
        <type>eighth</type>
        <stem default-y="-20">up</stem>
        <lyric default-y="-84" number="1">
          <syllabic>begin</syllabic>
          <text>си</text>
        </lyric>
      </note>
      <note default-x="133">
        <pitch>
          <step>A</step>
          <octave>3</octave>
        </pitch>
        <duration>1</duration>
        <voice>1</voice>
        <type>eighth</type>
        <stem default-y="-20">up</stem>
        <lyric default-y="-84" number="1">
          <syllabic>end</syllabic>
          <text>на</text>
        </lyric>
      </note>
    </measure>
    <!--=======================================================-->
    <measure number="12" width="123">
      <note default-x="16">
        <pitch>
          <step>C</step>
          <octave>4</octave>
        </pitch>
        <duration>2</duration>
        <voice>1</voice>
        <type>quarter</type>
        <stem default-y="-15">up</stem>
        <notations>
          <slur bezier-x="12" bezier-y="-11" dash-length="7.5" default-x="6" default-y="-60" line-type="dashed" number="1" placement="below" space-length="7.5" type="start"/>
        </notations>
        <lyric default-y="-84" number="1">
          <syllabic>begin</syllabic>
          <text>Ва</text>
        </lyric>
      </note>
      <note default-x="57">
        <pitch>
          <step>C</step>
          <octave>4</octave>
        </pitch>
        <duration>4</duration>
        <voice>1</voice>
        <type>half</type>
        <stem default-y="-15">up</stem>
        <notations>
          <slur bezier-x="-12" bezier-y="-11" default-x="7" default-y="-60" number="1" type="stop"/>
        </notations>
        <lyric default-y="-84" number="1">
          <syllabic>middle</syllabic>
          <text>си</text>
        </lyric>
      </note>
    </measure>
    <!--=======================================================-->
    <measure number="13" width="133">
      <note default-x="16">
        <pitch>
          <step>B</step>
          <octave>3</octave>
        </pitch>
        <duration>2</duration>
        <voice>1</voice>
        <type>quarter</type>
        <stem default-y="-20">up</stem>
        <lyric default-y="-84" number="1">
          <syllabic>middle</syllabic>
          <text>ли</text>
        </lyric>
      </note>
      <note default-x="57">
        <pitch>
          <step>A</step>
          <octave>3</octave>
        </pitch>
        <duration>4</duration>
        <voice>1</voice>
        <type>half</type>
        <stem default-y="-20">up</stem>
        <lyric default-y="-84" number="1">
          <syllabic>end</syllabic>
          <text>на.</text>
        </lyric>
      </note>
      <barline location="right">
        <bar-style>light-heavy</bar-style>
      </barline>
    </measure>
  </part>
  <!--=========================================================-->
</score-partwise>
