<?xml version="1.0" encoding="UTF-8" standalone="no"?>
<!DOCTYPE score-partwise PUBLIC "-//Recordare//DTD MusicXML 4.0 Partwise//EN" "http://www.musicxml.org/dtds/partwise.dtd">
<score-partwise version="4.0">
  <identification>
    <encoding>
      <software>Finale v27.3 for Windows</software>
      <encoding-date>2024-08-09</encoding-date>
      <supports attribute="new-system" element="print" type="yes" value="yes"/>
      <supports attribute="new-page" element="print" type="yes" value="yes"/>
      <supports element="accidental" type="yes"/>
      <supports element="beam" type="yes"/>
      <supports element="stem" type="yes"/>
    </encoding>
  </identification>
  <defaults>
    <scaling>
      <millimeters>8.4667</millimeters>
      <tenths>40</tenths>
    </scaling>
    <page-layout>
      <page-height>1320</page-height>
      <page-width>1020</page-width>
      <page-margins type="both">
        <left-margin>60</left-margin>
        <right-margin>60</right-margin>
        <top-margin>60</top-margin>
        <bottom-margin>60</bottom-margin>
      </page-margins>
    </page-layout>
    <system-layout>
      <system-margins>
        <left-margin>0</left-margin>
        <right-margin>0</right-margin>
      </system-margins>
      <system-distance>110</system-distance>
      <top-system-distance>67</top-system-distance>
    </system-layout>
    <appearance>
      <line-width type="stem">0.7682</line-width>
      <line-width type="beam">5</line-width>
      <line-width type="staff">0.7682</line-width>
      <line-width type="light barline">0.7682</line-width>
      <line-width type="heavy barline">5</line-width>
      <line-width type="leger">0.7682</line-width>
      <line-width type="ending">0.7682</line-width>
      <line-width type="wedge">0.7682</line-width>
      <line-width type="enclosure">0.7682</line-width>
      <line-width type="tuplet bracket">0.7682</line-width>
      <note-size type="grace">50</note-size>
      <note-size type="cue">50</note-size>
      <distance type="hyphen">60</distance>
      <distance type="beam">7.5</distance>
    </appearance>
    <music-font font-family="Finale Maestro,engraved" font-size="24"/>
    <word-font font-family="Times New Roman" font-size="12"/>
    <lyric-font font-family="Times New Roman" font-size="12"/>
  </defaults>
  <credit page="1">
    <credit-words default-x="356" default-y="673" font-size="19" valign="top">573. Ой жила вдова (05-БР-14)</credit-words>
  </credit>
  <credit page="1">
    <credit-words default-x="324" default-y="648" valign="top">80</credit-words>
  </credit>
  <credit page="1">
    <credit-words default-x="128" default-y="553" font-size="17" valign="top" xml:space="preserve">1. Ой жила вдова
На край села,
2. Мала вдова
Аж три сини.
3. Аж три сини
Та три дочки.</credit-words>
  </credit>
  <credit page="1">
    <credit-words default-x="575" default-y="553" font-size="17" valign="top" xml:space="preserve">7. А другая 
Повісилась,
8. А третяя 
Бички пасла.
9. Ой у гаю 
Вогонь горить,</credit-words>
  </credit>
  <credit page="1">
    <credit-words default-x="119" default-y="286" valign="top" xml:space="preserve">Зап. 1941 р. Шмиговський А. Д. від Негоди О. з с. Хомутинці (нині Калинівського р-ну) Вінниць-
кої обл. – ІМФЕ, ф. 14-3, од. зб. 2, арк. 231-232 (131),  № 175. Подано без кінця. Пісня чоловіча. 
Негода перейняв її від Ст. Орлюка. (Прим. зап.)</credit-words>
  </credit>
  <credit page="1">
    <credit-words default-x="350" default-y="553" font-size="17" valign="top" xml:space="preserve">4. Сини зросли, –
В розбій пішли.
5. Дочки зросли, –
Заміж вийшли.
6. Одна дочка 
Втопилася,</credit-words>
  </credit>
  <credit page="1">
    <credit-words default-x="758" default-y="553" font-size="17" valign="top" xml:space="preserve">10. Коло вогню
Розбій сидить.
11. Один каже: 
– Убиймо.
12. Другий каже:
– Спитаймо.  </credit-words>
  </credit>
  <credit page="1">
    <credit-words default-x="526" default-y="44" valign="top">351</credit-words>
  </credit>
  <part-list>
    <score-part id="P1">
      <part-name print-object="no">MusicXML Part</part-name>
      <group>score</group>
      <score-instrument id="P1-I1">
        <instrument-name>Èíñòðóìåíò 1</instrument-name>
      </score-instrument>
      <midi-instrument id="P1-I1">
        <midi-channel>1</midi-channel>
        <midi-program>1</midi-program>
        <volume>80</volume>
        <pan>0</pan>
      </midi-instrument>
    </score-part>
  </part-list>
  <!--=========================================================-->
  <part id="P1">
    <measure number="1" width="419">
      <print>
        <page-layout>
          <page-height>1320</page-height>
          <page-width>1020</page-width>
          <page-margins>
            <left-margin>121</left-margin>
            <right-margin>60</right-margin>
            <top-margin>60</top-margin>
            <bottom-margin>60</bottom-margin>
          </page-margins>
        </page-layout>
        <system-layout>
          <system-margins>
            <left-margin>59</left-margin>
            <right-margin>0</right-margin>
          </system-margins>
          <top-system-distance>638</top-system-distance>
        </system-layout>
        <measure-numbering>none</measure-numbering>
      </print>
      <attributes>
        <divisions>2</divisions>
        <key>
          <fifths>-1</fifths>
          <mode>major</mode>
        </key>
        <time symbol="common">
          <beats>4</beats>
          <beat-type>4</beat-type>
        </time>
        <clef>
          <sign>G</sign>
          <line>2</line>
        </clef>
      </attributes>
      <sound tempo="96">
        <swing>
          <straight/>
        </swing>
      </sound>
      <direction placement="above">
        <direction-type>
          <words default-y="10" relative-x="-129">quarter note equals</words>
        </direction-type>
      </direction>
      <note default-x="108">
        <pitch>
          <step>F</step>
          <octave>4</octave>
        </pitch>
        <duration>1</duration>
        <voice>1</voice>
        <type>eighth</type>
        <stem default-y="0">up</stem>
        <notations>
          <slur bezier-x="13" bezier-y="-12" dash-length="7.5" default-x="6" default-y="-45" line-type="dashed" number="1" placement="below" space-length="7.5" type="start"/>
        </notations>
        <lyric default-y="-70" number="2">
          <syllabic>single</syllabic>
          <text>1.</text>
          <elision> </elision>
          <syllabic>single</syllabic>
          <text>Ой</text>
        </lyric>
      </note>
      <note default-x="153">
        <pitch>
          <step>F</step>
          <octave>4</octave>
        </pitch>
        <duration>1</duration>
        <voice>1</voice>
        <type>eighth</type>
        <stem default-y="0">up</stem>
        <notations>
          <slur bezier-x="-13" bezier-y="-12" default-x="6" default-y="-45" number="1" type="stop"/>
        </notations>
        <lyric default-y="-70" number="2">
          <syllabic>begin</syllabic>
          <text>жи</text>
        </lyric>
      </note>
      <note default-x="195">
        <pitch>
          <step>A</step>
          <octave>4</octave>
        </pitch>
        <duration>1</duration>
        <voice>1</voice>
        <type>eighth</type>
        <stem default-y="-60">down</stem>
        <beam number="1">begin</beam>
        <notations>
          <slur bezier-x="10" bezier-y="14" default-x="6" default-y="-15" number="1" placement="above" type="start"/>
        </notations>
        <lyric default-y="-70" number="2" relative-x="3">
          <syllabic>end</syllabic>
          <text>ла</text>
        </lyric>
      </note>
      <note default-x="238">
        <pitch>
          <step>C</step>
          <octave>5</octave>
        </pitch>
        <duration>1</duration>
        <voice>1</voice>
        <type>eighth</type>
        <stem default-y="-55">down</stem>
        <beam number="1">end</beam>
        <notations>
          <slur bezier-x="-15" bezier-y="8" default-x="6" default-y="-5" number="1" type="stop"/>
        </notations>
      </note>
      <note default-x="281">
        <pitch>
          <step>G</step>
          <octave>4</octave>
        </pitch>
        <duration>2</duration>
        <voice>1</voice>
        <type>quarter</type>
        <stem default-y="5">up</stem>
        <lyric default-y="-70" number="2">
          <syllabic>begin</syllabic>
          <text>вдо</text>
        </lyric>
      </note>
      <note default-x="350">
        <pitch>
          <step>F</step>
          <octave>4</octave>
        </pitch>
        <duration>2</duration>
        <voice>1</voice>
        <type>quarter</type>
        <stem default-y="0">up</stem>
        <lyric default-y="-70" number="2">
          <syllabic>end</syllabic>
          <text>ва/</text>
        </lyric>
      </note>
    </measure>
    <!--=======================================================-->
    <measure number="2" width="361">
      <attributes>
        <time>
          <beats>5</beats>
          <beat-type>4</beat-type>
        </time>
      </attributes>
      <note default-x="46">
        <pitch>
          <step>D</step>
          <octave>5</octave>
        </pitch>
        <duration>2</duration>
        <voice>1</voice>
        <type>quarter</type>
        <stem default-y="-45">down</stem>
        <lyric default-y="-70" number="2">
          <syllabic>single</syllabic>
          <text>на</text>
        </lyric>
      </note>
      <note default-x="102">
        <pitch>
          <step>C</step>
          <octave>5</octave>
        </pitch>
        <duration>3</duration>
        <voice>1</voice>
        <type>quarter</type>
        <dot/>
        <stem default-y="-50">down</stem>
        <notations>
          <slur bezier-x="17" bezier-y="21" default-x="6" default-y="-5" number="1" placement="above" type="start"/>
        </notations>
        <lyric default-y="-70" number="2" relative-x="13">
          <syllabic>single</syllabic>
          <text>край</text>
        </lyric>
      </note>
      <note default-x="177">
        <pitch>
          <step>F</step>
          <octave>5</octave>
        </pitch>
        <duration>1</duration>
        <voice>1</voice>
        <type>eighth</type>
        <stem default-y="-35">down</stem>
        <notations>
          <slur bezier-x="-24" bezier-y="13" default-x="6" default-y="10" number="1" type="stop"/>
        </notations>
      </note>
      <note default-x="212">
        <pitch>
          <step>C</step>
          <octave>5</octave>
        </pitch>
        <duration>1</duration>
        <voice>1</voice>
        <type>eighth</type>
        <stem default-y="-50">down</stem>
        <beam number="1">begin</beam>
        <notations>
          <slur bezier-x="10" bezier-y="10" default-x="6" default-y="-5" number="1" placement="above" type="start"/>
          <slur bezier-x="25" bezier-y="27" dash-length="7.5" default-x="6" default-y="-5" line-type="dashed" number="2" placement="above" space-length="7.5" type="start"/>
        </notations>
        <lyric default-y="-70" number="2" relative-x="3">
          <syllabic>begin</syllabic>
          <text>се</text>
        </lyric>
      </note>
      <note default-x="247">
        <pitch>
          <step>B</step>
          <alter>-1</alter>
          <octave>4</octave>
        </pitch>
        <duration>1</duration>
        <voice>1</voice>
        <type>eighth</type>
        <stem default-y="-55">down</stem>
        <beam number="1">end</beam>
        <notations>
          <slur bezier-x="-10" bezier-y="10" default-x="6" default-y="-7" number="1" type="stop"/>
        </notations>
      </note>
      <note default-x="281">
        <pitch>
          <step>A</step>
          <octave>4</octave>
        </pitch>
        <duration>1</duration>
        <voice>1</voice>
        <type>eighth</type>
        <stem default-y="10">up</stem>
        <beam number="1">begin</beam>
        <notations>
          <slur bezier-x="8" bezier-y="-12" default-x="6" default-y="-35" number="1" placement="below" type="start"/>
        </notations>
        <lyric default-y="-70" number="2" relative-x="3">
          <syllabic>end</syllabic>
          <text>ла.</text>
        </lyric>
      </note>
      <note default-x="316">
        <pitch>
          <step>G</step>
          <octave>4</octave>
        </pitch>
        <duration>1</duration>
        <voice>1</voice>
        <type>eighth</type>
        <stem default-y="5">up</stem>
        <beam number="1">end</beam>
        <notations>
          <slur bezier-x="-12" bezier-y="-8" default-x="6" default-y="-43" number="1" type="stop"/>
          <slur bezier-x="-31" bezier-y="19" default-x="12" default-y="10" number="2" type="stop"/>
        </notations>
      </note>
      <barline location="right">
        <bar-style>light-heavy</bar-style>
      </barline>
    </measure>
  </part>
  <!--=========================================================-->
</score-partwise>
