<?xml version="1.0" encoding="UTF-8" standalone="no"?>
<!DOCTYPE score-partwise PUBLIC "-//Recordare//DTD MusicXML 4.0 Partwise//EN" "http://www.musicxml.org/dtds/partwise.dtd">
<score-partwise version="4.0">
  <identification>
    <encoding>
      <software>Finale v27.3 for Windows</software>
      <encoding-date>2024-08-28</encoding-date>
      <supports attribute="new-system" element="print" type="yes" value="yes"/>
      <supports attribute="new-page" element="print" type="yes" value="yes"/>
      <supports element="accidental" type="yes"/>
      <supports element="beam" type="yes"/>
      <supports element="stem" type="yes"/>
    </encoding>
  </identification>
  <defaults>
    <scaling>
      <millimeters>8.4667</millimeters>
      <tenths>40</tenths>
    </scaling>
    <page-layout>
      <page-height>1320</page-height>
      <page-width>1020</page-width>
      <page-margins type="both">
        <left-margin>60</left-margin>
        <right-margin>60</right-margin>
        <top-margin>60</top-margin>
        <bottom-margin>60</bottom-margin>
      </page-margins>
    </page-layout>
    <system-layout>
      <system-margins>
        <left-margin>0</left-margin>
        <right-margin>0</right-margin>
      </system-margins>
      <system-distance>110</system-distance>
      <top-system-distance>67</top-system-distance>
    </system-layout>
    <appearance>
      <line-width type="stem">0.7682</line-width>
      <line-width type="beam">5</line-width>
      <line-width type="staff">0.7682</line-width>
      <line-width type="light barline">0.7682</line-width>
      <line-width type="heavy barline">5</line-width>
      <line-width type="leger">0.7682</line-width>
      <line-width type="ending">0.7682</line-width>
      <line-width type="wedge">0.7682</line-width>
      <line-width type="enclosure">0.7682</line-width>
      <line-width type="tuplet bracket">0.7682</line-width>
      <note-size type="grace">50</note-size>
      <note-size type="cue">50</note-size>
      <distance type="hyphen">60</distance>
      <distance type="beam">7.5</distance>
    </appearance>
    <music-font font-family="Finale Maestro,engraved" font-size="24"/>
    <word-font font-family="Times New Roman" font-size="12"/>
    <lyric-font font-family="Times New Roman" font-size="12"/>
  </defaults>
  <credit page="1">
    <credit-words default-x="388" default-y="889" font-size="19" valign="top">603. Ой ковалю (09-БК-11)</credit-words>
  </credit>
  <credit page="1">
    <credit-words default-x="374" default-y="842" valign="top">80 Помірно</credit-words>
  </credit>
  <credit page="1">
    <credit-words default-x="130" default-y="581" font-size="17" valign="top" xml:space="preserve">1. – Ой ковалю,
Ой ковалю Марку,
Чом не куєш
Звечора до ранку?
Гей, гиля, гиля.
2. Чи у тебе
Заліза немає?
Чи у тебе 
Сталі не хватає?
Гей, гиля, гиля.
3. – Є у мене
Залізо-сталина,</credit-words>
  </credit>
  <credit page="1">
    <credit-words default-x="723" default-y="573" font-size="17" valign="top" xml:space="preserve">Постіль постелила.
Гей, гиля, гиля.
6. А звечора
Постіль постелила,
А з півночі
Сина породила.
Гей, ги(і)ля, ги(і)ля.
7. А з півночі
Сина породила,
На світанку
В криниці втопила.
Гей, гиля, гиля.</credit-words>
  </credit>
  <credit page="1">
    <credit-words default-x="124" default-y="103" valign="top" xml:space="preserve">Зап. 26 лютого 2015 р. Гарбулінська Т. Є. від фольк. анс. "Берегиня" з с. Бирлівка Бершадського 
р-ну Вінницької обл. З фондів Вінницького ОЦНТ. Розшифр. Єфремова Л. О., № 7 (147).</credit-words>
  </credit>
  <credit page="1">
    <credit-words default-x="405" default-y="578" font-size="17" valign="top" xml:space="preserve">Є у мене
Дівка Катерина.
Гей, гиля, гиля.
4. Є у мене
Дівка Катерина,
Вона мені
Слави наробила.
Гей, ги(і)ля, ги(і)ля.
5. Вона мені
Слави наробила,
Йа звечора</credit-words>
  </credit>
  <credit page="1">
    <credit-words default-x="523" default-y="48" valign="top">373</credit-words>
  </credit>
  <part-list>
    <score-part id="P1">
      <part-name print-object="no">MusicXML Part</part-name>
      <group>score</group>
      <score-instrument id="P1-I1">
        <instrument-name>Èíñòðóìåíò 1</instrument-name>
      </score-instrument>
      <midi-instrument id="P1-I1">
        <midi-channel>1</midi-channel>
        <midi-program>1</midi-program>
        <volume>80</volume>
        <pan>0</pan>
      </midi-instrument>
    </score-part>
  </part-list>
  <!--=========================================================-->
  <part id="P1">
    <measure number="1" width="440">
      <print>
        <page-layout>
          <page-height>1320</page-height>
          <page-width>1020</page-width>
          <page-margins>
            <left-margin>118</left-margin>
            <right-margin>60</right-margin>
            <top-margin>60</top-margin>
            <bottom-margin>60</bottom-margin>
          </page-margins>
        </page-layout>
        <system-layout>
          <system-margins>
            <left-margin>61</left-margin>
            <right-margin>0</right-margin>
          </system-margins>
          <top-system-distance>448</top-system-distance>
        </system-layout>
        <measure-numbering>none</measure-numbering>
      </print>
      <attributes>
        <divisions>4</divisions>
        <key>
          <fifths>5</fifths>
          <mode>major</mode>
        </key>
        <time symbol="common">
          <beats>4</beats>
          <beat-type>4</beat-type>
        </time>
        <clef>
          <sign>G</sign>
          <line>2</line>
          <clef-octave-change>-1</clef-octave-change>
        </clef>
      </attributes>
      <sound tempo="96">
        <swing>
          <straight/>
        </swing>
      </sound>
      <direction placement="above">
        <direction-type>
          <words default-y="18" relative-x="-124">quarter note equals</words>
        </direction-type>
      </direction>
      <note default-x="154">
        <pitch>
          <step>F</step>
          <alter>1</alter>
          <octave>3</octave>
        </pitch>
        <duration>4</duration>
        <voice>1</voice>
        <type>quarter</type>
        <stem default-y="0">up</stem>
        <notations>
          <slur bezier-x="18" bezier-y="-15" default-x="6" default-y="-45" number="1" placement="below" type="start"/>
        </notations>
        <lyric default-y="-67" number="2" relative-x="8">
          <syllabic>single</syllabic>
          <text>1.</text>
          <elision> </elision>
          <syllabic>single</syllabic>
          <text>–</text>
          <elision> </elision>
          <syllabic>single</syllabic>
          <text>Ой</text>
        </lyric>
      </note>
      <note default-x="215">
        <pitch>
          <step>G</step>
          <alter>1</alter>
          <octave>3</octave>
        </pitch>
        <duration>2</duration>
        <voice>1</voice>
        <type>eighth</type>
        <stem default-y="5">up</stem>
        <notations>
          <slur bezier-x="-17" bezier-y="-15" default-x="6" default-y="-43" number="1" type="stop"/>
        </notations>
      </note>
      <note default-x="254">
        <pitch>
          <step>A</step>
          <alter>1</alter>
          <octave>3</octave>
        </pitch>
        <duration>2</duration>
        <voice>1</voice>
        <type>eighth</type>
        <stem default-y="10">up</stem>
        <lyric default-y="-67" number="2">
          <syllabic>begin</syllabic>
          <text>ко</text>
        </lyric>
      </note>
      <note default-x="292">
        <pitch>
          <step>B</step>
          <octave>3</octave>
        </pitch>
        <duration>4</duration>
        <voice>1</voice>
        <type>quarter</type>
        <stem default-y="-55">down</stem>
        <lyric default-y="-67" number="2">
          <syllabic>middle</syllabic>
          <text>ва</text>
        </lyric>
      </note>
      <note default-x="354">
        <pitch>
          <step>B</step>
          <octave>3</octave>
        </pitch>
        <duration>2</duration>
        <voice>1</voice>
        <type>eighth</type>
        <stem default-y="15">up</stem>
        <beam number="1">begin</beam>
        <notations>
          <slur bezier-x="15" bezier-y="-17" default-x="6" default-y="-33" number="1" placement="below" type="start"/>
        </notations>
        <lyric default-y="-67" number="2" relative-x="11">
          <syllabic>end</syllabic>
          <text>лю,/</text>
        </lyric>
      </note>
      <direction placement="below">
        <direction-type>
          <words default-y="-30">(</words>
        </direction-type>
      </direction>
      <note default-x="392">
        <pitch>
          <step>A</step>
          <alter>1</alter>
          <octave>3</octave>
        </pitch>
        <duration>1</duration>
        <voice>1</voice>
        <type>16th</type>
        <stem default-y="12">up</stem>
        <beam number="1">continue</beam>
        <beam number="2">begin</beam>
      </note>
      <direction placement="below">
        <direction-type>
          <words default-y="-32">)</words>
        </direction-type>
      </direction>
      <note default-x="416">
        <pitch>
          <step>G</step>
          <alter>1</alter>
          <octave>3</octave>
        </pitch>
        <duration>1</duration>
        <voice>1</voice>
        <type>16th</type>
        <stem default-y="10">up</stem>
        <beam number="1">end</beam>
        <beam number="2">end</beam>
        <notations>
          <slur bezier-x="-20" bezier-y="-12" default-x="6" default-y="-43" number="1" type="stop"/>
        </notations>
      </note>
    </measure>
    <!--=======================================================-->
    <measure number="2" width="341">
      <note default-x="13">
        <pitch>
          <step>F</step>
          <alter>1</alter>
          <octave>3</octave>
        </pitch>
        <duration>2</duration>
        <voice>1</voice>
        <type>eighth</type>
        <stem default-y="0">up</stem>
        <lyric default-y="-67" number="2">
          <syllabic>single</syllabic>
          <text>ой</text>
        </lyric>
      </note>
      <note default-x="56">
        <pitch>
          <step>A</step>
          <alter>1</alter>
          <octave>3</octave>
        </pitch>
        <duration>2</duration>
        <voice>1</voice>
        <type>eighth</type>
        <stem default-y="10">up</stem>
        <lyric default-y="-67" number="2">
          <syllabic>begin</syllabic>
          <text>ко</text>
        </lyric>
      </note>
      <note default-x="99">
        <pitch>
          <step>G</step>
          <alter>1</alter>
          <octave>3</octave>
        </pitch>
        <duration>2</duration>
        <voice>1</voice>
        <type>eighth</type>
        <stem default-y="5">up</stem>
        <lyric default-y="-67" number="2">
          <syllabic>middle</syllabic>
          <text>ва</text>
        </lyric>
      </note>
      <note default-x="142">
        <pitch>
          <step>A</step>
          <alter>1</alter>
          <octave>3</octave>
        </pitch>
        <duration>2</duration>
        <voice>1</voice>
        <type>eighth</type>
        <stem default-y="10">up</stem>
        <lyric default-y="-67" number="2">
          <syllabic>end</syllabic>
          <text>лю</text>
        </lyric>
      </note>
      <note default-x="185">
        <pitch>
          <step>B</step>
          <octave>3</octave>
        </pitch>
        <duration>4</duration>
        <voice>1</voice>
        <type>quarter</type>
        <stem default-y="-55">down</stem>
        <lyric default-y="-67" number="2">
          <syllabic>begin</syllabic>
          <text>Ма</text>
        </lyric>
      </note>
      <note default-x="255">
        <pitch>
          <step>B</step>
          <octave>3</octave>
        </pitch>
        <duration>2</duration>
        <voice>1</voice>
        <type>eighth</type>
        <stem default-y="-55">down</stem>
        <lyric default-y="-67" number="2">
          <syllabic>end</syllabic>
          <text>рку,/</text>
        </lyric>
      </note>
      <note default-x="298">
        <rest/>
        <duration>2</duration>
        <voice>1</voice>
        <type>eighth</type>
      </note>
    </measure>
    <!--=======================================================-->
    <measure number="3" width="296">
      <print new-system="yes">
        <system-layout>
          <system-distance>59</system-distance>
        </system-layout>
      </print>
      <note default-x="122">
        <pitch>
          <step>G</step>
          <alter>1</alter>
          <octave>4</octave>
        </pitch>
        <duration>4</duration>
        <voice>1</voice>
        <type>quarter</type>
        <stem default-y="33.5">up</stem>
        <notations>
          <slur bezier-x="7" bezier-y="9" default-x="18" default-y="23" number="1" orientation="over" type="start"/>
        </notations>
        <lyric default-y="-67" number="2">
          <syllabic>single</syllabic>
          <text>чом</text>
        </lyric>
      </note>
      <note default-x="158">
        <pitch>
          <step>F</step>
          <alter>1</alter>
          <octave>4</octave>
        </pitch>
        <duration>2</duration>
        <voice>1</voice>
        <type>eighth</type>
        <stem default-y="35">up</stem>
        <notations>
          <slur bezier-x="-8" bezier-y="8" default-x="7" default-y="25" number="1" type="stop"/>
        </notations>
      </note>
      <note default-x="190">
        <pitch>
          <step>E</step>
          <octave>4</octave>
        </pitch>
        <duration>2</duration>
        <voice>1</voice>
        <type>eighth</type>
        <stem default-y="30">up</stem>
        <lyric default-y="-67" number="2">
          <syllabic>single</syllabic>
          <text>не</text>
        </lyric>
      </note>
      <note default-x="222">
        <pitch>
          <step>D</step>
          <alter>1</alter>
          <octave>4</octave>
        </pitch>
        <duration>4</duration>
        <voice>1</voice>
        <type>quarter</type>
        <stem default-y="18.5">up</stem>
        <lyric default-y="-67" number="2">
          <syllabic>begin</syllabic>
          <text>ку</text>
        </lyric>
      </note>
      <note default-x="259">
        <pitch>
          <step>F</step>
          <alter>1</alter>
          <octave>4</octave>
        </pitch>
        <duration>4</duration>
        <voice>1</voice>
        <type>quarter</type>
        <stem default-y="28.5">up</stem>
        <lyric default-y="-67" number="2">
          <syllabic>end</syllabic>
          <text>єш/</text>
        </lyric>
      </note>
      <backup>
        <duration>16</duration>
      </backup>
      <note default-x="122">
        <pitch>
          <step>E</step>
          <octave>4</octave>
        </pitch>
        <duration>4</duration>
        <voice>2</voice>
        <type>quarter</type>
        <stem default-y="-40">down</stem>
        <notations>
          <slur bezier-x="7" bezier-y="-9" default-x="6" default-y="-33" number="1" placement="below" type="start"/>
        </notations>
      </note>
      <note default-x="158">
        <pitch>
          <step>D</step>
          <alter>1</alter>
          <octave>4</octave>
        </pitch>
        <duration>2</duration>
        <voice>2</voice>
        <type>eighth</type>
        <stem default-y="-45">down</stem>
        <notations>
          <slur bezier-x="-8" bezier-y="-8" default-x="-5" default-y="-35" number="1" type="stop"/>
        </notations>
      </note>
      <note default-x="190">
        <pitch>
          <step>C</step>
          <alter>1</alter>
          <octave>4</octave>
        </pitch>
        <duration>2</duration>
        <voice>2</voice>
        <type>eighth</type>
        <stem default-y="-50">down</stem>
      </note>
      <note default-x="222">
        <pitch>
          <step>B</step>
          <octave>3</octave>
        </pitch>
        <duration>4</duration>
        <voice>2</voice>
        <type>quarter</type>
        <stem default-y="-55">down</stem>
      </note>
      <note default-x="259">
        <pitch>
          <step>B</step>
          <octave>3</octave>
        </pitch>
        <duration>4</duration>
        <voice>2</voice>
        <type>quarter</type>
        <stem default-y="-55">down</stem>
      </note>
    </measure>
    <!--=======================================================-->
    <measure number="4" width="258">
      <note default-x="13">
        <pitch>
          <step>C</step>
          <alter>1</alter>
          <octave>4</octave>
        </pitch>
        <duration>2</duration>
        <voice>1</voice>
        <type>eighth</type>
        <stem default-y="20">up</stem>
        <lyric default-y="-67" number="2">
          <syllabic>single</syllabic>
          <text>з</text>
          <elision> </elision>
          <syllabic>begin</syllabic>
          <text>ве</text>
        </lyric>
      </note>
      <note default-x="50">
        <pitch>
          <step>E</step>
          <octave>4</octave>
        </pitch>
        <duration>2</duration>
        <voice>1</voice>
        <type>eighth</type>
        <stem default-y="30">up</stem>
        <lyric default-y="-67" number="2">
          <syllabic>middle</syllabic>
          <text>чо</text>
        </lyric>
      </note>
      <note default-x="82">
        <pitch>
          <step>E</step>
          <octave>4</octave>
        </pitch>
        <duration>2</duration>
        <voice>1</voice>
        <type>eighth</type>
        <stem default-y="30">up</stem>
        <lyric default-y="-67" number="2">
          <syllabic>end</syllabic>
          <text>ра</text>
        </lyric>
      </note>
      <note default-x="115">
        <pitch>
          <step>E</step>
          <octave>4</octave>
        </pitch>
        <duration>2</duration>
        <voice>1</voice>
        <type>eighth</type>
        <stem default-y="30">up</stem>
        <lyric default-y="-67" number="2">
          <syllabic>single</syllabic>
          <text>до</text>
        </lyric>
      </note>
      <note default-x="148">
        <pitch>
          <step>G</step>
          <alter>1</alter>
          <octave>4</octave>
        </pitch>
        <duration>3</duration>
        <voice>1</voice>
        <type>eighth</type>
        <dot/>
        <stem default-y="40">up</stem>
        <beam number="1">begin</beam>
        <notations>
          <slur bezier-x="10" bezier-y="8" default-x="13" default-y="45" number="1" placement="above" type="start"/>
        </notations>
        <lyric default-y="-67" number="2">
          <syllabic>begin</syllabic>
          <text>ра</text>
        </lyric>
      </note>
      <note default-x="178">
        <pitch>
          <step>F</step>
          <alter>1</alter>
          <octave>4</octave>
        </pitch>
        <duration>1</duration>
        <voice>1</voice>
        <type>16th</type>
        <stem default-y="35">up</stem>
        <beam number="1">end</beam>
        <beam number="2">backward hook</beam>
        <notations>
          <slur bezier-x="-7" bezier-y="10" default-x="12" default-y="40" number="1" type="stop"/>
        </notations>
      </note>
      <note default-x="217">
        <pitch>
          <step>F</step>
          <alter>1</alter>
          <octave>4</octave>
        </pitch>
        <duration>4</duration>
        <voice>1</voice>
        <type>quarter</type>
        <stem default-y="28.5">up</stem>
        <lyric default-y="-67" number="2">
          <syllabic>end</syllabic>
          <text>нку?/</text>
        </lyric>
      </note>
      <backup>
        <duration>16</duration>
      </backup>
      <note default-x="13">
        <pitch>
          <step>F</step>
          <alter>1</alter>
          <octave>3</octave>
        </pitch>
        <duration>2</duration>
        <voice>2</voice>
        <type>eighth</type>
        <stem default-y="-70">down</stem>
      </note>
      <note default-x="50">
        <pitch>
          <step>A</step>
          <octave>3</octave>
        </pitch>
        <duration>2</duration>
        <voice>2</voice>
        <type>eighth</type>
        <accidental>natural</accidental>
        <stem default-y="-60">down</stem>
      </note>
      <note default-x="82">
        <pitch>
          <step>A</step>
          <octave>3</octave>
        </pitch>
        <duration>2</duration>
        <voice>2</voice>
        <type>eighth</type>
        <stem default-y="-60">down</stem>
      </note>
      <note default-x="115">
        <pitch>
          <step>A</step>
          <octave>3</octave>
        </pitch>
        <duration>2</duration>
        <voice>2</voice>
        <type>eighth</type>
        <stem default-y="-60">down</stem>
      </note>
      <note default-x="148">
        <pitch>
          <step>G</step>
          <alter>1</alter>
          <octave>3</octave>
        </pitch>
        <duration>4</duration>
        <voice>2</voice>
        <type>quarter</type>
        <stem default-y="-58">down</stem>
      </note>
      <note default-x="217">
        <pitch>
          <step>F</step>
          <alter>1</alter>
          <octave>3</octave>
        </pitch>
        <duration>4</duration>
        <voice>2</voice>
        <type>quarter</type>
        <stem default-y="-63">down</stem>
      </note>
    </measure>
    <!--=======================================================-->
    <measure number="5" width="288">
      <attributes>
        <time>
          <beats>6</beats>
          <beat-type>4</beat-type>
        </time>
      </attributes>
      <note default-x="57">
        <pitch>
          <step>C</step>
          <alter>1</alter>
          <octave>4</octave>
        </pitch>
        <duration>4</duration>
        <voice>1</voice>
        <type>quarter</type>
        <stem default-y="13.5">up</stem>
        <lyric default-y="-67" number="2">
          <syllabic>single</syllabic>
          <text>Гей,</text>
        </lyric>
      </note>
      <note default-x="97">
        <pitch>
          <step>F</step>
          <alter>1</alter>
          <octave>4</octave>
        </pitch>
        <duration>2</duration>
        <voice>1</voice>
        <type>eighth</type>
        <stem default-y="35">up</stem>
        <lyric default-y="-67" number="2">
          <syllabic>begin</syllabic>
          <text>ги</text>
        </lyric>
      </note>
      <note default-x="129">
        <pitch>
          <step>E</step>
          <octave>4</octave>
        </pitch>
        <duration>2</duration>
        <voice>1</voice>
        <type>eighth</type>
        <stem default-y="30">up</stem>
        <lyric default-y="-67" number="2">
          <syllabic>end</syllabic>
          <text>ля,</text>
        </lyric>
      </note>
      <note default-x="162">
        <pitch>
          <step>G</step>
          <alter>1</alter>
          <octave>4</octave>
        </pitch>
        <duration>4</duration>
        <voice>1</voice>
        <type>quarter</type>
        <stem default-y="33.5">up</stem>
        <lyric default-y="-67" number="2">
          <syllabic>begin</syllabic>
          <text>ги</text>
        </lyric>
      </note>
      <note default-x="198">
        <pitch>
          <step>F</step>
          <alter>1</alter>
          <octave>4</octave>
        </pitch>
        <duration>12</duration>
        <voice>1</voice>
        <type>half</type>
        <dot/>
        <stem default-y="28.5">up</stem>
        <lyric default-y="-67" number="2">
          <syllabic>end</syllabic>
          <text>ля.</text>
        </lyric>
      </note>
      <backup>
        <duration>24</duration>
      </backup>
      <note default-x="57">
        <pitch>
          <step>A</step>
          <octave>3</octave>
        </pitch>
        <duration>4</duration>
        <voice>2</voice>
        <type>quarter</type>
        <accidental>natural</accidental>
        <stem default-y="-53">down</stem>
      </note>
      <note default-x="97">
        <pitch>
          <step>B</step>
          <octave>3</octave>
        </pitch>
        <duration>2</duration>
        <voice>2</voice>
        <type>eighth</type>
        <stem default-y="-55">down</stem>
      </note>
      <note default-x="129">
        <pitch>
          <step>A</step>
          <octave>3</octave>
        </pitch>
        <duration>2</duration>
        <voice>2</voice>
        <type>eighth</type>
        <stem default-y="-60">down</stem>
      </note>
      <note default-x="162">
        <pitch>
          <step>G</step>
          <alter>1</alter>
          <octave>3</octave>
        </pitch>
        <duration>4</duration>
        <voice>2</voice>
        <type>quarter</type>
        <stem default-y="-58">down</stem>
      </note>
      <note default-x="198">
        <pitch>
          <step>F</step>
          <alter>1</alter>
          <octave>3</octave>
        </pitch>
        <duration>12</duration>
        <voice>2</voice>
        <type>half</type>
        <dot/>
        <stem default-y="-63">down</stem>
      </note>
      <barline location="right">
        <bar-style>light-heavy</bar-style>
      </barline>
    </measure>
  </part>
  <!--=========================================================-->
</score-partwise>
