<?xml version="1.0" encoding="UTF-8" standalone="no"?>
<!DOCTYPE score-partwise PUBLIC "-//Recordare//DTD MusicXML 4.0 Partwise//EN" "http://www.musicxml.org/dtds/partwise.dtd">
<score-partwise version="4.0">
  <identification>
    <encoding>
      <software>Finale v27.3 for Windows</software>
      <encoding-date>2024-08-21</encoding-date>
      <supports attribute="new-system" element="print" type="yes" value="yes"/>
      <supports attribute="new-page" element="print" type="yes" value="yes"/>
      <supports element="accidental" type="yes"/>
      <supports element="beam" type="yes"/>
      <supports element="stem" type="yes"/>
    </encoding>
  </identification>
  <defaults>
    <scaling>
      <millimeters>8.4667</millimeters>
      <tenths>40</tenths>
    </scaling>
    <page-layout>
      <page-height>1320</page-height>
      <page-width>1020</page-width>
      <page-margins type="both">
        <left-margin>60</left-margin>
        <right-margin>60</right-margin>
        <top-margin>60</top-margin>
        <bottom-margin>60</bottom-margin>
      </page-margins>
    </page-layout>
    <system-layout>
      <system-margins>
        <left-margin>0</left-margin>
        <right-margin>6</right-margin>
      </system-margins>
      <system-distance>80</system-distance>
      <top-system-distance>38</top-system-distance>
    </system-layout>
    <appearance>
      <line-width type="stem">0.7682</line-width>
      <line-width type="beam">5</line-width>
      <line-width type="staff">0.7682</line-width>
      <line-width type="light barline">0.7682</line-width>
      <line-width type="heavy barline">5</line-width>
      <line-width type="leger">0.7682</line-width>
      <line-width type="ending">0.7682</line-width>
      <line-width type="wedge">0.7682</line-width>
      <line-width type="enclosure">0.7682</line-width>
      <line-width type="tuplet bracket">0.7682</line-width>
      <note-size type="grace">50</note-size>
      <note-size type="cue">50</note-size>
      <distance type="hyphen">60</distance>
      <distance type="beam">7.5</distance>
    </appearance>
    <music-font font-family="Finale Maestro,engraved" font-size="24"/>
    <word-font font-family="Times New Roman" font-size="12"/>
    <lyric-font font-family="Times New Roman" font-size="12"/>
  </defaults>
  <credit page="1">
    <credit-words default-x="292" default-y="1171" valign="top">[Помірно]</credit-words>
  </credit>
  <credit page="1">
    <credit-words default-x="335" default-y="1209" font-size="19" valign="top">589. Тече річка невеличка (07-БК-12)</credit-words>
  </credit>
  <credit page="1">
    <credit-words default-x="125" default-y="705" font-size="17" valign="top" xml:space="preserve">1. Тече річка невеличка, 
Вітер хвилю носить; 
Молоденький новобранчик 
Полковничка просить:*
2. – Ой паночку-полковничку, 
Відпусти додому!
Заплакала, затужила 
Чорнява за мною. 
3. – Нехай тежить, нехай тужить, 
Нехай перетужить,
Молоденький новобранчик 
Хоч року дослужить. 
4. – Пив я воду, пив холодну, 
Водиця не п’ється:</credit-words>
  </credit>
  <credit page="1">
    <credit-words default-x="120" default-y="228" valign="top" xml:space="preserve">Зап. 1924 р. Кудрицька А. М. у с. Овечаче Вінницької окр. на Поділлі (нині с. Дружне Калинів-
ського р-ну Вінницької обл.) від Марії Юкиш і Ганни Гловач. – ІМФЕ, ф. 6-4, од. зб. 110, арк. 91 
(текст), арк. 160 (мел.).</credit-words>
  </credit>
  <credit page="1">
    <credit-words default-x="118" default-y="136" valign="top">* Другу половину кожної строфи співають двічі (Л. Є.)</credit-words>
  </credit>
  <credit page="1">
    <credit-words default-x="580" default-y="705" font-size="17" valign="top" xml:space="preserve">Чорнявая дівчинонька 
У сні видається. 
5. Дайте коню вівса й сіна, 
Напійте водою,
Як будете тіло нести, 
Ведіть кінь за мною.
6. Тіло несуть, коня ведуть, 
Кінь головку клонить,
Стоїть дівка на порозі, 
Білі ручки ломить. 
7. Ломить ручки, ломить білі, 
Мизинного пальця:
– Я світ зійду, а не знайду 
Кращого красавця! </credit-words>
  </credit>
  <credit page="1">
    <credit-words default-x="526" default-y="45" valign="top">363</credit-words>
  </credit>
  <part-list>
    <score-part id="P1">
      <part-name print-object="no">MusicXML Part</part-name>
      <group>score</group>
      <score-instrument id="P1-I1">
        <instrument-name>Èíñòðóìåíò 1</instrument-name>
      </score-instrument>
      <midi-instrument id="P1-I1">
        <midi-channel>1</midi-channel>
        <midi-program>1</midi-program>
        <volume>80</volume>
        <pan>0</pan>
      </midi-instrument>
    </score-part>
  </part-list>
  <!--=========================================================-->
  <part id="P1">
    <measure number="1" width="277">
      <print>
        <page-layout>
          <page-height>1320</page-height>
          <page-width>1020</page-width>
          <page-margins>
            <left-margin>119</left-margin>
            <right-margin>60</right-margin>
            <top-margin>60</top-margin>
            <bottom-margin>60</bottom-margin>
          </page-margins>
        </page-layout>
        <system-layout>
          <system-margins>
            <left-margin>59</left-margin>
            <right-margin>6</right-margin>
          </system-margins>
          <top-system-distance>121</top-system-distance>
        </system-layout>
        <measure-numbering>none</measure-numbering>
      </print>
      <attributes>
        <divisions>2</divisions>
        <key>
          <fifths>-1</fifths>
          <mode>major</mode>
        </key>
        <time symbol="common">
          <beats>4</beats>
          <beat-type>4</beat-type>
        </time>
        <clef>
          <sign>G</sign>
          <line>2</line>
        </clef>
      </attributes>
      <sound tempo="96">
        <swing>
          <straight/>
        </swing>
      </sound>
      <note default-x="107">
        <pitch>
          <step>D</step>
          <octave>4</octave>
        </pitch>
        <duration>1</duration>
        <voice>1</voice>
        <type>eighth</type>
        <stem default-y="-10">up</stem>
        <lyric default-y="-70" number="1">
          <syllabic>single</syllabic>
          <text>1.</text>
          <elision> </elision>
          <syllabic>begin</syllabic>
          <text>Те</text>
        </lyric>
      </note>
      <note default-x="147">
        <pitch>
          <step>F</step>
          <octave>4</octave>
        </pitch>
        <duration>1</duration>
        <voice>1</voice>
        <type>eighth</type>
        <stem default-y="0">up</stem>
        <lyric default-y="-70" number="1">
          <syllabic>end</syllabic>
          <text>че</text>
        </lyric>
      </note>
      <note default-x="175">
        <pitch>
          <step>A</step>
          <octave>4</octave>
        </pitch>
        <duration>1</duration>
        <voice>1</voice>
        <type>eighth</type>
        <stem default-y="10">up</stem>
        <beam number="1">begin</beam>
        <notations>
          <slur bezier-x="4" bezier-y="-10" default-x="6" default-y="-35" number="1" placement="below" type="start"/>
        </notations>
        <lyric default-y="-70" number="1" relative-x="6">
          <syllabic>begin</syllabic>
          <text>річ</text>
        </lyric>
      </note>
      <note default-x="197">
        <pitch>
          <step>G</step>
          <octave>4</octave>
        </pitch>
        <duration>1</duration>
        <voice>1</voice>
        <type>eighth</type>
        <stem default-y="5">up</stem>
        <beam number="1">end</beam>
        <notations>
          <slur bezier-x="-9" bezier-y="-5" default-x="6" default-y="-43" number="1" type="stop"/>
        </notations>
      </note>
      <note default-x="219">
        <pitch>
          <step>F</step>
          <octave>4</octave>
        </pitch>
        <duration>4</duration>
        <voice>1</voice>
        <type>half</type>
        <stem default-y="0">up</stem>
        <lyric default-y="-70" number="1">
          <syllabic>end</syllabic>
          <text>ка</text>
        </lyric>
      </note>
    </measure>
    <!--=======================================================-->
    <measure number="2" width="184">
      <note default-x="13">
        <pitch>
          <step>D</step>
          <octave>4</octave>
        </pitch>
        <duration>1</duration>
        <voice>1</voice>
        <type>eighth</type>
        <stem default-y="-10">up</stem>
        <lyric default-y="-70" number="1">
          <syllabic>begin</syllabic>
          <text>не</text>
        </lyric>
      </note>
      <note default-x="44">
        <pitch>
          <step>F</step>
          <octave>4</octave>
        </pitch>
        <duration>1</duration>
        <voice>1</voice>
        <type>eighth</type>
        <stem default-y="0">up</stem>
        <lyric default-y="-70" number="1">
          <syllabic>middle</syllabic>
          <text>ве</text>
        </lyric>
      </note>
      <note default-x="78">
        <pitch>
          <step>A</step>
          <octave>4</octave>
        </pitch>
        <duration>1</duration>
        <voice>1</voice>
        <type>eighth</type>
        <stem default-y="10">up</stem>
        <beam number="1">begin</beam>
        <notations>
          <slur bezier-x="4" bezier-y="-10" default-x="6" default-y="-35" number="1" placement="below" type="start"/>
        </notations>
        <lyric default-y="-70" number="1" relative-x="4">
          <syllabic>middle</syllabic>
          <text>лич</text>
        </lyric>
      </note>
      <note default-x="100">
        <pitch>
          <step>G</step>
          <octave>4</octave>
        </pitch>
        <duration>1</duration>
        <voice>1</voice>
        <type>eighth</type>
        <stem default-y="5">up</stem>
        <beam number="1">end</beam>
        <notations>
          <slur bezier-x="-9" bezier-y="-5" default-x="6" default-y="-43" number="1" type="stop"/>
        </notations>
      </note>
      <note default-x="126">
        <pitch>
          <step>F</step>
          <octave>4</octave>
        </pitch>
        <duration>4</duration>
        <voice>1</voice>
        <type>half</type>
        <stem default-y="0">up</stem>
        <lyric default-y="-70" number="1">
          <syllabic>end</syllabic>
          <text>ка,/</text>
        </lyric>
      </note>
    </measure>
    <!--=======================================================-->
    <measure number="3" width="198">
      <attributes>
        <time>
          <beats>3</beats>
          <beat-type>4</beat-type>
        </time>
      </attributes>
      <note default-x="46">
        <pitch>
          <step>A</step>
          <octave>4</octave>
        </pitch>
        <duration>1</duration>
        <voice>1</voice>
        <type>eighth</type>
        <stem default-y="10">up</stem>
        <lyric default-y="-70" number="1">
          <syllabic>begin</syllabic>
          <text>ві</text>
        </lyric>
      </note>
      <note default-x="82">
        <pitch>
          <step>G</step>
          <octave>4</octave>
        </pitch>
        <duration>1</duration>
        <voice>1</voice>
        <type>eighth</type>
        <stem default-y="5">up</stem>
        <lyric default-y="-70" number="1">
          <syllabic>end</syllabic>
          <text>тер</text>
        </lyric>
      </note>
      <note default-x="120">
        <pitch>
          <step>F</step>
          <octave>4</octave>
        </pitch>
        <duration>3</duration>
        <voice>1</voice>
        <type>quarter</type>
        <dot/>
        <stem default-y="0">up</stem>
        <lyric default-y="-70" number="1">
          <syllabic>begin</syllabic>
          <text>хви</text>
        </lyric>
      </note>
      <note default-x="168">
        <pitch>
          <step>E</step>
          <octave>4</octave>
        </pitch>
        <duration>1</duration>
        <voice>1</voice>
        <type>eighth</type>
        <stem default-y="-5">up</stem>
        <lyric default-y="-70" number="1">
          <syllabic>end</syllabic>
          <text>лю</text>
        </lyric>
      </note>
    </measure>
    <!--=======================================================-->
    <measure number="4" width="116">
      <note default-x="13">
        <pitch>
          <step>D</step>
          <octave>4</octave>
        </pitch>
        <duration>2</duration>
        <voice>1</voice>
        <type>quarter</type>
        <stem default-y="-10">up</stem>
        <lyric default-y="-70" number="1">
          <syllabic>begin</syllabic>
          <text>но</text>
        </lyric>
      </note>
      <note default-x="58">
        <pitch>
          <step>C</step>
          <octave>4</octave>
        </pitch>
        <duration>4</duration>
        <voice>1</voice>
        <type>half</type>
        <stem default-y="-15">up</stem>
        <lyric default-y="-70" number="1">
          <syllabic>end</syllabic>
          <text>сить;/</text>
        </lyric>
      </note>
    </measure>
    <!--=======================================================-->
    <measure number="5" width="265">
      <print new-system="yes">
        <system-layout>
          <system-margins>
            <left-margin>0</left-margin>
            <right-margin>0</right-margin>
          </system-margins>
          <system-distance>91</system-distance>
        </system-layout>
      </print>
      <note default-x="75">
        <pitch>
          <step>A</step>
          <octave>4</octave>
        </pitch>
        <duration>1</duration>
        <voice>1</voice>
        <type>eighth</type>
        <stem default-y="10">up</stem>
        <lyric default-y="-75" number="1" relative-x="-7">
          <syllabic>begin</syllabic>
          <text>мо</text>
        </lyric>
      </note>
      <note default-x="115">
        <pitch>
          <step>A</step>
          <octave>4</octave>
        </pitch>
        <duration>1</duration>
        <voice>1</voice>
        <type>eighth</type>
        <stem default-y="10">up</stem>
        <lyric default-y="-75" number="1" relative-x="-7">
          <syllabic>middle</syllabic>
          <text>ло</text>
        </lyric>
      </note>
      <note default-x="153">
        <pitch>
          <step>A</step>
          <octave>4</octave>
        </pitch>
        <duration>2</duration>
        <voice>1</voice>
        <type>quarter</type>
        <stem default-y="10">up</stem>
        <lyric default-y="-75" number="1" relative-x="-5">
          <syllabic>middle</syllabic>
          <text>де</text>
        </lyric>
      </note>
      <note default-x="206">
        <pitch>
          <step>A</step>
          <octave>4</octave>
        </pitch>
        <duration>2</duration>
        <voice>1</voice>
        <type>quarter</type>
        <stem default-y="10">up</stem>
        <lyric default-y="-75" number="1" relative-x="9">
          <syllabic>end</syllabic>
          <text>нький</text>
        </lyric>
      </note>
      <backup>
        <duration>6</duration>
      </backup>
      <note default-x="75">
        <pitch>
          <step>F</step>
          <octave>4</octave>
        </pitch>
        <duration>1</duration>
        <voice>2</voice>
        <type>eighth</type>
        <stem default-y="-70">down</stem>
      </note>
      <note default-x="115">
        <pitch>
          <step>F</step>
          <octave>4</octave>
        </pitch>
        <duration>1</duration>
        <voice>2</voice>
        <type>eighth</type>
        <stem default-y="-70">down</stem>
      </note>
      <note default-x="153">
        <pitch>
          <step>F</step>
          <octave>4</octave>
        </pitch>
        <duration>2</duration>
        <voice>2</voice>
        <type>quarter</type>
        <stem default-y="-63">down</stem>
      </note>
      <note default-x="206">
        <pitch>
          <step>F</step>
          <octave>4</octave>
        </pitch>
        <duration>2</duration>
        <voice>2</voice>
        <type>quarter</type>
        <stem default-y="-63">down</stem>
      </note>
    </measure>
    <!--=======================================================-->
    <measure number="6" width="197">
      <note default-x="13">
        <pitch>
          <step>G</step>
          <octave>4</octave>
        </pitch>
        <duration>1</duration>
        <voice>1</voice>
        <type>eighth</type>
        <stem default-y="5">up</stem>
        <lyric default-y="-75" number="1" relative-x="-5">
          <syllabic>begin</syllabic>
          <text>но</text>
        </lyric>
      </note>
      <note default-x="48">
        <pitch>
          <step>A</step>
          <octave>4</octave>
        </pitch>
        <duration>1</duration>
        <voice>1</voice>
        <type>eighth</type>
        <stem default-y="10">up</stem>
        <lyric default-y="-75" number="1">
          <syllabic>middle</syllabic>
          <text>во</text>
        </lyric>
      </note>
      <note default-x="83">
        <pitch>
          <step>B</step>
          <alter>-1</alter>
          <octave>4</octave>
        </pitch>
        <duration>2</duration>
        <voice>1</voice>
        <type>quarter</type>
        <stem default-y="15">up</stem>
        <lyric default-y="-75" number="1">
          <syllabic>middle</syllabic>
          <text>бра</text>
        </lyric>
      </note>
      <note default-x="140">
        <pitch>
          <step>B</step>
          <alter>-1</alter>
          <octave>4</octave>
        </pitch>
        <duration>2</duration>
        <voice>1</voice>
        <type>quarter</type>
        <stem default-y="15">up</stem>
        <lyric default-y="-75" number="1" relative-x="11">
          <syllabic>end</syllabic>
          <text>нчик/</text>
        </lyric>
      </note>
      <backup>
        <duration>6</duration>
      </backup>
      <note default-x="13">
        <pitch>
          <step>E</step>
          <octave>4</octave>
        </pitch>
        <duration>1</duration>
        <voice>2</voice>
        <type>eighth</type>
        <stem default-y="-75">down</stem>
      </note>
      <note default-x="48">
        <pitch>
          <step>F</step>
          <octave>4</octave>
        </pitch>
        <duration>1</duration>
        <voice>2</voice>
        <type>eighth</type>
        <stem default-y="-70">down</stem>
      </note>
      <note default-x="83">
        <pitch>
          <step>G</step>
          <octave>4</octave>
        </pitch>
        <duration>2</duration>
        <voice>2</voice>
        <type>quarter</type>
        <stem default-y="-58">down</stem>
      </note>
      <note default-x="140">
        <pitch>
          <step>G</step>
          <octave>4</octave>
        </pitch>
        <duration>2</duration>
        <voice>2</voice>
        <type>quarter</type>
        <stem default-y="-58">down</stem>
      </note>
    </measure>
    <!--=======================================================-->
    <measure number="7" width="378">
      <attributes>
        <time>
          <beats>5</beats>
          <beat-type>4</beat-type>
        </time>
      </attributes>
      <note default-x="46">
        <pitch>
          <step>C</step>
          <octave>5</octave>
        </pitch>
        <duration>1</duration>
        <voice>1</voice>
        <type>eighth</type>
        <stem default-y="20">up</stem>
        <lyric default-y="-75" number="1" relative-x="-10">
          <syllabic>begin</syllabic>
          <text>по</text>
        </lyric>
      </note>
      <note default-x="92">
        <pitch>
          <step>B</step>
          <alter>-1</alter>
          <octave>4</octave>
        </pitch>
        <duration>1</duration>
        <voice>1</voice>
        <type>eighth</type>
        <stem default-y="15">up</stem>
        <lyric default-y="-75" number="1" relative-x="-9">
          <syllabic>middle</syllabic>
          <text>лко</text>
        </lyric>
      </note>
      <note default-x="136">
        <pitch>
          <step>A</step>
          <octave>4</octave>
        </pitch>
        <duration>2</duration>
        <voice>1</voice>
        <type>quarter</type>
        <stem default-y="10">up</stem>
        <lyric default-y="-75" number="1" relative-x="-6">
          <syllabic>middle</syllabic>
          <text>вни</text>
        </lyric>
      </note>
      <note default-x="184">
        <pitch>
          <step>G</step>
          <octave>4</octave>
        </pitch>
        <duration>2</duration>
        <voice>1</voice>
        <type>quarter</type>
        <stem default-y="5">up</stem>
        <lyric default-y="-75" number="1">
          <syllabic>end</syllabic>
          <text>чка</text>
        </lyric>
      </note>
      <note default-x="235">
        <pitch>
          <step>D</step>
          <octave>5</octave>
        </pitch>
        <duration>3</duration>
        <voice>1</voice>
        <type>quarter</type>
        <dot/>
        <stem default-y="18.5">up</stem>
        <lyric default-y="-75" number="1">
          <syllabic>begin</syllabic>
          <text>про</text>
        </lyric>
      </note>
      <note default-x="299">
        <pitch>
          <step>C</step>
          <octave>5</octave>
        </pitch>
        <duration>1</duration>
        <voice>1</voice>
        <type>eighth</type>
        <stem default-y="20">up</stem>
        <lyric default-y="-75" number="1" relative-x="8">
          <syllabic>end</syllabic>
          <text>сить.</text>
        </lyric>
      </note>
      <backup>
        <duration>10</duration>
      </backup>
      <note default-x="46">
        <pitch>
          <step>A</step>
          <octave>4</octave>
        </pitch>
        <duration>1</duration>
        <voice>2</voice>
        <type>eighth</type>
        <stem default-y="-60">down</stem>
      </note>
      <note default-x="92">
        <pitch>
          <step>G</step>
          <octave>4</octave>
        </pitch>
        <duration>1</duration>
        <voice>2</voice>
        <type>eighth</type>
        <stem default-y="-65">down</stem>
      </note>
      <note default-x="136">
        <pitch>
          <step>F</step>
          <octave>4</octave>
        </pitch>
        <duration>2</duration>
        <voice>2</voice>
        <type>quarter</type>
        <stem default-y="-63">down</stem>
      </note>
      <note default-x="184">
        <pitch>
          <step>E</step>
          <octave>4</octave>
        </pitch>
        <duration>2</duration>
        <voice>2</voice>
        <type>quarter</type>
        <stem default-y="-68">down</stem>
      </note>
      <note default-x="235">
        <pitch>
          <step>D</step>
          <octave>4</octave>
        </pitch>
        <duration>3</duration>
        <voice>2</voice>
        <type>quarter</type>
        <dot/>
        <stem default-y="-73">down</stem>
      </note>
      <note default-x="299">
        <pitch>
          <step>C</step>
          <octave>4</octave>
        </pitch>
        <duration>1</duration>
        <voice>2</voice>
        <type>eighth</type>
        <stem default-y="-85">down</stem>
      </note>
    </measure>
    <!--=======================================================-->
    <measure number="8" width="291">
      <print new-system="yes"/>
      <attributes>
        <time>
          <beats>3</beats>
          <beat-type>4</beat-type>
        </time>
      </attributes>
      <note default-x="108">
        <pitch>
          <step>A</step>
          <octave>4</octave>
        </pitch>
        <duration>1</duration>
        <voice>1</voice>
        <type>eighth</type>
        <stem default-y="10">up</stem>
        <lyric default-y="-75" number="1" relative-x="-7">
          <syllabic>begin</syllabic>
          <text>мо</text>
        </lyric>
      </note>
      <note default-x="147">
        <pitch>
          <step>A</step>
          <octave>4</octave>
        </pitch>
        <duration>1</duration>
        <voice>1</voice>
        <type>eighth</type>
        <stem default-y="10">up</stem>
        <lyric default-y="-75" number="1" relative-x="-7">
          <syllabic>middle</syllabic>
          <text>ло</text>
        </lyric>
      </note>
      <note default-x="185">
        <pitch>
          <step>A</step>
          <octave>4</octave>
        </pitch>
        <duration>2</duration>
        <voice>1</voice>
        <type>quarter</type>
        <stem default-y="10">up</stem>
        <lyric default-y="-75" number="1" relative-x="-5">
          <syllabic>middle</syllabic>
          <text>де</text>
        </lyric>
      </note>
      <note default-x="233">
        <pitch>
          <step>A</step>
          <octave>4</octave>
        </pitch>
        <duration>2</duration>
        <voice>1</voice>
        <type>quarter</type>
        <stem default-y="10">up</stem>
        <lyric default-y="-75" number="1" relative-x="9">
          <syllabic>end</syllabic>
          <text>нький</text>
        </lyric>
      </note>
      <backup>
        <duration>6</duration>
      </backup>
      <note default-x="108">
        <pitch>
          <step>F</step>
          <octave>4</octave>
        </pitch>
        <duration>1</duration>
        <voice>2</voice>
        <type>eighth</type>
        <stem default-y="-70">down</stem>
      </note>
      <note default-x="147">
        <pitch>
          <step>F</step>
          <octave>4</octave>
        </pitch>
        <duration>1</duration>
        <voice>2</voice>
        <type>eighth</type>
        <stem default-y="-70">down</stem>
      </note>
      <note default-x="185">
        <pitch>
          <step>F</step>
          <octave>4</octave>
        </pitch>
        <duration>2</duration>
        <voice>2</voice>
        <type>quarter</type>
        <stem default-y="-63">down</stem>
      </note>
      <note default-x="233">
        <pitch>
          <step>F</step>
          <octave>4</octave>
        </pitch>
        <duration>2</duration>
        <voice>2</voice>
        <type>quarter</type>
        <stem default-y="-63">down</stem>
      </note>
    </measure>
    <!--=======================================================-->
    <measure number="9" width="191">
      <note default-x="13">
        <pitch>
          <step>G</step>
          <octave>4</octave>
        </pitch>
        <duration>1</duration>
        <voice>1</voice>
        <type>eighth</type>
        <stem default-y="5">up</stem>
        <lyric default-y="-75" number="1" relative-x="-5">
          <syllabic>begin</syllabic>
          <text>но</text>
        </lyric>
      </note>
      <note default-x="47">
        <pitch>
          <step>A</step>
          <octave>4</octave>
        </pitch>
        <duration>1</duration>
        <voice>1</voice>
        <type>eighth</type>
        <stem default-y="10">up</stem>
        <lyric default-y="-75" number="1">
          <syllabic>middle</syllabic>
          <text>во</text>
        </lyric>
      </note>
      <note default-x="81">
        <pitch>
          <step>B</step>
          <alter>-1</alter>
          <octave>4</octave>
        </pitch>
        <duration>2</duration>
        <voice>1</voice>
        <type>quarter</type>
        <stem default-y="15">up</stem>
        <lyric default-y="-75" number="1">
          <syllabic>middle</syllabic>
          <text>бра</text>
        </lyric>
      </note>
      <note default-x="135">
        <pitch>
          <step>B</step>
          <alter>-1</alter>
          <octave>4</octave>
        </pitch>
        <duration>2</duration>
        <voice>1</voice>
        <type>quarter</type>
        <stem default-y="15">up</stem>
        <lyric default-y="-75" number="1" relative-x="11">
          <syllabic>end</syllabic>
          <text>нчик/</text>
        </lyric>
      </note>
      <backup>
        <duration>6</duration>
      </backup>
      <note default-x="13">
        <pitch>
          <step>E</step>
          <octave>4</octave>
        </pitch>
        <duration>1</duration>
        <voice>2</voice>
        <type>eighth</type>
        <stem default-y="-75">down</stem>
      </note>
      <note default-x="47">
        <pitch>
          <step>F</step>
          <octave>4</octave>
        </pitch>
        <duration>1</duration>
        <voice>2</voice>
        <type>eighth</type>
        <stem default-y="-70">down</stem>
      </note>
      <note default-x="81">
        <pitch>
          <step>G</step>
          <octave>4</octave>
        </pitch>
        <duration>2</duration>
        <voice>2</voice>
        <type>quarter</type>
        <stem default-y="-58">down</stem>
      </note>
      <note default-x="135">
        <pitch>
          <step>G</step>
          <octave>4</octave>
        </pitch>
        <duration>2</duration>
        <voice>2</voice>
        <type>quarter</type>
        <stem default-y="-58">down</stem>
      </note>
    </measure>
    <!--=======================================================-->
    <measure number="10" width="353">
      <attributes>
        <time>
          <beats>5</beats>
          <beat-type>4</beat-type>
        </time>
      </attributes>
      <note default-x="46">
        <pitch>
          <step>C</step>
          <octave>5</octave>
        </pitch>
        <duration>1</duration>
        <voice>1</voice>
        <type>eighth</type>
        <stem default-y="20">up</stem>
        <lyric default-y="-75" number="1" relative-x="-4">
          <syllabic>begin</syllabic>
          <text>по</text>
        </lyric>
      </note>
      <note default-x="97">
        <pitch>
          <step>B</step>
          <alter>-1</alter>
          <octave>4</octave>
        </pitch>
        <duration>1</duration>
        <voice>1</voice>
        <type>eighth</type>
        <stem default-y="15">up</stem>
        <lyric default-y="-75" number="1" relative-x="-15">
          <syllabic>middle</syllabic>
          <text>лко</text>
        </lyric>
      </note>
      <note default-x="142">
        <pitch>
          <step>A</step>
          <octave>4</octave>
        </pitch>
        <duration>2</duration>
        <voice>1</voice>
        <type>quarter</type>
        <stem default-y="10">up</stem>
        <lyric default-y="-75" number="1" relative-x="-6">
          <syllabic>middle</syllabic>
          <text>вни</text>
        </lyric>
      </note>
      <note default-x="187">
        <pitch>
          <step>G</step>
          <octave>4</octave>
        </pitch>
        <duration>2</duration>
        <voice>1</voice>
        <type>quarter</type>
        <stem default-y="5">up</stem>
        <lyric default-y="-75" number="1">
          <syllabic>end</syllabic>
          <text>чка</text>
        </lyric>
      </note>
      <note default-x="232">
        <pitch>
          <step>D</step>
          <octave>5</octave>
        </pitch>
        <duration>3</duration>
        <voice>1</voice>
        <type>quarter</type>
        <dot/>
        <stem default-y="18.5">up</stem>
        <lyric default-y="-75" number="1" relative-x="4">
          <syllabic>begin</syllabic>
          <text>про</text>
        </lyric>
      </note>
      <note default-x="291">
        <pitch>
          <step>D</step>
          <octave>5</octave>
        </pitch>
        <duration>1</duration>
        <voice>1</voice>
        <type>eighth</type>
        <stem default-y="25">up</stem>
        <lyric default-y="-75" number="1" relative-x="13">
          <syllabic>end</syllabic>
          <text>сить.</text>
        </lyric>
      </note>
      <backup>
        <duration>10</duration>
      </backup>
      <note default-x="46">
        <pitch>
          <step>A</step>
          <octave>4</octave>
        </pitch>
        <duration>1</duration>
        <voice>2</voice>
        <type>eighth</type>
        <stem default-y="-60">down</stem>
      </note>
      <note default-x="97">
        <pitch>
          <step>G</step>
          <octave>4</octave>
        </pitch>
        <duration>1</duration>
        <voice>2</voice>
        <type>eighth</type>
        <stem default-y="-65">down</stem>
      </note>
      <note default-x="142">
        <pitch>
          <step>F</step>
          <octave>4</octave>
        </pitch>
        <duration>2</duration>
        <voice>2</voice>
        <type>quarter</type>
        <stem default-y="-63">down</stem>
      </note>
      <note default-x="187">
        <pitch>
          <step>E</step>
          <octave>4</octave>
        </pitch>
        <duration>2</duration>
        <voice>2</voice>
        <type>quarter</type>
        <stem default-y="-68">down</stem>
      </note>
      <note default-x="232">
        <pitch>
          <step>D</step>
          <octave>4</octave>
        </pitch>
        <duration>3</duration>
        <voice>2</voice>
        <type>quarter</type>
        <dot/>
        <stem default-y="-73">down</stem>
      </note>
      <note default-x="291">
        <pitch>
          <step>D</step>
          <octave>4</octave>
        </pitch>
        <duration>1</duration>
        <voice>2</voice>
        <type>eighth</type>
        <stem default-y="-80">down</stem>
      </note>
      <barline location="right">
        <bar-style>light-heavy</bar-style>
      </barline>
    </measure>
  </part>
  <!--=========================================================-->
</score-partwise>
