<?xml version="1.0" encoding="UTF-8" standalone="no"?>
<!DOCTYPE score-partwise PUBLIC "-//Recordare//DTD MusicXML 4.0 Partwise//EN" "http://www.musicxml.org/dtds/partwise.dtd">
<score-partwise version="4.0">
  <identification>
    <encoding>
      <software>Finale v27.3 for Windows</software>
      <encoding-date>2024-10-02</encoding-date>
      <supports attribute="new-system" element="print" type="yes" value="yes"/>
      <supports attribute="new-page" element="print" type="yes" value="yes"/>
      <supports element="accidental" type="yes"/>
      <supports element="beam" type="yes"/>
      <supports element="stem" type="yes"/>
    </encoding>
  </identification>
  <defaults>
    <scaling>
      <millimeters>8.4667</millimeters>
      <tenths>40</tenths>
    </scaling>
    <page-layout>
      <page-height>1320</page-height>
      <page-width>1020</page-width>
      <page-margins type="both">
        <left-margin>60</left-margin>
        <right-margin>60</right-margin>
        <top-margin>60</top-margin>
        <bottom-margin>60</bottom-margin>
      </page-margins>
    </page-layout>
    <system-layout>
      <system-margins>
        <left-margin>0</left-margin>
        <right-margin>0</right-margin>
      </system-margins>
      <system-distance>110</system-distance>
      <top-system-distance>67</top-system-distance>
    </system-layout>
    <appearance>
      <line-width type="stem">0.7682</line-width>
      <line-width type="beam">5</line-width>
      <line-width type="staff">0.7682</line-width>
      <line-width type="light barline">0.7682</line-width>
      <line-width type="heavy barline">5</line-width>
      <line-width type="leger">0.7682</line-width>
      <line-width type="ending">0.7682</line-width>
      <line-width type="wedge">0.7682</line-width>
      <line-width type="enclosure">0.7682</line-width>
      <line-width type="tuplet bracket">0.7682</line-width>
      <note-size type="grace">50</note-size>
      <note-size type="cue">50</note-size>
      <distance type="hyphen">60</distance>
      <distance type="beam">7.5</distance>
    </appearance>
    <music-font font-family="Finale Maestro,engraved" font-size="24"/>
    <word-font font-family="Times New Roman" font-size="12"/>
    <lyric-font font-family="Times New Roman" font-size="12"/>
  </defaults>
  <credit page="1">
    <credit-words default-x="339" default-y="1293" font-size="19" valign="top">617. Чи ти мене, моя мати (11-БР-04)</credit-words>
  </credit>
  <credit page="1">
    <credit-words default-x="329" default-y="1254" valign="top">70 Помірно</credit-words>
  </credit>
  <credit page="1">
    <credit-words default-x="250" default-y="1228" valign="top">Одна</credit-words>
  </credit>
  <credit page="1">
    <credit-words default-x="105" default-y="874" font-size="17" valign="top" xml:space="preserve">1. Чи ти мене, моя мати,
Та й не годувала,
Шо ти мене за такого
Недоростка дала?*
2. – Запрагайте, недоростку,
Коня вороного
Та й поїдем до гостонькі
До батенька мого.
3. Приїжжає молодая
В зелену дубину:
– Злізай, злізай, недоростку,
Тут тебе поки(і)ну.
4. Гостювала дорогая
Чотири неділі:
– Либонь мого недоростка
Комарі заїли.
5. Приїжжає молодая
В зелену дубину:
– Вилазь, вилазь, недоростку,
Бо знов тя поки(і)ну.</credit-words>
  </credit>
  <credit page="1">
    <credit-words default-x="524" default-y="46" valign="top">381</credit-words>
  </credit>
  <credit page="1">
    <credit-words default-x="510" default-y="875" font-size="17" valign="top" xml:space="preserve">6. Приїзжає молодая
Під нові ворота:
– Вийди, отець, ви(і)йди, мати,
Відчиняй ворота.
7. Ой виходи отець-мати,
Ворота відчиняє,
Вона свого вже синочка
За гостя приймає.
8. – Чим же ж тебе, мій синочку,
Теща годувала,
Що на тебе, мій синочку,
Сира земля впала?
9. – Годувала мене теща
В лісі комарами,
Напувала мене теща
Дрібними сльозами.</credit-words>
  </credit>
  <credit page="1">
    <credit-words default-x="105" default-y="195" valign="top" xml:space="preserve">Зап. Гарбулінська Т. Є. у с. Вознівці Жмеринського р-ну Вінницької обл. від жіночого гурту. З фон-
дів Вінницького ОЦНТ. Розшифр. Єфремова Л. О., № 2 (80).</credit-words>
  </credit>
  <part-list>
    <score-part id="P1">
      <part-name print-object="no">MusicXML Part</part-name>
      <group>score</group>
      <score-instrument id="P1-I1">
        <instrument-name>Èíñòðóìåíò 1</instrument-name>
      </score-instrument>
      <midi-instrument id="P1-I1">
        <midi-channel>1</midi-channel>
        <midi-program>1</midi-program>
        <volume>80</volume>
        <pan>0</pan>
      </midi-instrument>
    </score-part>
  </part-list>
  <!--=========================================================-->
  <part id="P1">
    <measure number="1" width="446">
      <print>
        <page-layout>
          <page-height>1320</page-height>
          <page-width>1020</page-width>
          <page-margins>
            <left-margin>119</left-margin>
            <right-margin>60</right-margin>
            <top-margin>60</top-margin>
            <bottom-margin>60</bottom-margin>
          </page-margins>
        </page-layout>
        <system-layout>
          <system-margins>
            <left-margin>62</left-margin>
            <right-margin>0</right-margin>
          </system-margins>
          <top-system-distance>58</top-system-distance>
        </system-layout>
        <measure-numbering>none</measure-numbering>
      </print>
      <attributes>
        <divisions>4</divisions>
        <key>
          <fifths>2</fifths>
          <mode>major</mode>
        </key>
        <time symbol="common">
          <beats>4</beats>
          <beat-type>4</beat-type>
        </time>
        <clef>
          <sign>G</sign>
          <line>2</line>
        </clef>
      </attributes>
      <sound tempo="96">
        <swing>
          <straight/>
        </swing>
      </sound>
      <direction placement="above">
        <direction-type>
          <words default-y="31" relative-x="-135">quarter note equals</words>
        </direction-type>
      </direction>
      <note default-x="120">
        <rest/>
        <duration>2</duration>
        <voice>1</voice>
        <type>eighth</type>
        <lyric default-y="-80" number="2" relative-x="-10">
          <syllabic>single</syllabic>
          <text>1.</text>
        </lyric>
      </note>
      <note default-x="151">
        <pitch>
          <step>B</step>
          <octave>3</octave>
        </pitch>
        <duration>1</duration>
        <voice>1</voice>
        <type>16th</type>
        <stem default-y="-20">up</stem>
        <lyric default-y="-79" number="2">
          <syllabic>single</syllabic>
          <text>Чи</text>
        </lyric>
      </note>
      <note default-x="184">
        <pitch>
          <step>E</step>
          <octave>4</octave>
        </pitch>
        <duration>1</duration>
        <voice>1</voice>
        <type>16th</type>
        <stem default-y="-5">up</stem>
        <lyric default-y="-79" number="2">
          <syllabic>single</syllabic>
          <text>ти</text>
        </lyric>
      </note>
      <note default-x="218">
        <pitch>
          <step>D</step>
          <octave>4</octave>
        </pitch>
        <duration>1</duration>
        <voice>1</voice>
        <type>16th</type>
        <stem default-y="-10">up</stem>
        <lyric default-y="-79" number="2">
          <syllabic>begin</syllabic>
          <text>ме</text>
        </lyric>
      </note>
      <note default-x="251">
        <pitch>
          <step>C</step>
          <alter>1</alter>
          <octave>4</octave>
        </pitch>
        <duration>1</duration>
        <voice>1</voice>
        <type>16th</type>
        <stem default-y="-15">up</stem>
        <lyric default-y="-79" number="2">
          <syllabic>end</syllabic>
          <text>не,</text>
        </lyric>
      </note>
      <note default-x="287">
        <pitch>
          <step>B</step>
          <octave>3</octave>
        </pitch>
        <duration>1</duration>
        <voice>1</voice>
        <type>16th</type>
        <stem default-y="-20">up</stem>
        <lyric default-y="-79" number="2">
          <syllabic>begin</syllabic>
          <text>мо</text>
        </lyric>
      </note>
      <note default-x="319">
        <pitch>
          <step>C</step>
          <alter>1</alter>
          <octave>4</octave>
        </pitch>
        <duration>1</duration>
        <voice>1</voice>
        <type>16th</type>
        <stem default-y="-15">up</stem>
        <lyric default-y="-79" number="2">
          <syllabic>end</syllabic>
          <text>я</text>
        </lyric>
      </note>
      <note default-x="348">
        <pitch>
          <step>D</step>
          <octave>4</octave>
        </pitch>
        <duration>3</duration>
        <voice>1</voice>
        <type>eighth</type>
        <dot/>
        <stem default-y="-10">up</stem>
        <beam number="1">begin</beam>
        <notations>
          <slur bezier-x="6" bezier-y="-12" default-x="6" default-y="-55" number="1" placement="below" type="start"/>
        </notations>
        <lyric default-y="-79" number="2" relative-x="4">
          <syllabic>begin</syllabic>
          <text>ма</text>
        </lyric>
      </note>
      <note default-x="379">
        <pitch>
          <step>B</step>
          <octave>3</octave>
        </pitch>
        <duration>1</duration>
        <voice>1</voice>
        <type>16th</type>
        <stem default-y="-15">up</stem>
        <beam number="1">end</beam>
        <beam number="2">backward hook</beam>
        <notations>
          <slur bezier-x="-12" bezier-y="-6" default-x="6" default-y="-65" number="1" type="stop"/>
        </notations>
      </note>
      <note default-x="409">
        <pitch>
          <step>B</step>
          <octave>3</octave>
        </pitch>
        <duration>4</duration>
        <voice>1</voice>
        <type>quarter</type>
        <stem default-y="-20">up</stem>
        <notations>
          <articulations>
            <detached-legato default-x="0" default-y="-67" placement="below"/>
          </articulations>
        </notations>
        <lyric default-y="-79" number="2">
          <syllabic>end</syllabic>
          <text>ти,/</text>
        </lyric>
      </note>
    </measure>
    <!--=======================================================-->
    <measure number="2" width="333">
      <attributes>
        <time>
          <beats>5</beats>
          <beat-type>4</beat-type>
        </time>
      </attributes>
      <note default-x="46">
        <pitch>
          <step>E</step>
          <octave>4</octave>
        </pitch>
        <duration>2</duration>
        <voice>1</voice>
        <type>eighth</type>
        <stem default-y="-5">up</stem>
        <lyric default-y="-79" number="2">
          <syllabic>single</syllabic>
          <text>та</text>
          <elision> </elision>
          <syllabic>single</syllabic>
          <text>й</text>
        </lyric>
      </note>
      <note default-x="82">
        <pitch>
          <step>E</step>
          <octave>4</octave>
        </pitch>
        <duration>2</duration>
        <voice>1</voice>
        <type>eighth</type>
        <stem default-y="-5">up</stem>
        <lyric default-y="-79" number="2">
          <syllabic>single</syllabic>
          <text>не</text>
        </lyric>
      </note>
      <note default-x="113">
        <pitch>
          <step>D</step>
          <octave>4</octave>
        </pitch>
        <duration>2</duration>
        <voice>1</voice>
        <type>eighth</type>
        <stem default-y="-10">up</stem>
        <lyric default-y="-79" number="2">
          <syllabic>begin</syllabic>
          <text>го</text>
        </lyric>
      </note>
      <note default-x="145">
        <pitch>
          <step>E</step>
          <octave>4</octave>
        </pitch>
        <duration>2</duration>
        <voice>1</voice>
        <type>eighth</type>
        <stem default-y="-5">up</stem>
        <lyric default-y="-79" number="2">
          <syllabic>middle</syllabic>
          <text>ду</text>
        </lyric>
      </note>
      <note default-x="177">
        <pitch>
          <step>D</step>
          <octave>4</octave>
        </pitch>
        <duration>3</duration>
        <voice>1</voice>
        <type>eighth</type>
        <dot/>
        <stem default-y="-10">up</stem>
        <beam number="1">begin</beam>
        <notations>
          <slur bezier-x="6" bezier-y="-12" default-x="6" default-y="-55" number="1" placement="below" type="start"/>
        </notations>
        <lyric default-y="-79" number="2">
          <syllabic>middle</syllabic>
          <text>ва</text>
        </lyric>
      </note>
      <note default-x="207">
        <pitch>
          <step>B</step>
          <octave>3</octave>
        </pitch>
        <duration>1</duration>
        <voice>1</voice>
        <type>16th</type>
        <stem default-y="-15">up</stem>
        <beam number="1">end</beam>
        <beam number="2">backward hook</beam>
        <notations>
          <slur bezier-x="-12" bezier-y="-6" default-x="6" default-y="-65" number="1" type="stop"/>
        </notations>
      </note>
      <note default-x="230">
        <pitch>
          <step>B</step>
          <octave>3</octave>
        </pitch>
        <duration>6</duration>
        <voice>1</voice>
        <type>quarter</type>
        <dot/>
        <stem default-y="-20">up</stem>
        <lyric default-y="-79" number="2" relative-x="8">
          <syllabic>end</syllabic>
          <text>ла,/</text>
        </lyric>
      </note>
      <note default-x="277">
        <rest/>
        <duration>2</duration>
        <voice>1</voice>
        <type>eighth</type>
      </note>
    </measure>
    <!--=======================================================-->
    <measure number="3" width="446">
      <print new-system="yes">
        <system-layout>
          <system-distance>64</system-distance>
        </system-layout>
      </print>
      <attributes>
        <time>
          <beats>6</beats>
          <beat-type>4</beat-type>
        </time>
      </attributes>
      <note default-x="123">
        <pitch>
          <step>B</step>
          <octave>3</octave>
        </pitch>
        <duration>2</duration>
        <voice>1</voice>
        <type>eighth</type>
        <stem default-y="-20">up</stem>
        <lyric default-y="-94" number="2">
          <syllabic>single</syllabic>
          <text>шо</text>
        </lyric>
      </note>
      <direction placement="above">
        <direction-type>
          <words default-y="8" relative-x="-13">Усі</words>
        </direction-type>
      </direction>
      <note default-x="155">
        <pitch>
          <step>B</step>
          <octave>3</octave>
        </pitch>
        <duration>2</duration>
        <voice>1</voice>
        <type>eighth</type>
        <stem default-y="-20">up</stem>
        <lyric default-y="-94" number="2">
          <syllabic>single</syllabic>
          <text>ти</text>
        </lyric>
      </note>
      <note default-x="188">
        <pitch>
          <step>B</step>
          <octave>3</octave>
        </pitch>
        <duration>2</duration>
        <voice>1</voice>
        <type>eighth</type>
        <stem default-y="-20">up</stem>
        <lyric default-y="-94" number="2">
          <syllabic>begin</syllabic>
          <text>ме</text>
        </lyric>
      </note>
      <note default-x="220">
        <pitch>
          <step>C</step>
          <alter>1</alter>
          <octave>4</octave>
        </pitch>
        <duration>2</duration>
        <voice>1</voice>
        <type>eighth</type>
        <stem default-y="-15">up</stem>
        <lyric default-y="-94" number="2">
          <syllabic>end</syllabic>
          <text>не</text>
        </lyric>
      </note>
      <note default-x="252">
        <pitch>
          <step>F</step>
          <alter>1</alter>
          <octave>4</octave>
        </pitch>
        <duration>4</duration>
        <voice>1</voice>
        <type>quarter</type>
        <stem default-y="0">up</stem>
        <lyric default-y="-94" number="2">
          <syllabic>single</syllabic>
          <text>за</text>
        </lyric>
      </note>
      <note default-x="300">
        <pitch>
          <step>E</step>
          <octave>4</octave>
        </pitch>
        <duration>4</duration>
        <voice>1</voice>
        <type>quarter</type>
        <stem default-y="-5">up</stem>
        <lyric default-y="-94" number="2">
          <syllabic>begin</syllabic>
          <text>та</text>
        </lyric>
      </note>
      <note default-x="349">
        <pitch>
          <step>B</step>
          <octave>4</octave>
        </pitch>
        <duration>4</duration>
        <voice>1</voice>
        <type>quarter</type>
        <stem default-y="15">up</stem>
        <lyric default-y="-94" number="2">
          <syllabic>middle</syllabic>
          <text>ко</text>
        </lyric>
      </note>
      <note default-x="397">
        <pitch>
          <step>G</step>
          <octave>4</octave>
        </pitch>
        <duration>4</duration>
        <voice>1</voice>
        <type>quarter</type>
        <stem default-y="5">up</stem>
        <lyric default-y="-94" number="2">
          <syllabic>end</syllabic>
          <text>го/</text>
        </lyric>
      </note>
      <backup>
        <duration>24</duration>
      </backup>
      <note default-x="123">
        <pitch>
          <step>B</step>
          <octave>3</octave>
        </pitch>
        <duration>2</duration>
        <voice>2</voice>
        <type>eighth</type>
        <stem default-y="-90">down</stem>
      </note>
      <note default-x="155">
        <pitch>
          <step>B</step>
          <octave>3</octave>
        </pitch>
        <duration>2</duration>
        <voice>2</voice>
        <type>eighth</type>
        <stem default-y="-90">down</stem>
      </note>
      <note default-x="188">
        <pitch>
          <step>B</step>
          <octave>3</octave>
        </pitch>
        <duration>2</duration>
        <voice>2</voice>
        <type>eighth</type>
        <stem default-y="-90">down</stem>
      </note>
      <note default-x="220">
        <pitch>
          <step>C</step>
          <alter>1</alter>
          <octave>4</octave>
        </pitch>
        <duration>2</duration>
        <voice>2</voice>
        <type>eighth</type>
        <stem default-y="-85">down</stem>
      </note>
      <note default-x="252">
        <pitch>
          <step>D</step>
          <octave>4</octave>
        </pitch>
        <duration>4</duration>
        <voice>2</voice>
        <type>quarter</type>
        <stem default-y="-73">down</stem>
      </note>
      <note default-x="300">
        <pitch>
          <step>C</step>
          <alter>1</alter>
          <octave>4</octave>
        </pitch>
        <duration>4</duration>
        <voice>2</voice>
        <type>quarter</type>
        <stem default-y="-78">down</stem>
      </note>
      <note default-x="349">
        <pitch>
          <step>B</step>
          <octave>3</octave>
        </pitch>
        <duration>4</duration>
        <voice>2</voice>
        <type>quarter</type>
        <stem default-y="-83">down</stem>
      </note>
      <note default-x="397">
        <pitch>
          <step>G</step>
          <octave>4</octave>
        </pitch>
        <duration>4</duration>
        <voice>2</voice>
        <type>quarter</type>
        <stem default-y="-58">down</stem>
      </note>
    </measure>
    <!--=======================================================-->
    <measure number="4" width="395">
      <attributes>
        <time>
          <beats>5</beats>
          <beat-type>4</beat-type>
        </time>
      </attributes>
      <note default-x="46">
        <pitch>
          <step>A</step>
          <octave>4</octave>
        </pitch>
        <duration>2</duration>
        <voice>1</voice>
        <type>eighth</type>
        <stem default-y="10">up</stem>
        <lyric default-y="-94" number="2">
          <syllabic>begin</syllabic>
          <text>не</text>
        </lyric>
      </note>
      <note default-x="83">
        <pitch>
          <step>B</step>
          <octave>4</octave>
        </pitch>
        <duration>2</duration>
        <voice>1</voice>
        <type>eighth</type>
        <stem default-y="15">up</stem>
        <lyric default-y="-94" number="2">
          <syllabic>middle</syllabic>
          <text>до</text>
        </lyric>
      </note>
      <note default-x="119">
        <pitch>
          <step>F</step>
          <alter>1</alter>
          <octave>4</octave>
        </pitch>
        <duration>2</duration>
        <voice>1</voice>
        <type>eighth</type>
        <stem default-y="0">up</stem>
        <lyric default-y="-94" number="2">
          <syllabic>middle</syllabic>
          <text>ро</text>
        </lyric>
      </note>
      <note default-x="159">
        <pitch>
          <step>E</step>
          <octave>4</octave>
        </pitch>
        <duration>2</duration>
        <voice>1</voice>
        <type>eighth</type>
        <stem default-y="-5">up</stem>
        <lyric default-y="-94" number="2">
          <syllabic>end</syllabic>
          <text>стка</text>
        </lyric>
      </note>
      <note default-x="198">
        <pitch>
          <step>B</step>
          <octave>4</octave>
        </pitch>
        <duration>8</duration>
        <tie type="start"/>
        <voice>1</voice>
        <type>half</type>
        <stem default-y="15">up</stem>
        <notations>
          <tied orientation="over" type="start"/>
        </notations>
        <lyric default-y="-94" number="2">
          <syllabic>begin</syllabic>
          <text>да</text>
        </lyric>
      </note>
      <note default-x="283">
        <pitch>
          <step>B</step>
          <octave>4</octave>
        </pitch>
        <duration>2</duration>
        <tie type="stop"/>
        <voice>1</voice>
        <type>eighth</type>
        <stem default-y="15">up</stem>
        <notations>
          <tied type="stop"/>
        </notations>
      </note>
      <note default-x="318">
        <pitch>
          <step>A</step>
          <octave>4</octave>
        </pitch>
        <duration>1</duration>
        <voice>1</voice>
        <type>16th</type>
        <stem default-y="10">up</stem>
        <beam number="1">begin</beam>
        <beam number="2">begin</beam>
        <notations>
          <slur bezier-x="8" bezier-y="6" default-x="13" default-y="15" number="1" placement="above" type="start"/>
        </notations>
        <lyric default-y="-94" number="2" relative-x="4">
          <syllabic>end</syllabic>
          <text>ла,/</text>
        </lyric>
      </note>
      <note default-x="340">
        <pitch>
          <step>G</step>
          <octave>4</octave>
        </pitch>
        <duration>1</duration>
        <voice>1</voice>
        <type>16th</type>
        <stem default-y="5">up</stem>
        <beam number="1">end</beam>
        <beam number="2">end</beam>
        <notations>
          <slur bezier-x="-4" bezier-y="9" default-x="12" default-y="10" number="1" type="stop"/>
        </notations>
      </note>
      <backup>
        <duration>20</duration>
      </backup>
      <note default-x="46">
        <pitch>
          <step>F</step>
          <alter>1</alter>
          <octave>4</octave>
        </pitch>
        <duration>2</duration>
        <voice>2</voice>
        <type>eighth</type>
        <stem default-y="-70">down</stem>
      </note>
      <note default-x="83">
        <pitch>
          <step>E</step>
          <octave>4</octave>
        </pitch>
        <duration>2</duration>
        <voice>2</voice>
        <type>eighth</type>
        <stem default-y="-75">down</stem>
      </note>
      <note default-x="119">
        <pitch>
          <step>D</step>
          <octave>4</octave>
        </pitch>
        <duration>2</duration>
        <voice>2</voice>
        <type>eighth</type>
        <stem default-y="-80">down</stem>
      </note>
      <note default-x="159">
        <pitch>
          <step>C</step>
          <alter>1</alter>
          <octave>4</octave>
        </pitch>
        <duration>2</duration>
        <voice>2</voice>
        <type>eighth</type>
        <stem default-y="-85">down</stem>
      </note>
      <note default-x="198">
        <pitch>
          <step>B</step>
          <octave>3</octave>
        </pitch>
        <duration>8</duration>
        <tie type="start"/>
        <voice>2</voice>
        <type>half</type>
        <stem default-y="-83">down</stem>
        <notations>
          <tied orientation="under" type="start"/>
        </notations>
      </note>
      <note default-x="283">
        <pitch>
          <step>B</step>
          <octave>3</octave>
        </pitch>
        <duration>2</duration>
        <tie type="stop"/>
        <voice>2</voice>
        <type>eighth</type>
        <stem default-y="-90">down</stem>
        <notations>
          <tied type="stop"/>
        </notations>
      </note>
      <note default-x="318">
        <pitch>
          <step>D</step>
          <octave>4</octave>
        </pitch>
        <duration>2</duration>
        <voice>2</voice>
        <type>eighth</type>
        <stem default-y="-80">down</stem>
      </note>
    </measure>
    <!--=======================================================-->
    <measure number="5" width="484">
      <print new-system="yes">
        <system-layout>
          <system-distance>79</system-distance>
        </system-layout>
      </print>
      <attributes>
        <time>
          <beats>6</beats>
          <beat-type>4</beat-type>
        </time>
      </attributes>
      <note default-x="123">
        <pitch>
          <step>B</step>
          <octave>3</octave>
        </pitch>
        <duration>2</duration>
        <voice>1</voice>
        <type>eighth</type>
        <stem default-y="-20">up</stem>
        <lyric default-y="-88" number="2">
          <syllabic>single</syllabic>
          <text>шо</text>
        </lyric>
      </note>
      <note default-x="158">
        <pitch>
          <step>B</step>
          <octave>3</octave>
        </pitch>
        <duration>2</duration>
        <voice>1</voice>
        <type>eighth</type>
        <stem default-y="-20">up</stem>
        <lyric default-y="-88" number="2">
          <syllabic>single</syllabic>
          <text>ти</text>
        </lyric>
      </note>
      <note default-x="192">
        <pitch>
          <step>B</step>
          <octave>3</octave>
        </pitch>
        <duration>2</duration>
        <voice>1</voice>
        <type>eighth</type>
        <stem default-y="-20">up</stem>
        <lyric default-y="-88" number="2">
          <syllabic>begin</syllabic>
          <text>ме</text>
        </lyric>
      </note>
      <note default-x="226">
        <pitch>
          <step>C</step>
          <alter>1</alter>
          <octave>4</octave>
        </pitch>
        <duration>2</duration>
        <voice>1</voice>
        <type>eighth</type>
        <stem default-y="-15">up</stem>
        <lyric default-y="-88" number="2">
          <syllabic>end</syllabic>
          <text>не</text>
        </lyric>
      </note>
      <note default-x="261">
        <pitch>
          <step>F</step>
          <alter>1</alter>
          <octave>4</octave>
        </pitch>
        <duration>4</duration>
        <voice>1</voice>
        <type>quarter</type>
        <stem default-y="0">up</stem>
        <lyric default-y="-88" number="2">
          <syllabic>single</syllabic>
          <text>за</text>
        </lyric>
      </note>
      <note default-x="316">
        <pitch>
          <step>E</step>
          <octave>4</octave>
        </pitch>
        <duration>4</duration>
        <voice>1</voice>
        <type>quarter</type>
        <stem default-y="-5">up</stem>
        <lyric default-y="-88" number="2">
          <syllabic>begin</syllabic>
          <text>та</text>
        </lyric>
      </note>
      <note default-x="372">
        <pitch>
          <step>B</step>
          <octave>4</octave>
        </pitch>
        <duration>4</duration>
        <voice>1</voice>
        <type>quarter</type>
        <stem default-y="15">up</stem>
        <lyric default-y="-88" number="2">
          <syllabic>middle</syllabic>
          <text>ко</text>
        </lyric>
      </note>
      <note default-x="428">
        <pitch>
          <step>G</step>
          <octave>4</octave>
        </pitch>
        <duration>4</duration>
        <voice>1</voice>
        <type>quarter</type>
        <stem default-y="5">up</stem>
        <lyric default-y="-88" number="2">
          <syllabic>end</syllabic>
          <text>го/</text>
        </lyric>
      </note>
      <backup>
        <duration>24</duration>
      </backup>
      <note default-x="123">
        <pitch>
          <step>B</step>
          <octave>3</octave>
        </pitch>
        <duration>2</duration>
        <voice>2</voice>
        <type>eighth</type>
        <stem default-y="-90">down</stem>
      </note>
      <note default-x="158">
        <pitch>
          <step>B</step>
          <octave>3</octave>
        </pitch>
        <duration>2</duration>
        <voice>2</voice>
        <type>eighth</type>
        <stem default-y="-90">down</stem>
      </note>
      <note default-x="192">
        <pitch>
          <step>B</step>
          <octave>3</octave>
        </pitch>
        <duration>2</duration>
        <voice>2</voice>
        <type>eighth</type>
        <stem default-y="-90">down</stem>
      </note>
      <note default-x="226">
        <pitch>
          <step>C</step>
          <alter>1</alter>
          <octave>4</octave>
        </pitch>
        <duration>2</duration>
        <voice>2</voice>
        <type>eighth</type>
        <stem default-y="-85">down</stem>
      </note>
      <note default-x="261">
        <pitch>
          <step>D</step>
          <octave>4</octave>
        </pitch>
        <duration>4</duration>
        <voice>2</voice>
        <type>quarter</type>
        <stem default-y="-73">down</stem>
      </note>
      <note default-x="316">
        <pitch>
          <step>C</step>
          <alter>1</alter>
          <octave>4</octave>
        </pitch>
        <duration>4</duration>
        <voice>2</voice>
        <type>quarter</type>
        <stem default-y="-78">down</stem>
      </note>
      <note default-x="372">
        <pitch>
          <step>B</step>
          <octave>3</octave>
        </pitch>
        <duration>4</duration>
        <voice>2</voice>
        <type>quarter</type>
        <stem default-y="-83">down</stem>
      </note>
      <note default-x="428">
        <pitch>
          <step>G</step>
          <octave>4</octave>
        </pitch>
        <duration>4</duration>
        <voice>2</voice>
        <type>quarter</type>
        <stem default-y="-58">down</stem>
      </note>
    </measure>
    <!--=======================================================-->
    <measure number="6" width="357">
      <attributes>
        <time>
          <beats>5</beats>
          <beat-type>4</beat-type>
        </time>
      </attributes>
      <note default-x="46">
        <pitch>
          <step>A</step>
          <octave>4</octave>
        </pitch>
        <duration>2</duration>
        <voice>1</voice>
        <type>eighth</type>
        <stem default-y="10">up</stem>
        <lyric default-y="-88" number="2">
          <syllabic>begin</syllabic>
          <text>не</text>
        </lyric>
      </note>
      <note default-x="87">
        <pitch>
          <step>B</step>
          <octave>4</octave>
        </pitch>
        <duration>2</duration>
        <voice>1</voice>
        <type>eighth</type>
        <stem default-y="15">up</stem>
        <lyric default-y="-88" number="2">
          <syllabic>middle</syllabic>
          <text>до</text>
        </lyric>
      </note>
      <note default-x="128">
        <pitch>
          <step>F</step>
          <alter>1</alter>
          <octave>4</octave>
        </pitch>
        <duration>2</duration>
        <voice>1</voice>
        <type>eighth</type>
        <stem default-y="0">up</stem>
        <lyric default-y="-88" number="2">
          <syllabic>middle</syllabic>
          <text>ро</text>
        </lyric>
      </note>
      <note default-x="170">
        <pitch>
          <step>E</step>
          <octave>4</octave>
        </pitch>
        <duration>2</duration>
        <voice>1</voice>
        <type>eighth</type>
        <stem default-y="-5">up</stem>
        <lyric default-y="-88" number="2">
          <syllabic>end</syllabic>
          <text>стка</text>
        </lyric>
      </note>
      <note default-x="214">
        <pitch>
          <step>B</step>
          <octave>4</octave>
        </pitch>
        <duration>12</duration>
        <voice>1</voice>
        <type>half</type>
        <dot/>
        <stem default-y="15">up</stem>
        <lyric default-y="-88" number="2" relative-x="10">
          <syllabic>single</syllabic>
          <text>дал(а).</text>
        </lyric>
      </note>
      <backup>
        <duration>20</duration>
      </backup>
      <note default-x="46">
        <pitch>
          <step>F</step>
          <alter>1</alter>
          <octave>4</octave>
        </pitch>
        <duration>2</duration>
        <voice>2</voice>
        <type>eighth</type>
        <stem default-y="-70">down</stem>
      </note>
      <note default-x="87">
        <pitch>
          <step>E</step>
          <octave>4</octave>
        </pitch>
        <duration>2</duration>
        <voice>2</voice>
        <type>eighth</type>
        <stem default-y="-75">down</stem>
      </note>
      <note default-x="128">
        <pitch>
          <step>D</step>
          <octave>4</octave>
        </pitch>
        <duration>2</duration>
        <voice>2</voice>
        <type>eighth</type>
        <stem default-y="-80">down</stem>
      </note>
      <note default-x="170">
        <pitch>
          <step>C</step>
          <alter>1</alter>
          <octave>4</octave>
        </pitch>
        <duration>2</duration>
        <voice>2</voice>
        <type>eighth</type>
        <stem default-y="-85">down</stem>
      </note>
      <note default-x="214">
        <pitch>
          <step>B</step>
          <octave>3</octave>
        </pitch>
        <duration>12</duration>
        <voice>2</voice>
        <type>half</type>
        <dot/>
        <stem default-y="-83">down</stem>
      </note>
      <barline location="right">
        <bar-style>light-heavy</bar-style>
      </barline>
    </measure>
  </part>
  <!--=========================================================-->
</score-partwise>
