<?xml version="1.0" encoding="UTF-8" standalone="no"?>
<!DOCTYPE score-partwise PUBLIC "-//Recordare//DTD MusicXML 4.0 Partwise//EN" "http://www.musicxml.org/dtds/partwise.dtd">
<score-partwise version="4.0">
  <identification>
    <encoding>
      <software>Finale v27.3 for Windows</software>
      <encoding-date>2024-08-09</encoding-date>
      <supports attribute="new-system" element="print" type="yes" value="yes"/>
      <supports attribute="new-page" element="print" type="yes" value="yes"/>
      <supports element="accidental" type="yes"/>
      <supports element="beam" type="yes"/>
      <supports element="stem" type="yes"/>
    </encoding>
  </identification>
  <defaults>
    <scaling>
      <millimeters>8.4667</millimeters>
      <tenths>40</tenths>
    </scaling>
    <page-layout>
      <page-height>1320</page-height>
      <page-width>1020</page-width>
      <page-margins type="both">
        <left-margin>60</left-margin>
        <right-margin>60</right-margin>
        <top-margin>60</top-margin>
        <bottom-margin>60</bottom-margin>
      </page-margins>
    </page-layout>
    <system-layout>
      <system-margins>
        <left-margin>0</left-margin>
        <right-margin>0</right-margin>
      </system-margins>
      <system-distance>110</system-distance>
      <top-system-distance>67</top-system-distance>
    </system-layout>
    <appearance>
      <line-width type="stem">0.7682</line-width>
      <line-width type="beam">5</line-width>
      <line-width type="staff">0.7682</line-width>
      <line-width type="light barline">0.7682</line-width>
      <line-width type="heavy barline">5</line-width>
      <line-width type="leger">0.7682</line-width>
      <line-width type="ending">0.7682</line-width>
      <line-width type="wedge">0.7682</line-width>
      <line-width type="enclosure">0.7682</line-width>
      <line-width type="tuplet bracket">0.7682</line-width>
      <note-size type="grace">50</note-size>
      <note-size type="cue">50</note-size>
      <distance type="hyphen">60</distance>
      <distance type="beam">7.5</distance>
    </appearance>
    <music-font font-family="Finale Maestro,engraved" font-size="24"/>
    <word-font font-family="Times New Roman" font-size="12"/>
    <lyric-font font-family="Times New Roman" font-size="12"/>
  </defaults>
  <credit page="1">
    <credit-words default-x="330" default-y="1260" font-size="19" valign="top">565. За горою сонце сходить (05-БР-10)</credit-words>
  </credit>
  <credit page="1">
    <credit-words default-x="118" default-y="956" font-size="17" valign="top" xml:space="preserve">1. За горою сонце сходить,
За другу заходить,
(Й)а жонатий до дівчини
Щовечора ходить.* 
2. Як прийшов він до дівчини,
– Добрий вечір! – каже.
Вона йому відказала:
– Убий жінку першу.
3. Убий жінку ще й дитину,
Положи на лавку,
А сам прийди ізвечора
Та й будеш до ранку.
4. Як прийшов він додомоньку,
Став ножа гострити,
Його жінка догадалась
Та й стала просити:
5. – Зажди, милий, зажди, милий,
Хоть а, хоть годину,
Нехай же я погодую
Маленьку дитину.</credit-words>
  </credit>
  <credit page="1">
    <credit-words default-x="118" default-y="84" valign="top">* Другу половину кожної строфи співають двічі. (Л. Є.)</credit-words>
  </credit>
  <credit page="1">
    <credit-words default-x="278" default-y="1161" valign="top">Помалу</credit-words>
  </credit>
  <credit page="1">
    <credit-words default-x="523" default-y="46" valign="top">345</credit-words>
  </credit>
  <credit page="1">
    <credit-words default-x="581" default-y="949" font-size="17" valign="top" xml:space="preserve">6. – Тоді будеш, моя мила,
Дитя годувати,
Як я піду до Дунаю
Ножа полоскати.
7. А сусіди, добрі люди
Дали неньці знати,
Біжить ненька, ручки ломить
Дочку ратувати.
8. – Дочко ж моя, дочко мила,
Шо ти провинила,
Шо вже твоя кров червона
Землю сполонила?
9.  – Ой нічого, моя мамцю,
Я не провинила,
Милий ішов до другої,
А я не пустила.</credit-words>
  </credit>
  <credit page="1">
    <credit-words default-x="113" default-y="271" valign="top" xml:space="preserve">Зап. Матіяш Д., Кушка Т. у с. Ободівка Тростянецького р-ну Вінницької обл. від гурту Розшифр. 
Єфремова Л. О., № 11 (151). Вар. зап. 3.05 2009 р. Матіяш Д., Кушка Т. у с. Сиваківці  Липовець-
кого р-ну Вінницької обл. від гурту. Розшифр. Єфремова Л. О., № 1 (345). Вар. 1 зап. 17.IХ 1927 р. 
Корсовецький О. від Дудник Ласовети з с. Клембівка Могилів-Подільської окр. (нині Ямпільсько-
го р-ну Вінницької обл). – ІМФЕ, ф. 6-4, од. зб. 157, арк. 9 зв.-10 (17-18), № 14.</credit-words>
  </credit>
  <part-list>
    <score-part id="P1">
      <part-name print-object="no">MusicXML Part</part-name>
      <group>score</group>
      <score-instrument id="P1-I1">
        <instrument-name>Èíñòðóìåíò 1</instrument-name>
      </score-instrument>
      <midi-instrument id="P1-I1">
        <midi-channel>1</midi-channel>
        <midi-program>1</midi-program>
        <volume>80</volume>
        <pan>0</pan>
      </midi-instrument>
    </score-part>
  </part-list>
  <!--=========================================================-->
  <part id="P1">
    <measure number="1" width="187">
      <print>
        <page-layout>
          <page-height>1320</page-height>
          <page-width>1020</page-width>
          <page-margins>
            <left-margin>119</left-margin>
            <right-margin>60</right-margin>
            <top-margin>60</top-margin>
            <bottom-margin>60</bottom-margin>
          </page-margins>
        </page-layout>
        <system-layout>
          <system-margins>
            <left-margin>61</left-margin>
            <right-margin>1</right-margin>
          </system-margins>
          <top-system-distance>128</top-system-distance>
        </system-layout>
        <measure-numbering>none</measure-numbering>
      </print>
      <attributes>
        <divisions>4</divisions>
        <key>
          <fifths>1</fifths>
          <mode>major</mode>
        </key>
        <time>
          <beats>3</beats>
          <beat-type>8</beat-type>
        </time>
        <clef>
          <sign>G</sign>
          <line>2</line>
        </clef>
      </attributes>
      <sound tempo="70">
        <swing>
          <straight/>
        </swing>
      </sound>
      <direction placement="below">
        <direction-type>
          <words default-y="-20" relative-x="-164">Вар. 1</words>
        </direction-type>
      </direction>
      <note default-x="109">
        <pitch>
          <step>D</step>
          <octave>4</octave>
        </pitch>
        <duration>2</duration>
        <voice>1</voice>
        <type>eighth</type>
        <stem default-y="-10">up</stem>
        <lyric default-y="-67" number="3">
          <syllabic>begin</syllabic>
          <text>По</text>
        </lyric>
      </note>
      <note default-x="143">
        <pitch>
          <step>G</step>
          <octave>4</octave>
        </pitch>
        <duration>4</duration>
        <voice>1</voice>
        <type>quarter</type>
        <stem default-y="5">up</stem>
        <lyric default-y="-67" number="3">
          <syllabic>middle</syllabic>
          <text>жи</text>
        </lyric>
      </note>
    </measure>
    <!--=======================================================-->
    <measure number="2" width="85">
      <note default-x="13">
        <pitch>
          <step>F</step>
          <alter>1</alter>
          <octave>4</octave>
        </pitch>
        <duration>2</duration>
        <voice>1</voice>
        <type>eighth</type>
        <stem default-y="0">up</stem>
        <lyric default-y="-67" number="3">
          <syllabic>end</syllabic>
          <text>ну</text>
        </lyric>
      </note>
      <note default-x="42">
        <pitch>
          <step>G</step>
          <octave>4</octave>
        </pitch>
        <duration>4</duration>
        <voice>1</voice>
        <type>quarter</type>
        <stem default-y="5">up</stem>
        <lyric default-y="-67" number="3">
          <syllabic>single</syllabic>
          <text>я</text>
        </lyric>
      </note>
    </measure>
    <!--=======================================================-->
    <measure number="3" width="93">
      <note default-x="13">
        <pitch>
          <step>A</step>
          <octave>4</octave>
        </pitch>
        <duration>2</duration>
        <voice>1</voice>
        <type>eighth</type>
        <stem default-y="10">up</stem>
        <lyric default-y="-67" number="3">
          <syllabic>begin</syllabic>
          <text>то</text>
        </lyric>
      </note>
      <note default-x="49">
        <pitch>
          <step>B</step>
          <octave>4</octave>
        </pitch>
        <duration>4</duration>
        <voice>1</voice>
        <type>quarter</type>
        <stem default-y="-55">down</stem>
        <lyric default-y="-67" number="3">
          <syllabic>end</syllabic>
          <text>вар</text>
        </lyric>
      </note>
    </measure>
    <!--=======================================================-->
    <measure number="4" width="94">
      <note default-x="13">
        <pitch>
          <step>A</step>
          <octave>4</octave>
        </pitch>
        <duration>2</duration>
        <voice>1</voice>
        <type>eighth</type>
        <stem default-y="10">up</stem>
        <lyric default-y="-67" number="3">
          <syllabic>single</syllabic>
          <text>на</text>
        </lyric>
      </note>
      <note default-x="50">
        <pitch>
          <step>G</step>
          <octave>4</octave>
        </pitch>
        <duration>4</duration>
        <voice>1</voice>
        <type>quarter</type>
        <stem default-y="5">up</stem>
        <lyric default-y="-67" number="3">
          <syllabic>single</syllabic>
          <text>яр,/</text>
        </lyric>
      </note>
    </measure>
    <!--=======================================================-->
    <measure number="5" width="86">
      <note default-x="13">
        <pitch>
          <step>D</step>
          <octave>5</octave>
        </pitch>
        <duration>2</duration>
        <voice>1</voice>
        <type>eighth</type>
        <stem default-y="-45">down</stem>
        <lyric default-y="-67" number="3">
          <syllabic>begin</syllabic>
          <text>ти</text>
        </lyric>
      </note>
      <note default-x="43">
        <pitch>
          <step>C</step>
          <octave>5</octave>
        </pitch>
        <duration>4</duration>
        <voice>1</voice>
        <type>quarter</type>
        <stem default-y="-50">down</stem>
        <lyric default-y="-67" number="3">
          <syllabic>middle</syllabic>
          <text>ля</text>
        </lyric>
      </note>
    </measure>
    <!--=======================================================-->
    <measure number="6" width="93">
      <note default-x="13">
        <pitch>
          <step>D</step>
          <octave>5</octave>
        </pitch>
        <duration>2</duration>
        <voice>1</voice>
        <type>eighth</type>
        <stem default-y="-45">down</stem>
        <lyric default-y="-67" number="3">
          <syllabic>end</syllabic>
          <text>та</text>
        </lyric>
      </note>
      <note default-x="50">
        <pitch>
          <step>B</step>
          <alter>-1</alter>
          <octave>4</octave>
        </pitch>
        <duration>4</duration>
        <voice>1</voice>
        <type>quarter</type>
        <accidental>flat</accidental>
        <stem default-y="-55">down</stem>
        <lyric default-y="-67" number="3">
          <syllabic>single</syllabic>
          <text>в</text>
          <elision> </elision>
          <syllabic>begin</syllabic>
          <text>до</text>
        </lyric>
      </note>
    </measure>
    <!--=======================================================-->
    <measure number="7" width="66">
      <note default-x="13">
        <pitch>
          <step>A</step>
          <octave>4</octave>
        </pitch>
        <duration>6</duration>
        <voice>1</voice>
        <type>quarter</type>
        <dot/>
        <stem default-y="10">up</stem>
        <lyric default-y="-67" number="3">
          <syllabic>middle</syllabic>
          <text>ли</text>
        </lyric>
      </note>
    </measure>
    <!--=======================================================-->
    <measure number="8" width="77">
      <note default-x="13">
        <pitch>
          <step>A</step>
          <octave>4</octave>
        </pitch>
        <duration>4</duration>
        <voice>1</voice>
        <type>quarter</type>
        <stem default-y="10">up</stem>
        <lyric default-y="-67" number="3">
          <syllabic>end</syllabic>
          <text>ну,/</text>
        </lyric>
      </note>
      <note default-x="52">
        <rest/>
        <duration>2</duration>
        <voice>1</voice>
        <type>eighth</type>
      </note>
    </measure>
    <!--=======================================================-->
    <measure number="9" width="170">
      <print new-system="yes">
        <system-layout>
          <system-distance>42</system-distance>
        </system-layout>
      </print>
      <note default-x="77">
        <pitch>
          <step>A</step>
          <octave>4</octave>
        </pitch>
        <duration>2</duration>
        <voice>1</voice>
        <type>eighth</type>
        <stem default-y="10">up</stem>
        <lyric default-y="-67" number="3">
          <syllabic>single</syllabic>
          <text>а</text>
        </lyric>
      </note>
      <note default-x="114">
        <pitch>
          <step>D</step>
          <octave>5</octave>
        </pitch>
        <duration>4</duration>
        <voice>1</voice>
        <type>quarter</type>
        <stem default-y="-45">down</stem>
        <lyric default-y="-67" number="3">
          <syllabic>single</syllabic>
          <text>сам</text>
        </lyric>
      </note>
    </measure>
    <!--=======================================================-->
    <measure number="10" width="110">
      <note default-x="13">
        <pitch>
          <step>C</step>
          <octave>5</octave>
        </pitch>
        <duration>1</duration>
        <voice>1</voice>
        <type>16th</type>
        <stem default-y="-55">down</stem>
        <beam number="1">begin</beam>
        <beam number="2">begin</beam>
        <notations>
          <slur bezier-x="10" bezier-y="4" default-x="6" default-y="-5" number="1" placement="above" type="start"/>
        </notations>
        <lyric default-y="-67" number="3">
          <syllabic>begin</syllabic>
          <text>пі</text>
        </lyric>
      </note>
      <note default-x="34">
        <pitch>
          <step>A</step>
          <octave>4</octave>
        </pitch>
        <duration>1</duration>
        <voice>1</voice>
        <type>16th</type>
        <stem default-y="-60">down</stem>
        <beam number="1">end</beam>
        <beam number="2">end</beam>
        <notations>
          <slur bezier-x="-2" bezier-y="10" default-x="6" default-y="-15" number="1" type="stop"/>
        </notations>
      </note>
      <note default-x="56">
        <pitch>
          <step>G</step>
          <octave>4</octave>
        </pitch>
        <duration>4</duration>
        <voice>1</voice>
        <type>quarter</type>
        <stem default-y="5">up</stem>
        <lyric default-y="-67" number="3">
          <syllabic>end</syllabic>
          <text>ду</text>
        </lyric>
      </note>
    </measure>
    <!--=======================================================-->
    <measure number="11" width="106">
      <note default-x="13">
        <pitch>
          <step>A</step>
          <octave>4</octave>
        </pitch>
        <duration>2</duration>
        <voice>1</voice>
        <type>eighth</type>
        <stem default-y="10">up</stem>
        <lyric default-y="-67" number="3">
          <syllabic>single</syllabic>
          <text>до</text>
        </lyric>
      </note>
      <note default-x="44">
        <pitch>
          <step>B</step>
          <octave>4</octave>
        </pitch>
        <duration>2</duration>
        <voice>1</voice>
        <type>eighth</type>
        <stem default-y="15">up</stem>
        <beam number="1">begin</beam>
        <notations>
          <slur bezier-x="6" bezier-y="-12" default-x="6" default-y="-33" number="1" placement="below" type="start"/>
        </notations>
        <lyric default-y="-67" number="3">
          <syllabic>begin</syllabic>
          <text>ді</text>
        </lyric>
      </note>
      <note default-x="75">
        <pitch>
          <step>G</step>
          <octave>4</octave>
        </pitch>
        <duration>2</duration>
        <voice>1</voice>
        <type>eighth</type>
        <stem default-y="10">up</stem>
        <beam number="1">end</beam>
        <notations>
          <slur bezier-x="-12" bezier-y="-6" default-x="6" default-y="-43" number="1" type="stop"/>
        </notations>
      </note>
    </measure>
    <!--=======================================================-->
    <measure number="12" width="114">
      <note default-x="13">
        <pitch>
          <step>F</step>
          <alter>1</alter>
          <octave>4</octave>
        </pitch>
        <duration>1</duration>
        <voice>1</voice>
        <type>16th</type>
        <stem default-y="0">up</stem>
        <beam number="1">begin</beam>
        <beam number="2">begin</beam>
        <notations>
          <slur bezier-x="5" bezier-y="-9" default-x="6" default-y="-45" number="1" placement="below" type="start"/>
        </notations>
        <lyric default-y="-67" number="3">
          <syllabic>middle</syllabic>
          <text>вчи</text>
        </lyric>
      </note>
      <note default-x="35">
        <pitch>
          <step>E</step>
          <octave>4</octave>
        </pitch>
        <duration>1</duration>
        <voice>1</voice>
        <type>16th</type>
        <stem default-y="-5">up</stem>
        <beam number="1">end</beam>
        <beam number="2">end</beam>
        <notations>
          <slur bezier-x="-8" bezier-y="-6" default-x="6" default-y="-50" number="1" type="stop"/>
        </notations>
      </note>
      <note default-x="60">
        <pitch>
          <step>D</step>
          <octave>4</octave>
        </pitch>
        <duration>4</duration>
        <voice>1</voice>
        <type>quarter</type>
        <stem default-y="-10">up</stem>
        <lyric default-y="-67" number="3">
          <syllabic>end</syllabic>
          <text>ни/</text>
        </lyric>
      </note>
    </measure>
    <!--=======================================================-->
    <measure number="13" width="105">
      <note default-x="13">
        <pitch>
          <step>G</step>
          <octave>4</octave>
        </pitch>
        <duration>2</duration>
        <voice>1</voice>
        <type>eighth</type>
        <stem default-y="5">up</stem>
        <lyric default-y="-67" number="3">
          <syllabic>single</syllabic>
          <text>на</text>
        </lyric>
      </note>
      <note default-x="49">
        <pitch>
          <step>F</step>
          <alter>1</alter>
          <octave>4</octave>
        </pitch>
        <duration>4</duration>
        <voice>1</voice>
        <type>quarter</type>
        <stem default-y="0">up</stem>
        <lyric default-y="-67" number="3">
          <syllabic>single</syllabic>
          <text>час,</text>
        </lyric>
      </note>
    </measure>
    <!--=======================================================-->
    <measure number="14" width="108">
      <note default-x="13">
        <pitch>
          <step>G</step>
          <octave>4</octave>
        </pitch>
        <duration>1</duration>
        <voice>1</voice>
        <type>16th</type>
        <stem default-y="5">up</stem>
        <beam number="1">begin</beam>
        <beam number="2">begin</beam>
        <notations>
          <slur bezier-x="5" bezier-y="-8" default-x="6" default-y="-43" number="1" placement="below" type="start"/>
        </notations>
        <lyric default-y="-67" number="3">
          <syllabic>single</syllabic>
          <text>на</text>
        </lyric>
      </note>
      <note default-x="34">
        <pitch>
          <step>F</step>
          <alter>1</alter>
          <octave>4</octave>
        </pitch>
        <duration>1</duration>
        <voice>1</voice>
        <type>16th</type>
        <stem default-y="0">up</stem>
        <beam number="1">end</beam>
        <beam number="2">end</beam>
        <notations>
          <slur bezier-x="-7" bezier-y="-7" default-x="6" default-y="-45" number="1" type="stop"/>
        </notations>
      </note>
      <note default-x="54">
        <pitch>
          <step>E</step>
          <octave>4</octave>
        </pitch>
        <duration>4</duration>
        <voice>1</voice>
        <type>quarter</type>
        <stem default-y="-5">up</stem>
        <lyric default-y="-67" number="3">
          <syllabic>begin</syllabic>
          <text>го</text>
        </lyric>
      </note>
    </measure>
    <!--=======================================================-->
    <measure number="15" width="128">
      <note default-x="13">
        <pitch>
          <step>D</step>
          <octave>4</octave>
        </pitch>
        <duration>2</duration>
        <voice>1</voice>
        <type>eighth</type>
        <stem default-y="-10">up</stem>
        <notations>
          <fermata default-x="-7" default-y="-56" type="inverted"/>
        </notations>
        <lyric default-y="-67" number="3">
          <syllabic>middle</syllabic>
          <text>ди</text>
        </lyric>
      </note>
      <note default-x="48">
        <pitch>
          <step>D</step>
          <octave>4</octave>
        </pitch>
        <duration>2</duration>
        <voice>1</voice>
        <type>eighth</type>
        <stem default-y="-10">up</stem>
        <lyric default-y="-67" number="3">
          <syllabic>end</syllabic>
          <text>ну.</text>
        </lyric>
      </note>
      <note default-x="83">
        <rest/>
        <duration>2</duration>
        <voice>1</voice>
        <type>eighth</type>
      </note>
      <barline location="right">
        <bar-style>light-heavy</bar-style>
      </barline>
    </measure>
  </part>
  <!--=========================================================-->
</score-partwise>
