<?xml version="1.0" encoding="UTF-8" standalone="no"?>
<!DOCTYPE score-partwise PUBLIC "-//Recordare//DTD MusicXML 4.0 Partwise//EN" "http://www.musicxml.org/dtds/partwise.dtd">
<score-partwise version="4.0">
  <identification>
    <encoding>
      <software>Finale v27.3 for Windows</software>
      <encoding-date>2024-08-07</encoding-date>
      <supports attribute="new-system" element="print" type="yes" value="yes"/>
      <supports attribute="new-page" element="print" type="yes" value="yes"/>
      <supports element="accidental" type="yes"/>
      <supports element="beam" type="yes"/>
      <supports element="stem" type="yes"/>
    </encoding>
  </identification>
  <defaults>
    <scaling>
      <millimeters>8.4667</millimeters>
      <tenths>40</tenths>
    </scaling>
    <page-layout>
      <page-height>1320</page-height>
      <page-width>1020</page-width>
      <page-margins type="both">
        <left-margin>60</left-margin>
        <right-margin>60</right-margin>
        <top-margin>60</top-margin>
        <bottom-margin>60</bottom-margin>
      </page-margins>
    </page-layout>
    <system-layout>
      <system-margins>
        <left-margin>0</left-margin>
        <right-margin>0</right-margin>
      </system-margins>
      <system-distance>110</system-distance>
      <top-system-distance>67</top-system-distance>
    </system-layout>
    <appearance>
      <line-width type="stem">0.7682</line-width>
      <line-width type="beam">5</line-width>
      <line-width type="staff">0.7682</line-width>
      <line-width type="light barline">0.7682</line-width>
      <line-width type="heavy barline">5</line-width>
      <line-width type="leger">0.7682</line-width>
      <line-width type="ending">0.7682</line-width>
      <line-width type="wedge">0.7682</line-width>
      <line-width type="enclosure">0.7682</line-width>
      <line-width type="tuplet bracket">0.7682</line-width>
      <note-size type="grace">50</note-size>
      <note-size type="cue">50</note-size>
      <distance type="hyphen">60</distance>
      <distance type="beam">7.5</distance>
    </appearance>
    <music-font font-family="Maestro,engraved" font-size="24"/>
    <word-font font-family="Times New Roman" font-size="12"/>
    <lyric-font font-family="Times New Roman" font-size="12"/>
  </defaults>
  <credit page="1">
    <credit-words default-x="125" default-y="638" valign="top" xml:space="preserve">Зап. 1937 р. Стельмах М., Музиченко Д. (мел.) у с. Дяківці Літинського р-ну Вінницької обл. від 
Масляної Хими. – ІМФЕ, ф. 8-3, од. зб. 211, арк. 12 зв. (текст), арк. 30 (мел.), № 21.</credit-words>
  </credit>
  <credit page="1">
    <credit-words default-x="375" default-y="1260" font-size="19" valign="top">596. На горі, горі (08-БК-09)</credit-words>
  </credit>
  <credit page="1">
    <credit-words default-x="134" default-y="1079" font-size="17" valign="top" xml:space="preserve">1. На горі, горі
Три брати косять,*

2. Старшая сестра
Снідання несла.

3. Здибала вона
Трьох нежонатих,

4. Дали Ганнусі
Коня тримати,</credit-words>
  </credit>
  <credit page="1">
    <credit-words default-x="120" default-y="114" valign="top">* Кожну строфу співають двічі. (Л. Є.)</credit-words>
  </credit>
  <credit page="1">
    <credit-words default-x="714" default-y="1079" font-size="17" valign="top" xml:space="preserve">9. В полі березу
Щоб не рубати,

10. Березі гілля
Щоб не ламати.

11. То не береза, –
То Ганна сама;

12. Ой то ж не гілля, –
Ганнина коса.</credit-words>
  </credit>
  <credit page="1">
    <credit-words default-x="421" default-y="1078" font-size="17" valign="top" xml:space="preserve">5. А самі сіли,
Снідання з’їли.

6. Пустила сестра
Коня в чисте поле,

7. А сама втонула
В синьому морі.

8. Ой як тонула,
Припом’янула:</credit-words>
  </credit>
  <credit page="1">
    <credit-words default-x="520" default-y="46" valign="top">369</credit-words>
  </credit>
  <part-list>
    <score-part id="P1">
      <part-name print-object="no">MusicXML Part</part-name>
      <group>score</group>
      <score-instrument id="P1-I1">
        <instrument-name>Èíñòðóìåíò 1</instrument-name>
      </score-instrument>
      <midi-instrument id="P1-I1">
        <midi-channel>1</midi-channel>
        <midi-program>1</midi-program>
        <volume>80</volume>
        <pan>0</pan>
      </midi-instrument>
    </score-part>
  </part-list>
  <!--=========================================================-->
  <part id="P1">
    <measure number="1" width="267">
      <print>
        <page-layout>
          <page-height>1320</page-height>
          <page-width>1020</page-width>
          <page-margins>
            <left-margin>119</left-margin>
            <right-margin>60</right-margin>
            <top-margin>60</top-margin>
            <bottom-margin>60</bottom-margin>
          </page-margins>
        </page-layout>
        <system-layout>
          <system-margins>
            <left-margin>59</left-margin>
            <right-margin>0</right-margin>
          </system-margins>
          <top-system-distance>49</top-system-distance>
        </system-layout>
        <measure-numbering>none</measure-numbering>
      </print>
      <attributes>
        <divisions>2</divisions>
        <key>
          <fifths>-1</fifths>
          <mode>major</mode>
        </key>
        <time>
          <beats>3</beats>
          <beat-type>4</beat-type>
        </time>
        <clef>
          <sign>G</sign>
          <line>2</line>
        </clef>
      </attributes>
      <sound tempo="96">
        <swing>
          <straight/>
        </swing>
      </sound>
      <note default-x="126">
        <pitch>
          <step>F</step>
          <octave>4</octave>
        </pitch>
        <duration>2</duration>
        <voice>1</voice>
        <type>quarter</type>
        <stem default-y="0">up</stem>
        <lyric default-y="-60" number="1" relative-x="-6">
          <syllabic>single</syllabic>
          <text>1.</text>
          <elision> </elision>
          <syllabic>single</syllabic>
          <text>На</text>
        </lyric>
      </note>
      <note default-x="173">
        <pitch>
          <step>G</step>
          <octave>4</octave>
        </pitch>
        <duration>2</duration>
        <voice>1</voice>
        <type>quarter</type>
        <stem default-y="5">up</stem>
        <lyric default-y="-60" number="1">
          <syllabic>begin</syllabic>
          <text>го</text>
        </lyric>
      </note>
      <note default-x="220">
        <pitch>
          <step>A</step>
          <octave>4</octave>
        </pitch>
        <duration>2</duration>
        <voice>1</voice>
        <type>quarter</type>
        <stem default-y="10">up</stem>
        <lyric default-y="-60" number="1">
          <syllabic>end</syllabic>
          <text>рі,</text>
        </lyric>
      </note>
    </measure>
    <!--=======================================================-->
    <measure number="2" width="172">
      <note default-x="15">
        <pitch>
          <step>B</step>
          <alter>-1</alter>
          <octave>4</octave>
        </pitch>
        <duration>4</duration>
        <voice>1</voice>
        <type>half</type>
        <stem default-y="-44">down</stem>
        <lyric default-y="-60" number="1">
          <syllabic>begin</syllabic>
          <text>го</text>
        </lyric>
      </note>
      <note default-x="112">
        <pitch>
          <step>G</step>
          <octave>4</octave>
        </pitch>
        <duration>2</duration>
        <voice>1</voice>
        <type>quarter</type>
        <stem default-y="5">up</stem>
        <lyric default-y="-60" number="1">
          <syllabic>end</syllabic>
          <text>рі/</text>
        </lyric>
      </note>
    </measure>
    <!--=======================================================-->
    <measure number="3" width="172">
      <note default-x="23">
        <pitch>
          <step>B</step>
          <alter>-1</alter>
          <octave>4</octave>
        </pitch>
        <duration>2</duration>
        <voice>1</voice>
        <type>quarter</type>
        <stem default-y="-45">down</stem>
        <lyric default-y="-60" number="1">
          <syllabic>single</syllabic>
          <text>три</text>
        </lyric>
      </note>
      <note default-x="73">
        <pitch>
          <step>B</step>
          <alter>-1</alter>
          <octave>4</octave>
        </pitch>
        <duration>2</duration>
        <voice>1</voice>
        <type>quarter</type>
        <stem default-y="-45">down</stem>
        <lyric default-y="-60" number="1">
          <syllabic>begin</syllabic>
          <text>бра</text>
        </lyric>
      </note>
      <note default-x="122">
        <pitch>
          <step>B</step>
          <alter>-1</alter>
          <octave>4</octave>
        </pitch>
        <duration>2</duration>
        <voice>1</voice>
        <type>quarter</type>
        <stem default-y="-45">down</stem>
        <lyric default-y="-60" number="1">
          <syllabic>end</syllabic>
          <text>ти</text>
        </lyric>
      </note>
    </measure>
    <!--=======================================================-->
    <measure number="4" width="171">
      <note default-x="15">
        <pitch>
          <step>A</step>
          <octave>4</octave>
        </pitch>
        <duration>4</duration>
        <voice>1</voice>
        <type>half</type>
        <stem default-y="10">up</stem>
        <lyric default-y="-60" number="1">
          <syllabic>begin</syllabic>
          <text>ко</text>
        </lyric>
      </note>
      <note default-x="111">
        <pitch>
          <step>G</step>
          <octave>4</octave>
        </pitch>
        <duration>2</duration>
        <voice>1</voice>
        <type>quarter</type>
        <stem default-y="5">up</stem>
        <lyric default-y="-60" number="1">
          <syllabic>end</syllabic>
          <text>сять,/</text>
        </lyric>
      </note>
    </measure>
    <!--=======================================================-->
    <measure number="5" width="256">
      <print new-system="yes">
        <system-layout>
          <system-distance>33</system-distance>
        </system-layout>
      </print>
      <note default-x="82">
        <pitch>
          <step>B</step>
          <alter>-1</alter>
          <octave>4</octave>
        </pitch>
        <duration>2</duration>
        <voice>1</voice>
        <type>quarter</type>
        <stem default-y="-45">down</stem>
        <lyric default-y="-60" number="1">
          <syllabic>single</syllabic>
          <text>на</text>
        </lyric>
      </note>
      <note default-x="140">
        <pitch>
          <step>A</step>
          <octave>4</octave>
        </pitch>
        <duration>2</duration>
        <voice>1</voice>
        <type>quarter</type>
        <stem default-y="10">up</stem>
        <lyric default-y="-60" number="1">
          <syllabic>begin</syllabic>
          <text>го</text>
        </lyric>
      </note>
      <note default-x="198">
        <pitch>
          <step>B</step>
          <alter>-1</alter>
          <octave>4</octave>
        </pitch>
        <duration>2</duration>
        <voice>1</voice>
        <type>quarter</type>
        <stem default-y="-45">down</stem>
        <lyric default-y="-60" number="1">
          <syllabic>end</syllabic>
          <text>рі,</text>
        </lyric>
      </note>
    </measure>
    <!--=======================================================-->
    <measure number="6" width="192">
      <note default-x="15">
        <pitch>
          <step>A</step>
          <octave>4</octave>
        </pitch>
        <duration>4</duration>
        <voice>1</voice>
        <type>half</type>
        <stem default-y="3">up</stem>
        <lyric default-y="-60" number="1">
          <syllabic>begin</syllabic>
          <text>го</text>
        </lyric>
      </note>
      <note default-x="124">
        <pitch>
          <step>G</step>
          <octave>4</octave>
        </pitch>
        <duration>2</duration>
        <voice>1</voice>
        <type>quarter</type>
        <stem default-y="-2">up</stem>
        <lyric default-y="-60" number="1">
          <syllabic>end</syllabic>
          <text>рі/</text>
        </lyric>
      </note>
    </measure>
    <!--=======================================================-->
    <measure number="7" width="192">
      <note default-x="23">
        <pitch>
          <step>A</step>
          <octave>4</octave>
        </pitch>
        <duration>2</duration>
        <voice>1</voice>
        <type>quarter</type>
        <stem default-y="5">up</stem>
        <lyric default-y="-60" number="1">
          <syllabic>single</syllabic>
          <text>три</text>
        </lyric>
      </note>
      <note default-x="79">
        <pitch>
          <step>G</step>
          <octave>4</octave>
        </pitch>
        <duration>2</duration>
        <voice>1</voice>
        <type>quarter</type>
        <stem default-y="0">up</stem>
        <lyric default-y="-60" number="1">
          <syllabic>begin</syllabic>
          <text>бра</text>
        </lyric>
      </note>
      <note default-x="135">
        <pitch>
          <step>A</step>
          <octave>4</octave>
        </pitch>
        <duration>2</duration>
        <voice>1</voice>
        <type>quarter</type>
        <stem default-y="5">up</stem>
        <lyric default-y="-60" number="1">
          <syllabic>end</syllabic>
          <text>ти</text>
        </lyric>
      </note>
    </measure>
    <!--=======================================================-->
    <measure number="8" width="201">
      <note default-x="18">
        <pitch>
          <step>F</step>
          <octave>4</octave>
        </pitch>
        <duration>4</duration>
        <voice>1</voice>
        <type>half</type>
        <stem default-y="0">up</stem>
        <lyric default-y="-60" number="1">
          <syllabic>begin</syllabic>
          <text>ко</text>
        </lyric>
      </note>
      <note default-x="125">
        <pitch>
          <step>F</step>
          <octave>4</octave>
        </pitch>
        <duration>2</duration>
        <voice>1</voice>
        <type>quarter</type>
        <stem default-y="0">up</stem>
        <lyric default-y="-60" number="1">
          <syllabic>end</syllabic>
          <text>сять.</text>
        </lyric>
      </note>
      <barline location="right">
        <bar-style>light-heavy</bar-style>
      </barline>
    </measure>
  </part>
  <!--=========================================================-->
</score-partwise>
