<?xml version="1.0" encoding="UTF-8" standalone="no"?>
<!DOCTYPE score-partwise PUBLIC "-//Recordare//DTD MusicXML 4.0 Partwise//EN" "http://www.musicxml.org/dtds/partwise.dtd">
<score-partwise version="4.0">
  <identification>
    <encoding>
      <software>Finale v27.3 for Windows</software>
      <encoding-date>2024-08-29</encoding-date>
      <supports attribute="new-system" element="print" type="yes" value="yes"/>
      <supports attribute="new-page" element="print" type="yes" value="yes"/>
      <supports element="accidental" type="yes"/>
      <supports element="beam" type="yes"/>
      <supports element="stem" type="yes"/>
    </encoding>
  </identification>
  <defaults>
    <scaling>
      <millimeters>8.4667</millimeters>
      <tenths>40</tenths>
    </scaling>
    <page-layout>
      <page-height>1320</page-height>
      <page-width>1020</page-width>
      <page-margins type="both">
        <left-margin>60</left-margin>
        <right-margin>60</right-margin>
        <top-margin>60</top-margin>
        <bottom-margin>60</bottom-margin>
      </page-margins>
    </page-layout>
    <system-layout>
      <system-margins>
        <left-margin>0</left-margin>
        <right-margin>0</right-margin>
      </system-margins>
      <system-distance>110</system-distance>
      <top-system-distance>67</top-system-distance>
    </system-layout>
    <appearance>
      <line-width type="stem">0.7682</line-width>
      <line-width type="beam">5</line-width>
      <line-width type="staff">0.7682</line-width>
      <line-width type="light barline">0.7682</line-width>
      <line-width type="heavy barline">5</line-width>
      <line-width type="leger">0.7682</line-width>
      <line-width type="ending">0.7682</line-width>
      <line-width type="wedge">0.7682</line-width>
      <line-width type="enclosure">0.7682</line-width>
      <line-width type="tuplet bracket">0.7682</line-width>
      <note-size type="grace">50</note-size>
      <note-size type="cue">50</note-size>
      <distance type="hyphen">60</distance>
      <distance type="beam">7.5</distance>
    </appearance>
    <music-font font-family="Maestro,engraved" font-size="24"/>
    <word-font font-family="Times New Roman" font-size="12"/>
    <lyric-font font-family="Times New Roman" font-size="12"/>
  </defaults>
  <credit page="1">
    <credit-words default-x="346" default-y="1260" font-size="19" valign="top">622. Ой задумав, загадав (11-БР-10)</credit-words>
  </credit>
  <credit page="1">
    <credit-words default-x="308" default-y="1231" valign="top">Помалу</credit-words>
  </credit>
  <credit page="1">
    <credit-words default-x="121" default-y="990" font-size="17" valign="top" xml:space="preserve">1. Ой задумав, загадав, (2)
Не до мишлі жінку взяв.

2. Не до мишлі жінку взяв, (2)
Коли б її Бог приняв!

3. Прийшов милий уночі, (2)
Застав милу на печі.

4. Накрив її полотном (2)
Та ще й зверху кулаком.

5. Та ще й зверху кулаком... (2)
Сам за шапку та й пішов.

6. Сам за шапку та й пішов, (2)
На вулицю до дівчат. </credit-words>
  </credit>
  <credit page="1">
    <credit-words default-x="581" default-y="998" font-size="17" valign="top" xml:space="preserve">7. Сидять дівки рядочком, (2)
Піють пісні разочком.

8. Їдна дівка не така, (2)
Заплакала та й пішла.

9. Заплакала та й пішла... (2)
Либонь милої сестра.

10. Прибігає додому (2)
Та й не каже нікому.

11. – Ой тату наш, тату наш, (2)
На вулиці єсть зять наш!

12. – Нехай, доню, гуляє, (2)
 Господь його скарає!

13. За малую кришину, (2)
За чужую дитину.</credit-words>
  </credit>
  <credit page="1">
    <credit-words default-x="108" default-y="458" valign="top" xml:space="preserve">Зап. 1922 р. Кудрицька А. М. у с. Овечаче Бердичівського пов. на Київщині (нині с. Дружне Кали-
нівського р-ну Вінницької обл.) від Дарки Нагірної, 46 р. – ІМФЕ, ф. 6-4, од. зб. 110, арк. 21 
(текст), арк. 136 (мел.).</credit-words>
  </credit>
  <part-list>
    <score-part id="P1">
      <part-name print-object="no">MusicXML Part</part-name>
      <group>score</group>
      <score-instrument id="P1-I1">
        <instrument-name>Èíñòðóìåíò 1</instrument-name>
      </score-instrument>
      <midi-instrument id="P1-I1">
        <midi-channel>1</midi-channel>
        <midi-program>1</midi-program>
        <volume>80</volume>
        <pan>0</pan>
      </midi-instrument>
    </score-part>
  </part-list>
  <!--=========================================================-->
  <part id="P1">
    <measure number="1" width="270">
      <print>
        <page-layout>
          <page-height>1320</page-height>
          <page-width>1020</page-width>
          <page-margins>
            <left-margin>120</left-margin>
            <right-margin>60</right-margin>
            <top-margin>60</top-margin>
            <bottom-margin>60</bottom-margin>
          </page-margins>
        </page-layout>
        <system-layout>
          <system-margins>
            <left-margin>60</left-margin>
            <right-margin>0</right-margin>
          </system-margins>
          <top-system-distance>53</top-system-distance>
        </system-layout>
        <measure-numbering>none</measure-numbering>
      </print>
      <attributes>
        <divisions>2</divisions>
        <key>
          <fifths>-1</fifths>
          <mode>major</mode>
        </key>
        <time>
          <beats>5</beats>
          <beat-type>4</beat-type>
        </time>
        <clef>
          <sign>G</sign>
          <line>2</line>
        </clef>
      </attributes>
      <sound tempo="96">
        <swing>
          <straight/>
        </swing>
      </sound>
      <note default-x="134">
        <pitch>
          <step>D</step>
          <octave>4</octave>
        </pitch>
        <duration>2</duration>
        <voice>1</voice>
        <type>quarter</type>
        <stem default-y="-14">up</stem>
        <lyric default-y="-67" number="1" relative-x="-7">
          <syllabic>single</syllabic>
          <text>1.</text>
          <elision> </elision>
          <syllabic>single</syllabic>
          <text>Ой</text>
        </lyric>
      </note>
      <note default-x="167">
        <pitch>
          <step>A</step>
          <octave>4</octave>
        </pitch>
        <duration>2</duration>
        <voice>1</voice>
        <type>quarter</type>
        <stem default-y="3">up</stem>
        <lyric default-y="-67" number="1">
          <syllabic>begin</syllabic>
          <text>за</text>
        </lyric>
      </note>
      <note default-x="197">
        <pitch>
          <step>G</step>
          <octave>4</octave>
        </pitch>
        <duration>4</duration>
        <voice>1</voice>
        <type>half</type>
        <stem default-y="-2">up</stem>
        <lyric default-y="-67" number="1">
          <syllabic>middle</syllabic>
          <text>ду</text>
        </lyric>
      </note>
      <note default-x="236">
        <pitch>
          <step>E</step>
          <octave>4</octave>
        </pitch>
        <duration>2</duration>
        <voice>1</voice>
        <type>quarter</type>
        <stem default-y="-9">up</stem>
        <lyric default-y="-67" number="1">
          <syllabic>end</syllabic>
          <text>мав,</text>
        </lyric>
      </note>
    </measure>
    <!--=======================================================-->
    <measure number="2" width="170">
      <attributes>
        <time symbol="cut">
          <beats>2</beats>
          <beat-type>2</beat-type>
        </time>
      </attributes>
      <note default-x="47">
        <pitch>
          <step>F</step>
          <octave>4</octave>
        </pitch>
        <duration>2</duration>
        <voice>1</voice>
        <type>quarter</type>
        <stem default-y="0">up</stem>
        <lyric default-y="-67" number="1">
          <syllabic>begin</syllabic>
          <text>за</text>
        </lyric>
      </note>
      <note default-x="78">
        <pitch>
          <step>F</step>
          <octave>4</octave>
        </pitch>
        <duration>2</duration>
        <voice>1</voice>
        <type>quarter</type>
        <stem default-y="0">up</stem>
        <lyric default-y="-67" number="1">
          <syllabic>middle</syllabic>
          <text>га</text>
        </lyric>
      </note>
      <note default-x="116">
        <pitch>
          <step>F</step>
          <octave>4</octave>
        </pitch>
        <duration>2</duration>
        <voice>1</voice>
        <type>quarter</type>
        <stem default-y="0">up</stem>
        <notations>
          <slur bezier-x="8" bezier-y="-8" default-x="6" default-y="-45" number="1" placement="below" type="start"/>
        </notations>
        <lyric default-y="-67" number="1">
          <syllabic>end</syllabic>
          <text>дав,/</text>
        </lyric>
      </note>
      <note default-x="143">
        <pitch>
          <step>G</step>
          <octave>4</octave>
        </pitch>
        <duration>2</duration>
        <voice>1</voice>
        <type>quarter</type>
        <stem default-y="5">up</stem>
        <notations>
          <slur bezier-x="-7" bezier-y="-9" default-x="6" default-y="-43" number="1" type="stop"/>
        </notations>
      </note>
    </measure>
    <!--=======================================================-->
    <measure number="3" width="171">
      <note default-x="19">
        <pitch>
          <step>F</step>
          <octave>4</octave>
        </pitch>
        <duration>2</duration>
        <voice>1</voice>
        <type>quarter</type>
        <stem default-y="0">up</stem>
        <notations>
          <slur bezier-x="6" bezier-y="-10" default-x="6" default-y="-42" number="1" placement="below" type="start"/>
        </notations>
        <lyric default-y="-67" number="1">
          <syllabic>single</syllabic>
          <text>ой</text>
        </lyric>
      </note>
      <note default-x="43">
        <pitch>
          <step>E</step>
          <octave>4</octave>
        </pitch>
        <duration>1</duration>
        <voice>1</voice>
        <type>eighth</type>
        <stem default-y="-5">up</stem>
        <notations>
          <slur bezier-x="-9" bezier-y="-7" default-x="7" default-y="-47" number="1" type="stop"/>
        </notations>
      </note>
      <note default-x="73">
        <pitch>
          <step>E</step>
          <octave>4</octave>
        </pitch>
        <duration>1</duration>
        <voice>1</voice>
        <type>eighth</type>
        <stem default-y="-5">up</stem>
        <lyric default-y="-67" number="1">
          <syllabic>begin</syllabic>
          <text>за</text>
        </lyric>
      </note>
      <note default-x="103">
        <pitch>
          <step>D</step>
          <octave>4</octave>
        </pitch>
        <duration>2</duration>
        <voice>1</voice>
        <type>quarter</type>
        <stem default-y="-10">up</stem>
        <lyric default-y="-67" number="1">
          <syllabic>middle</syllabic>
          <text>ду</text>
        </lyric>
      </note>
      <note default-x="139">
        <pitch>
          <step>G</step>
          <octave>4</octave>
        </pitch>
        <duration>2</duration>
        <voice>1</voice>
        <type>quarter</type>
        <stem default-y="5">up</stem>
        <lyric default-y="-67" number="1">
          <syllabic>end</syllabic>
          <text>мав,</text>
        </lyric>
      </note>
    </measure>
    <!--=======================================================-->
    <measure number="4" width="169">
      <note default-x="15">
        <pitch>
          <step>D</step>
          <octave>4</octave>
        </pitch>
        <duration>2</duration>
        <voice>1</voice>
        <type>quarter</type>
        <stem default-y="-10">up</stem>
        <lyric default-y="-67" number="1">
          <syllabic>begin</syllabic>
          <text>за</text>
        </lyric>
      </note>
      <note default-x="46">
        <pitch>
          <step>D</step>
          <octave>4</octave>
        </pitch>
        <duration>2</duration>
        <voice>1</voice>
        <type>quarter</type>
        <stem default-y="-10">up</stem>
        <lyric default-y="-67" number="1">
          <syllabic>middle</syllabic>
          <text>га</text>
        </lyric>
      </note>
      <note default-x="84">
        <pitch>
          <step>D</step>
          <octave>4</octave>
        </pitch>
        <duration>2</duration>
        <voice>1</voice>
        <type>quarter</type>
        <stem default-y="-10">up</stem>
        <lyric default-y="-67" number="1">
          <syllabic>end</syllabic>
          <text>дав,/</text>
        </lyric>
      </note>
      <note default-x="113">
        <rest/>
        <duration>2</duration>
        <voice>1</voice>
        <type>quarter</type>
      </note>
    </measure>
    <!--=======================================================-->
    <measure number="5" width="287">
      <print new-system="yes">
        <system-layout>
          <system-margins>
            <left-margin>0</left-margin>
            <right-margin>389</right-margin>
          </system-margins>
          <system-distance>47</system-distance>
        </system-layout>
      </print>
      <attributes>
        <time>
          <beats>3</beats>
          <beat-type>2</beat-type>
        </time>
      </attributes>
      <note default-x="112">
        <pitch>
          <step>F</step>
          <octave>4</octave>
        </pitch>
        <duration>2</duration>
        <voice>1</voice>
        <type>quarter</type>
        <stem default-y="0">up</stem>
        <lyric default-y="-67" number="1">
          <syllabic>single</syllabic>
          <text>не</text>
        </lyric>
      </note>
      <note default-x="140">
        <pitch>
          <step>A</step>
          <octave>4</octave>
        </pitch>
        <duration>2</duration>
        <voice>1</voice>
        <type>quarter</type>
        <stem default-y="10">up</stem>
        <lyric default-y="-67" number="1">
          <syllabic>single</syllabic>
          <text>до</text>
        </lyric>
      </note>
      <note default-x="170">
        <pitch>
          <step>G</step>
          <octave>4</octave>
        </pitch>
        <duration>2</duration>
        <voice>1</voice>
        <type>quarter</type>
        <stem default-y="5">up</stem>
        <notations>
          <slur bezier-x="13" bezier-y="-16" default-x="6" default-y="-43" number="1" placement="below" type="start"/>
        </notations>
        <lyric default-y="-67" number="1">
          <syllabic>begin</syllabic>
          <text>ми</text>
        </lyric>
      </note>
      <note default-x="198">
        <pitch>
          <step>F</step>
          <octave>4</octave>
        </pitch>
        <duration>2</duration>
        <voice>1</voice>
        <type>quarter</type>
        <stem default-y="0">up</stem>
      </note>
      <note default-x="215">
        <pitch>
          <step>A</step>
          <octave>4</octave>
        </pitch>
        <duration>2</duration>
        <voice>1</voice>
        <type>quarter</type>
        <stem default-y="10">up</stem>
        <notations>
          <slur bezier-x="-10" bezier-y="-19" default-x="7" default-y="-35" number="1" type="stop"/>
        </notations>
      </note>
      <note default-x="240">
        <pitch>
          <step>B</step>
          <alter>-1</alter>
          <octave>4</octave>
        </pitch>
        <duration>1</duration>
        <voice>1</voice>
        <type>eighth</type>
        <stem default-y="15">up</stem>
        <beam number="1">begin</beam>
        <notations>
          <slur bezier-x="6" bezier-y="-12" default-x="6" default-y="-33" number="1" placement="below" type="start"/>
        </notations>
        <lyric default-y="-67" number="1">
          <syllabic>end</syllabic>
          <text>шлі</text>
        </lyric>
      </note>
      <note default-x="270">
        <pitch>
          <step>G</step>
          <octave>4</octave>
        </pitch>
        <duration>1</duration>
        <voice>1</voice>
        <type>eighth</type>
        <stem default-y="10">up</stem>
        <beam number="1">end</beam>
        <notations>
          <slur bezier-x="-12" bezier-y="-6" default-x="7" default-y="-43" number="1" type="stop"/>
        </notations>
      </note>
    </measure>
    <!--=======================================================-->
    <measure number="6" width="164">
      <attributes>
        <time symbol="cut">
          <beats>2</beats>
          <beat-type>2</beat-type>
        </time>
      </attributes>
      <note default-x="39">
        <pitch>
          <step>F</step>
          <octave>4</octave>
        </pitch>
        <duration>2</duration>
        <voice>1</voice>
        <type>quarter</type>
        <stem default-y="0">up</stem>
        <lyric default-y="-67" number="1">
          <syllabic>begin</syllabic>
          <text>жі</text>
        </lyric>
      </note>
      <note default-x="76">
        <pitch>
          <step>E</step>
          <octave>4</octave>
        </pitch>
        <duration>2</duration>
        <voice>1</voice>
        <type>quarter</type>
        <stem default-y="-5">up</stem>
        <lyric default-y="-67" number="1">
          <syllabic>end</syllabic>
          <text>нку</text>
        </lyric>
      </note>
      <note default-x="122">
        <pitch>
          <step>D</step>
          <octave>4</octave>
        </pitch>
        <duration>4</duration>
        <voice>1</voice>
        <type>half</type>
        <stem default-y="-10">up</stem>
        <lyric default-y="-67" number="1">
          <syllabic>single</syllabic>
          <text>взяв.</text>
        </lyric>
      </note>
      <barline location="right">
        <bar-style>light-heavy</bar-style>
      </barline>
    </measure>
  </part>
  <!--=========================================================-->
</score-partwise>
