<?xml version="1.0" encoding="UTF-8" standalone="no"?>
<!DOCTYPE score-partwise PUBLIC "-//Recordare//DTD MusicXML 4.0 Partwise//EN" "http://www.musicxml.org/dtds/partwise.dtd">
<score-partwise version="4.0">
  <identification>
    <encoding>
      <software>Finale v27.3 for Windows</software>
      <encoding-date>2024-10-02</encoding-date>
      <supports attribute="new-system" element="print" type="yes" value="yes"/>
      <supports attribute="new-page" element="print" type="yes" value="yes"/>
      <supports element="accidental" type="yes"/>
      <supports element="beam" type="yes"/>
      <supports element="stem" type="yes"/>
    </encoding>
  </identification>
  <defaults>
    <scaling>
      <millimeters>8.4667</millimeters>
      <tenths>40</tenths>
    </scaling>
    <page-layout>
      <page-height>1320</page-height>
      <page-width>1020</page-width>
      <page-margins type="both">
        <left-margin>60</left-margin>
        <right-margin>60</right-margin>
        <top-margin>60</top-margin>
        <bottom-margin>60</bottom-margin>
      </page-margins>
    </page-layout>
    <system-layout>
      <system-margins>
        <left-margin>0</left-margin>
        <right-margin>0</right-margin>
      </system-margins>
      <system-distance>110</system-distance>
      <top-system-distance>67</top-system-distance>
    </system-layout>
    <appearance>
      <line-width type="stem">0.7682</line-width>
      <line-width type="beam">5</line-width>
      <line-width type="staff">0.7682</line-width>
      <line-width type="light barline">0.7682</line-width>
      <line-width type="heavy barline">5</line-width>
      <line-width type="leger">0.7682</line-width>
      <line-width type="ending">0.7682</line-width>
      <line-width type="wedge">0.7682</line-width>
      <line-width type="enclosure">0.7682</line-width>
      <line-width type="tuplet bracket">0.7682</line-width>
      <note-size type="grace">50</note-size>
      <note-size type="cue">50</note-size>
      <distance type="hyphen">60</distance>
      <distance type="beam">7.5</distance>
    </appearance>
    <music-font font-family="Finale Maestro,engraved" font-size="24"/>
    <word-font font-family="Times New Roman" font-size="12"/>
    <lyric-font font-family="Times New Roman" font-size="12"/>
  </defaults>
  <credit page="1">
    <credit-words default-x="128" default-y="598" valign="top" xml:space="preserve">Зап. 10.05 2009 р. Кушка Т Я., Матіяш Д. В. у с. Білки Іллінецького р-ну Вінницької обл. від 
фольк. анс. "Джерело"(кер. Білкун І. С.), № 8. Розшифр. Єфремова Л. О., № 7.</credit-words>
  </credit>
  <credit page="1">
    <credit-words default-x="390" default-y="1260" font-size="19" valign="top">646. Летіла зозуля (15-БР-13)</credit-words>
  </credit>
  <credit page="1">
    <credit-words default-x="130" default-y="954" font-size="17" valign="top" xml:space="preserve">1. Летіла зозуля
Та й стала кувати,
Ой то не зозуля,
То рідная мати.*
2. Зозуля кувала,
Всю правду казала,
Цієї години
Матінки(і) не стало.
3. Прибігла до хати,
Стала на порозі,</credit-words>
  </credit>
  <credit page="1">
    <credit-words default-x="121" default-y="80" valign="top">* Другу половину кожної строфи співають двічі. (Л. Є.)</credit-words>
  </credit>
  <credit page="1">
    <credit-words default-x="723" default-y="951" font-size="17" valign="top" xml:space="preserve">6. Змалювали очі,
Змалювали брови,
Та й не змалювали
Милої розмови.
7. Летіла зозуля
Та й стала кувати,
Ой то не зозуля,
То рідная мати.</credit-words>
  </credit>
  <credit page="1">
    <credit-words default-x="494" default-y="1225" valign="top">80 Сумно</credit-words>
  </credit>
  <credit page="1">
    <credit-words default-x="283" default-y="1230" valign="top">Одна</credit-words>
  </credit>
  <credit page="1">
    <credit-words default-x="658" default-y="1224" valign="top">Усі</credit-words>
  </credit>
  <credit page="1">
    <credit-words default-x="436" default-y="954" font-size="17" valign="top" xml:space="preserve">Заболіло серце,
Покотились сльози.
4. – Ой мати, ой мати,
Ой де ж тебе взяти,
Чи тебе купити?
Чи намалювати?
5. Збігались маляри,
До хати моєї,
Змалювали неньку
На білій постелі.</credit-words>
  </credit>
  <credit page="1">
    <credit-words default-x="528" default-y="50" valign="top">406</credit-words>
  </credit>
  <part-list>
    <score-part id="P1">
      <part-name print-object="no">MusicXML Part</part-name>
      <group>score</group>
      <score-instrument id="P1-I1">
        <instrument-name>Èíñòðóìåíò 1</instrument-name>
      </score-instrument>
      <midi-instrument id="P1-I1">
        <midi-channel>1</midi-channel>
        <midi-program>1</midi-program>
        <volume>80</volume>
        <pan>0</pan>
      </midi-instrument>
    </score-part>
  </part-list>
  <!--=========================================================-->
  <part id="P1">
    <measure number="1" width="467">
      <print>
        <page-layout>
          <page-height>1320</page-height>
          <page-width>1020</page-width>
          <page-margins>
            <left-margin>121</left-margin>
            <right-margin>60</right-margin>
            <top-margin>60</top-margin>
            <bottom-margin>60</bottom-margin>
          </page-margins>
        </page-layout>
        <system-layout>
          <system-margins>
            <left-margin>59</left-margin>
            <right-margin>0</right-margin>
          </system-margins>
          <top-system-distance>57</top-system-distance>
        </system-layout>
        <measure-numbering>none</measure-numbering>
      </print>
      <attributes>
        <divisions>4</divisions>
        <key>
          <fifths>5</fifths>
          <mode>major</mode>
        </key>
        <time>
          <beats>7</beats>
          <beat-type>4</beat-type>
        </time>
        <clef>
          <sign>G</sign>
          <line>2</line>
          <clef-octave-change>-1</clef-octave-change>
        </clef>
      </attributes>
      <sound tempo="80">
        <swing>
          <straight/>
        </swing>
      </sound>
      <direction placement="above">
        <direction-type>
          <words default-y="8">quarter note equals</words>
        </direction-type>
      </direction>
      <note default-x="155">
        <pitch>
          <step>G</step>
          <alter>1</alter>
          <octave>3</octave>
        </pitch>
        <duration>4</duration>
        <voice>1</voice>
        <type>quarter</type>
        <stem default-y="5">up</stem>
        <lyric default-y="-62" number="1">
          <syllabic>single</syllabic>
          <text>1.</text>
          <elision> </elision>
          <syllabic>begin</syllabic>
          <text>Ле</text>
        </lyric>
      </note>
      <note default-x="200">
        <pitch>
          <step>B</step>
          <octave>3</octave>
        </pitch>
        <duration>8</duration>
        <voice>1</voice>
        <type>half</type>
        <stem default-y="-55">down</stem>
        <lyric default-y="-62" number="1">
          <syllabic>middle</syllabic>
          <text>ті</text>
        </lyric>
      </note>
      <note default-x="269">
        <pitch>
          <step>A</step>
          <alter>1</alter>
          <octave>3</octave>
        </pitch>
        <duration>2</duration>
        <voice>1</voice>
        <type>eighth</type>
        <stem default-y="10">up</stem>
        <lyric default-y="-62" number="1">
          <syllabic>end</syllabic>
          <text>ла</text>
        </lyric>
      </note>
      <note default-x="300">
        <pitch>
          <step>G</step>
          <alter>1</alter>
          <octave>3</octave>
        </pitch>
        <duration>2</duration>
        <voice>1</voice>
        <type>eighth</type>
        <stem default-y="5">up</stem>
        <lyric default-y="-62" number="1">
          <syllabic>begin</syllabic>
          <text>зо</text>
        </lyric>
      </note>
      <note default-x="330">
        <pitch>
          <step>D</step>
          <alter>1</alter>
          <octave>4</octave>
        </pitch>
        <duration>4</duration>
        <voice>1</voice>
        <type>quarter</type>
        <stem default-y="-45">down</stem>
        <lyric default-y="-62" number="1">
          <syllabic>middle</syllabic>
          <text>зу</text>
        </lyric>
      </note>
      <note default-x="373">
        <pitch>
          <step>D</step>
          <alter>1</alter>
          <octave>4</octave>
        </pitch>
        <duration>6</duration>
        <voice>1</voice>
        <type>quarter</type>
        <dot/>
        <stem default-y="-45">down</stem>
        <notations>
          <slur bezier-x="19" bezier-y="22" default-x="6" default-y="3" number="1" placement="above" type="start"/>
        </notations>
        <lyric default-y="-62" number="1" relative-x="6">
          <syllabic>end</syllabic>
          <text>ля/</text>
        </lyric>
      </note>
      <note default-x="430">
        <pitch>
          <step>B</step>
          <octave>3</octave>
        </pitch>
        <duration>1</duration>
        <voice>1</voice>
        <type>16th</type>
        <stem default-y="15">up</stem>
        <beam number="1">begin</beam>
        <beam number="2">begin</beam>
      </note>
      <note default-x="448">
        <pitch>
          <step>A</step>
          <alter>1</alter>
          <octave>3</octave>
        </pitch>
        <duration>1</duration>
        <voice>1</voice>
        <type>16th</type>
        <stem default-y="10">up</stem>
        <beam number="1">end</beam>
        <beam number="2">end</beam>
        <notations>
          <slur bezier-x="-24" bezier-y="16" default-x="12" default-y="15" number="1" type="stop"/>
        </notations>
      </note>
    </measure>
    <!--=======================================================-->
    <measure number="2" width="313">
      <note default-x="13">
        <pitch>
          <step>G</step>
          <alter>1</alter>
          <octave>3</octave>
        </pitch>
        <duration>4</duration>
        <voice>1</voice>
        <type>quarter</type>
        <stem default-y="5">up</stem>
        <lyric default-y="-62" number="1">
          <syllabic>single</syllabic>
          <text>та</text>
          <elision> </elision>
          <syllabic>single</syllabic>
          <text>й</text>
        </lyric>
      </note>
      <note default-x="58">
        <pitch>
          <step>B</step>
          <octave>3</octave>
        </pitch>
        <duration>8</duration>
        <voice>1</voice>
        <type>half</type>
        <stem default-y="-55">down</stem>
        <lyric default-y="-62" number="1">
          <syllabic>begin</syllabic>
          <text>ста</text>
        </lyric>
      </note>
      <note default-x="126">
        <pitch>
          <step>A</step>
          <alter>1</alter>
          <octave>3</octave>
        </pitch>
        <duration>2</duration>
        <voice>1</voice>
        <type>eighth</type>
        <stem default-y="10">up</stem>
        <lyric default-y="-62" number="1">
          <syllabic>end</syllabic>
          <text>ла</text>
        </lyric>
      </note>
      <note default-x="158">
        <pitch>
          <step>G</step>
          <alter>1</alter>
          <octave>3</octave>
        </pitch>
        <duration>2</duration>
        <voice>1</voice>
        <type>eighth</type>
        <stem default-y="5">up</stem>
        <lyric default-y="-62" number="1">
          <syllabic>begin</syllabic>
          <text>ку</text>
        </lyric>
      </note>
      <note default-x="189">
        <pitch>
          <step>D</step>
          <alter>1</alter>
          <octave>4</octave>
        </pitch>
        <duration>4</duration>
        <voice>1</voice>
        <type>quarter</type>
        <stem default-y="-45">down</stem>
        <lyric default-y="-62" number="1">
          <syllabic>middle</syllabic>
          <text>ва</text>
        </lyric>
      </note>
      <note default-x="230">
        <pitch>
          <step>D</step>
          <alter>1</alter>
          <octave>4</octave>
        </pitch>
        <duration>6</duration>
        <voice>1</voice>
        <type>quarter</type>
        <dot/>
        <stem default-y="-45">down</stem>
        <lyric default-y="-62" number="1" relative-x="9">
          <syllabic>end</syllabic>
          <text>ти,/</text>
        </lyric>
      </note>
      <note default-x="286">
        <rest/>
        <duration>2</duration>
        <voice>1</voice>
        <type>eighth</type>
      </note>
    </measure>
    <!--=======================================================-->
    <measure number="3" width="472">
      <print new-system="yes">
        <system-layout>
          <system-distance>62</system-distance>
        </system-layout>
      </print>
      <barline location="left">
        <bar-style>heavy-light</bar-style>
        <repeat direction="forward" winged="none"/>
      </barline>
      <note default-x="140">
        <pitch>
          <step>E</step>
          <octave>4</octave>
        </pitch>
        <duration>4</duration>
        <voice>1</voice>
        <type>quarter</type>
        <stem default-y="23.5">up</stem>
        <lyric default-y="-62" number="1">
          <syllabic>single</syllabic>
          <text>ой</text>
        </lyric>
      </note>
      <note default-x="189">
        <pitch>
          <step>E</step>
          <octave>4</octave>
        </pitch>
        <duration>8</duration>
        <voice>1</voice>
        <type>half</type>
        <stem default-y="33.5">up</stem>
        <lyric default-y="-62" number="1">
          <syllabic>single</syllabic>
          <text>то</text>
        </lyric>
      </note>
      <note default-x="189">
        <chord/>
        <pitch>
          <step>G</step>
          <alter>1</alter>
          <octave>4</octave>
        </pitch>
        <duration>8</duration>
        <voice>1</voice>
        <type>half</type>
        <stem>up</stem>
      </note>
      <note default-x="267">
        <pitch>
          <step>A</step>
          <alter>1</alter>
          <octave>4</octave>
        </pitch>
        <duration>2</duration>
        <voice>1</voice>
        <type>eighth</type>
        <stem default-y="45">up</stem>
        <lyric default-y="-62" number="1">
          <syllabic>single</syllabic>
          <text>не</text>
        </lyric>
      </note>
      <note default-x="298">
        <pitch>
          <step>G</step>
          <alter>1</alter>
          <octave>4</octave>
        </pitch>
        <duration>2</duration>
        <voice>1</voice>
        <type>eighth</type>
        <stem default-y="40">up</stem>
        <lyric default-y="-62" number="1">
          <syllabic>begin</syllabic>
          <text>зо</text>
        </lyric>
      </note>
      <note default-x="329">
        <pitch>
          <step>D</step>
          <alter>1</alter>
          <octave>4</octave>
        </pitch>
        <duration>4</duration>
        <voice>1</voice>
        <type>quarter</type>
        <stem default-y="18.5">up</stem>
        <lyric default-y="-62" number="1">
          <syllabic>middle</syllabic>
          <text>зу</text>
        </lyric>
      </note>
      <note default-x="378">
        <pitch>
          <step>B</step>
          <octave>4</octave>
        </pitch>
        <duration>8</duration>
        <voice>1</voice>
        <type>half</type>
        <stem default-y="43.5">up</stem>
        <lyric default-y="-62" number="1">
          <syllabic>end</syllabic>
          <text>ля,/</text>
        </lyric>
      </note>
      <backup>
        <duration>28</duration>
      </backup>
      <note default-x="140">
        <pitch>
          <step>C</step>
          <alter>1</alter>
          <octave>4</octave>
        </pitch>
        <duration>4</duration>
        <voice>2</voice>
        <type>quarter</type>
        <stem default-y="-50">down</stem>
      </note>
      <note default-x="189">
        <pitch>
          <step>C</step>
          <alter>1</alter>
          <octave>4</octave>
        </pitch>
        <duration>8</duration>
        <voice>2</voice>
        <type>half</type>
        <stem default-y="-50">down</stem>
      </note>
      <note default-x="267">
        <pitch>
          <step>D</step>
          <alter>1</alter>
          <octave>4</octave>
        </pitch>
        <duration>2</duration>
        <voice>2</voice>
        <type>eighth</type>
        <stem default-y="-45">down</stem>
      </note>
      <note default-x="267">
        <chord/>
        <pitch>
          <step>F</step>
          <alter>1</alter>
          <octave>4</octave>
        </pitch>
        <duration>2</duration>
        <voice>2</voice>
        <type>eighth</type>
        <stem>down</stem>
      </note>
      <note default-x="298">
        <pitch>
          <step>C</step>
          <alter>1</alter>
          <octave>4</octave>
        </pitch>
        <duration>2</duration>
        <voice>2</voice>
        <type>eighth</type>
        <stem default-y="-50">down</stem>
      </note>
      <note default-x="298">
        <chord/>
        <pitch>
          <step>E</step>
          <octave>4</octave>
        </pitch>
        <duration>2</duration>
        <voice>2</voice>
        <type>eighth</type>
        <stem>down</stem>
      </note>
      <note default-x="329">
        <pitch>
          <step>B</step>
          <octave>3</octave>
        </pitch>
        <duration>4</duration>
        <voice>2</voice>
        <type>quarter</type>
        <stem default-y="-55">down</stem>
      </note>
      <note default-x="378">
        <pitch>
          <step>B</step>
          <octave>3</octave>
        </pitch>
        <duration>6</duration>
        <voice>2</voice>
        <type>quarter</type>
        <dot/>
        <stem default-y="-55">down</stem>
      </note>
      <note default-x="378">
        <chord/>
        <pitch>
          <step>D</step>
          <alter>1</alter>
          <octave>4</octave>
        </pitch>
        <duration>6</duration>
        <voice>2</voice>
        <type>quarter</type>
        <dot/>
        <stem>down</stem>
      </note>
      <note default-x="441">
        <rest>
          <display-step>C</display-step>
          <display-octave>3</display-octave>
        </rest>
        <duration>2</duration>
        <voice>2</voice>
        <type>eighth</type>
      </note>
    </measure>
    <!--=======================================================-->
    <measure number="4" width="367">
      <direction placement="below">
        <direction-type>
          <words default-y="-15">( )</words>
        </direction-type>
      </direction>
      <note default-x="16">
        <pitch>
          <step>A</step>
          <alter>1</alter>
          <octave>4</octave>
        </pitch>
        <duration>4</duration>
        <voice>1</voice>
        <type>quarter</type>
        <stem default-y="38.5">up</stem>
        <lyric default-y="-62" number="1">
          <syllabic>single</syllabic>
          <text>то</text>
        </lyric>
      </note>
      <direction placement="below">
        <direction-type>
          <words default-y="-16">( )</words>
        </direction-type>
      </direction>
      <note default-x="64">
        <pitch>
          <step>A</step>
          <alter>1</alter>
          <octave>4</octave>
        </pitch>
        <duration>8</duration>
        <voice>1</voice>
        <type>half</type>
        <stem default-y="38.5">up</stem>
        <lyric default-y="-62" number="1">
          <syllabic>begin</syllabic>
          <text>рі</text>
        </lyric>
      </note>
      <note default-x="143">
        <pitch>
          <step>B</step>
          <octave>4</octave>
        </pitch>
        <duration>2</duration>
        <voice>1</voice>
        <type>eighth</type>
        <stem default-y="50">up</stem>
        <lyric default-y="-62" number="1">
          <syllabic>middle</syllabic>
          <text>дна</text>
        </lyric>
      </note>
      <note default-x="175">
        <pitch>
          <step>A</step>
          <alter>1</alter>
          <octave>4</octave>
        </pitch>
        <duration>2</duration>
        <voice>1</voice>
        <type>eighth</type>
        <stem default-y="45">up</stem>
        <lyric default-y="-62" number="1">
          <syllabic>end</syllabic>
          <text>я</text>
        </lyric>
      </note>
      <note default-x="207">
        <pitch>
          <step>G</step>
          <alter>1</alter>
          <octave>4</octave>
        </pitch>
        <duration>4</duration>
        <voice>1</voice>
        <type>quarter</type>
        <stem default-y="33.5">up</stem>
        <lyric default-y="-62" number="1">
          <syllabic>begin</syllabic>
          <text>ма</text>
        </lyric>
      </note>
      <note default-x="255">
        <pitch>
          <step>G</step>
          <alter>1</alter>
          <octave>4</octave>
        </pitch>
        <duration>6</duration>
        <voice>1</voice>
        <type>quarter</type>
        <dot/>
        <stem default-y="33.5">up</stem>
        <lyric default-y="-62" number="1" relative-x="3">
          <syllabic>end</syllabic>
          <text>ти.</text>
        </lyric>
      </note>
      <note default-x="319">
        <rest>
          <display-step>A</display-step>
          <display-octave>4</display-octave>
        </rest>
        <duration>2</duration>
        <voice>1</voice>
        <type>eighth</type>
      </note>
      <backup>
        <duration>28</duration>
      </backup>
      <note default-x="16">
        <pitch>
          <step>A</step>
          <alter>1</alter>
          <octave>3</octave>
        </pitch>
        <duration>4</duration>
        <voice>2</voice>
        <type>quarter</type>
        <stem default-y="-53">down</stem>
      </note>
      <note default-x="16">
        <chord/>
        <pitch>
          <step>C</step>
          <alter>1</alter>
          <octave>4</octave>
        </pitch>
        <duration>4</duration>
        <voice>2</voice>
        <type>quarter</type>
        <stem>down</stem>
      </note>
      <note default-x="64">
        <pitch>
          <step>A</step>
          <alter>1</alter>
          <octave>3</octave>
        </pitch>
        <duration>8</duration>
        <voice>2</voice>
        <type>half</type>
        <stem default-y="-53">down</stem>
      </note>
      <note default-x="64">
        <chord/>
        <pitch>
          <step>C</step>
          <alter>1</alter>
          <octave>4</octave>
        </pitch>
        <duration>8</duration>
        <voice>2</voice>
        <type>half</type>
        <stem>down</stem>
      </note>
      <note default-x="143">
        <pitch>
          <step>B</step>
          <octave>3</octave>
        </pitch>
        <duration>2</duration>
        <voice>2</voice>
        <type>eighth</type>
        <stem default-y="-55">down</stem>
      </note>
      <note default-x="175">
        <pitch>
          <step>A</step>
          <alter>1</alter>
          <octave>3</octave>
        </pitch>
        <duration>2</duration>
        <voice>2</voice>
        <type>eighth</type>
        <stem default-y="-60">down</stem>
      </note>
      <note default-x="207">
        <pitch>
          <step>G</step>
          <alter>1</alter>
          <octave>3</octave>
        </pitch>
        <duration>4</duration>
        <voice>2</voice>
        <type>quarter</type>
        <stem default-y="-58">down</stem>
      </note>
      <note default-x="255">
        <pitch>
          <step>G</step>
          <alter>1</alter>
          <octave>3</octave>
        </pitch>
        <duration>6</duration>
        <voice>2</voice>
        <type>quarter</type>
        <dot/>
        <stem default-y="-58">down</stem>
      </note>
      <note default-x="319">
        <rest>
          <display-step>C</display-step>
          <display-octave>3</display-octave>
        </rest>
        <duration>2</duration>
        <voice>2</voice>
        <type>eighth</type>
      </note>
      <barline location="right">
        <bar-style>light-heavy</bar-style>
        <repeat direction="backward" winged="none"/>
      </barline>
    </measure>
  </part>
  <!--=========================================================-->
</score-partwise>
