<?xml version="1.0" encoding="UTF-8" standalone="no"?>
<!DOCTYPE score-partwise PUBLIC "-//Recordare//DTD MusicXML 4.0 Partwise//EN" "http://www.musicxml.org/dtds/partwise.dtd">
<score-partwise version="4.0">
  <identification>
    <encoding>
      <software>Finale v27.3 for Windows</software>
      <encoding-date>2024-08-30</encoding-date>
      <supports attribute="new-system" element="print" type="yes" value="yes"/>
      <supports attribute="new-page" element="print" type="yes" value="yes"/>
      <supports element="accidental" type="yes"/>
      <supports element="beam" type="yes"/>
      <supports element="stem" type="yes"/>
    </encoding>
  </identification>
  <defaults>
    <scaling>
      <millimeters>8.4667</millimeters>
      <tenths>40</tenths>
    </scaling>
    <page-layout>
      <page-height>1320</page-height>
      <page-width>1020</page-width>
      <page-margins type="both">
        <left-margin>60</left-margin>
        <right-margin>60</right-margin>
        <top-margin>60</top-margin>
        <bottom-margin>60</bottom-margin>
      </page-margins>
    </page-layout>
    <system-layout>
      <system-margins>
        <left-margin>0</left-margin>
        <right-margin>0</right-margin>
      </system-margins>
      <system-distance>110</system-distance>
      <top-system-distance>67</top-system-distance>
    </system-layout>
    <appearance>
      <line-width type="stem">0.7682</line-width>
      <line-width type="beam">5</line-width>
      <line-width type="staff">0.7682</line-width>
      <line-width type="light barline">0.7682</line-width>
      <line-width type="heavy barline">5</line-width>
      <line-width type="leger">0.7682</line-width>
      <line-width type="ending">0.7682</line-width>
      <line-width type="wedge">0.7682</line-width>
      <line-width type="enclosure">0.7682</line-width>
      <line-width type="tuplet bracket">0.7682</line-width>
      <note-size type="grace">50</note-size>
      <note-size type="cue">50</note-size>
      <distance type="hyphen">60</distance>
      <distance type="beam">7.5</distance>
    </appearance>
    <music-font font-family="Finale Maestro,engraved" font-size="24"/>
    <word-font font-family="Times New Roman" font-size="12"/>
    <lyric-font font-family="Times New Roman" font-size="12"/>
  </defaults>
  <credit page="1">
    <credit-words default-x="360" default-y="1260" font-size="19" valign="top">638. Усі гори зеленіють (16-БР-02)</credit-words>
  </credit>
  <credit page="1">
    <credit-words default-x="459" default-y="1186" valign="top">70 Помірно</credit-words>
  </credit>
  <credit page="1">
    <credit-words default-x="524" default-y="46" valign="top">398</credit-words>
  </credit>
  <credit page="1">
    <credit-words default-x="143" default-y="928" font-size="17" valign="top" xml:space="preserve">1. Усі гори зеленіють, (2)
Де багаті жито сіють.
2. Тількі одна гора чорна, (2)
Там сіяла бідна вдова. 
3. Там сіяла, волочила, (2)
Слізоньками примочила.
4. Люта зима наступає, (2)
Сестра братчика благає:
5. – Ой братчику-соколоньку, (2)
Прийми ж мене на зимоньку.
6. – Ой сестричко-перепілко, (2)
Коли ж в тебе діток стілько.
7. Раз четверо, раз п’ятеро, (2)
Разом буде дев’ятеро.
8. – А ти, брате, не лякайся, (2)
Моїх діток не цурайся.</credit-words>
  </credit>
  <credit page="1">
    <credit-words default-x="633" default-y="931" font-size="17" valign="top" xml:space="preserve">9. Як ти сядеш обідати, (2)
Мої діти вийдуть з хати.
10. – Ідіть, діти, ідіть з хати, (2)
Вуйко буде обідати.
11. Поки вуйко обідали, (2)
Діти тата одвідали.
12. – Встаньте, тату, 
             встаньте з ями, (2)
Горе жити коло мами.
13. Встаньте, тату, 
           встаньте з гробу, (2)
Горе жити коло роду.</credit-words>
  </credit>
  <credit page="1">
    <credit-words default-x="129" default-y="299" valign="top" xml:space="preserve">Зап. 11.05 2009 р. Матіяш Д., Кушка Т. у с. Івашківці Шаргородського р-ну Вінницької обл. від гу-
рту. Розшифр. Єфремова Л. О., № 1 (101). Вар. зап. у лютому 2007 р. вони ж у с. Забужжя Неми-
рівського р-ну Вінницької обл. від гурту. № 39 (576). Вар. 1 зап. 3.05 2009 р. вони ж у с. Сиваківці  
Липовецького р-ну Вінницької обл. від гурту. № 9 (353). Вар. 2 зап. вони ж у с. Стіна Томашпіль-
ського р-ну Вінницької обл. Розшифр. № 10 (254). Вар. 3 зап у лютому 2007 р. вони ж у с. Устя 
Бершадського р-ну Вінницької обл. від гурту. Розшифр. Єфремова Л. О. № 16 (396). </credit-words>
  </credit>
  <part-list>
    <score-part id="P1">
      <part-name print-object="no">MusicXML Part</part-name>
      <group>score</group>
      <score-instrument id="P1-I1">
        <instrument-name>Èíñòðóìåíò 1</instrument-name>
      </score-instrument>
      <midi-instrument id="P1-I1">
        <midi-channel>1</midi-channel>
        <midi-program>1</midi-program>
        <volume>80</volume>
        <pan>0</pan>
      </midi-instrument>
    </score-part>
  </part-list>
  <!--=========================================================-->
  <part id="P1">
    <measure number="1" width="310">
      <print>
        <page-layout>
          <page-height>1320</page-height>
          <page-width>1020</page-width>
          <page-margins>
            <left-margin>121</left-margin>
            <right-margin>60</right-margin>
            <top-margin>60</top-margin>
            <bottom-margin>60</bottom-margin>
          </page-margins>
        </page-layout>
        <system-layout>
          <system-margins>
            <left-margin>60</left-margin>
            <right-margin>0</right-margin>
          </system-margins>
          <top-system-distance>106</top-system-distance>
        </system-layout>
        <measure-numbering>none</measure-numbering>
      </print>
      <attributes>
        <divisions>8</divisions>
        <key>
          <fifths>5</fifths>
          <mode>major</mode>
        </key>
        <time>
          <beats>2</beats>
          <beat-type>4</beat-type>
        </time>
        <clef>
          <sign>G</sign>
          <line>2</line>
          <clef-octave-change>-1</clef-octave-change>
        </clef>
      </attributes>
      <sound tempo="80">
        <swing>
          <straight/>
        </swing>
      </sound>
      <direction placement="above">
        <direction-type>
          <words default-y="16" relative-x="-47">quarter note equals</words>
        </direction-type>
      </direction>
      <direction placement="below">
        <direction-type>
          <words default-y="-23" relative-x="-210">Вар. 3</words>
        </direction-type>
      </direction>
      <note default-x="155">
        <pitch>
          <step>G</step>
          <alter>1</alter>
          <octave>3</octave>
        </pitch>
        <duration>4</duration>
        <voice>1</voice>
        <type>eighth</type>
        <stem default-y="5">up</stem>
        <lyric default-y="-58" number="5">
          <syllabic>single</syllabic>
          <text>Де</text>
        </lyric>
      </note>
      <note default-x="193">
        <pitch>
          <step>D</step>
          <alter>1</alter>
          <octave>4</octave>
        </pitch>
        <duration>4</duration>
        <voice>1</voice>
        <type>eighth</type>
        <stem default-y="-45">down</stem>
        <lyric default-y="-58" number="5">
          <syllabic>begin</syllabic>
          <text>сі</text>
        </lyric>
      </note>
      <note default-x="232">
        <pitch>
          <step>D</step>
          <alter>1</alter>
          <octave>4</octave>
        </pitch>
        <duration>4</duration>
        <voice>1</voice>
        <type>eighth</type>
        <stem default-y="-45">down</stem>
        <lyric default-y="-58" number="5">
          <syllabic>middle</syllabic>
          <text>я</text>
        </lyric>
      </note>
      <note default-x="270">
        <pitch>
          <step>D</step>
          <alter>1</alter>
          <octave>4</octave>
        </pitch>
        <duration>4</duration>
        <voice>1</voice>
        <type>eighth</type>
        <stem default-y="-45">down</stem>
        <lyric default-y="-58" number="5">
          <syllabic>end</syllabic>
          <text>ла,</text>
        </lyric>
      </note>
    </measure>
    <!--=======================================================-->
    <measure number="2" width="161">
      <note default-x="13">
        <pitch>
          <step>G</step>
          <alter>1</alter>
          <octave>4</octave>
        </pitch>
        <duration>4</duration>
        <voice>1</voice>
        <type>eighth</type>
        <stem default-y="-30">down</stem>
        <lyric default-y="-58" number="5">
          <syllabic>begin</syllabic>
          <text>во</text>
        </lyric>
      </note>
      <note default-x="50">
        <pitch>
          <step>G</step>
          <alter>1</alter>
          <octave>4</octave>
        </pitch>
        <duration>4</duration>
        <voice>1</voice>
        <type>eighth</type>
        <stem default-y="-30">down</stem>
        <lyric default-y="-58" number="5">
          <syllabic>middle</syllabic>
          <text>ло</text>
        </lyric>
      </note>
      <note default-x="87">
        <pitch>
          <step>F</step>
          <alter>1</alter>
          <octave>4</octave>
        </pitch>
        <duration>4</duration>
        <voice>1</voice>
        <type>eighth</type>
        <stem default-y="-35">down</stem>
        <beam number="1">begin</beam>
        <notations>
          <slur bezier-x="12" bezier-y="9" default-x="6" default-y="10" number="1" placement="above" type="start"/>
        </notations>
        <lyric default-y="-58" number="5" relative-x="4">
          <syllabic>middle</syllabic>
          <text>чи</text>
        </lyric>
      </note>
      <direction placement="below">
        <direction-type>
          <words default-y="-7">( )</words>
        </direction-type>
      </direction>
      <note default-x="123">
        <pitch>
          <step>E</step>
          <octave>4</octave>
        </pitch>
        <duration>4</duration>
        <voice>1</voice>
        <type>eighth</type>
        <stem default-y="-40">down</stem>
        <beam number="1">end</beam>
        <notations>
          <slur bezier-x="-9" bezier-y="12" default-x="6" default-y="5" number="1" type="stop"/>
        </notations>
      </note>
    </measure>
    <!--=======================================================-->
    <measure number="3" width="119">
      <note default-x="13">
        <pitch>
          <step>D</step>
          <alter>1</alter>
          <octave>4</octave>
        </pitch>
        <duration>8</duration>
        <voice>1</voice>
        <type>quarter</type>
        <stem default-y="-45">down</stem>
        <lyric default-y="-58" number="5">
          <syllabic>end</syllabic>
          <text>ла,/</text>
        </lyric>
      </note>
      <note default-x="66">
        <rest/>
        <duration>8</duration>
        <voice>1</voice>
        <type>quarter</type>
      </note>
    </measure>
    <!--=======================================================-->
    <measure number="4" width="190">
      <note default-x="13">
        <pitch>
          <step>F</step>
          <alter>1</alter>
          <octave>4</octave>
        </pitch>
        <duration>4</duration>
        <voice>1</voice>
        <type>eighth</type>
        <stem default-y="35">up</stem>
        <lyric default-y="-58" number="5">
          <syllabic>single</syllabic>
          <text>де</text>
        </lyric>
      </note>
      <note default-x="58">
        <pitch>
          <step>G</step>
          <alter>1</alter>
          <octave>4</octave>
        </pitch>
        <duration>4</duration>
        <voice>1</voice>
        <type>eighth</type>
        <stem default-y="40">up</stem>
        <lyric default-y="-58" number="5">
          <syllabic>begin</syllabic>
          <text>сі</text>
        </lyric>
      </note>
      <note default-x="101">
        <pitch>
          <step>A</step>
          <alter>1</alter>
          <octave>4</octave>
        </pitch>
        <duration>4</duration>
        <voice>1</voice>
        <type>eighth</type>
        <stem default-y="45">up</stem>
        <lyric default-y="-58" number="5">
          <syllabic>middle</syllabic>
          <text>я</text>
        </lyric>
      </note>
      <note default-x="145">
        <pitch>
          <step>G</step>
          <alter>1</alter>
          <octave>4</octave>
        </pitch>
        <duration>4</duration>
        <voice>1</voice>
        <type>eighth</type>
        <stem default-y="40">up</stem>
        <lyric default-y="-58" number="5">
          <syllabic>end</syllabic>
          <text>ла,</text>
        </lyric>
      </note>
      <backup>
        <duration>16</duration>
      </backup>
      <note default-x="13">
        <pitch>
          <step>D</step>
          <alter>1</alter>
          <octave>4</octave>
        </pitch>
        <duration>4</duration>
        <voice>2</voice>
        <type>eighth</type>
        <stem default-y="-45">down</stem>
      </note>
      <note default-x="58">
        <pitch>
          <step>E</step>
          <octave>4</octave>
        </pitch>
        <duration>4</duration>
        <voice>2</voice>
        <type>eighth</type>
        <stem default-y="-40">down</stem>
      </note>
      <note default-x="101">
        <pitch>
          <step>F</step>
          <alter>1</alter>
          <octave>4</octave>
        </pitch>
        <duration>4</duration>
        <voice>2</voice>
        <type>eighth</type>
        <stem default-y="-35">down</stem>
      </note>
      <note default-x="145">
        <pitch>
          <step>E</step>
          <octave>4</octave>
        </pitch>
        <duration>4</duration>
        <voice>2</voice>
        <type>eighth</type>
        <stem default-y="-40">down</stem>
      </note>
    </measure>
    <!--=======================================================-->
    <measure number="5" width="255">
      <print new-system="yes">
        <system-layout>
          <system-distance>55</system-distance>
        </system-layout>
      </print>
      <note default-x="123">
        <pitch>
          <step>F</step>
          <alter>1</alter>
          <octave>4</octave>
        </pitch>
        <duration>8</duration>
        <voice>1</voice>
        <type>quarter</type>
        <stem default-y="28.5">up</stem>
        <lyric default-y="-80" number="5">
          <syllabic>begin</syllabic>
          <text>во</text>
        </lyric>
      </note>
      <note default-x="185">
        <pitch>
          <step>E</step>
          <octave>4</octave>
        </pitch>
        <duration>8</duration>
        <voice>1</voice>
        <type>quarter</type>
        <stem default-y="23.5">up</stem>
        <lyric default-y="-80" number="5">
          <syllabic>middle</syllabic>
          <text>ло</text>
        </lyric>
      </note>
      <backup>
        <duration>16</duration>
      </backup>
      <note default-x="123">
        <pitch>
          <step>D</step>
          <alter>1</alter>
          <octave>4</octave>
        </pitch>
        <duration>4</duration>
        <voice>2</voice>
        <type>eighth</type>
        <stem default-y="-50">down</stem>
        <beam number="1">begin</beam>
        <notations>
          <slur bezier-x="8" bezier-y="-11" default-x="1" default-y="-55" number="1" placement="below" type="start"/>
        </notations>
      </note>
      <note default-x="154">
        <pitch>
          <step>B</step>
          <octave>3</octave>
        </pitch>
        <duration>4</duration>
        <voice>2</voice>
        <type>eighth</type>
        <stem default-y="-55">down</stem>
        <beam number="1">end</beam>
        <notations>
          <slur bezier-x="-10" bezier-y="-8" default-x="0" default-y="-60" number="1" type="stop"/>
        </notations>
      </note>
      <note default-x="185">
        <pitch>
          <step>C</step>
          <alter>1</alter>
          <octave>4</octave>
        </pitch>
        <duration>4</duration>
        <voice>2</voice>
        <type>eighth</type>
        <stem default-y="-55">down</stem>
        <beam number="1">begin</beam>
        <notations>
          <slur bezier-x="13" bezier-y="-14" default-x="1" default-y="-60" number="1" placement="below" type="start"/>
        </notations>
      </note>
      <note default-x="216">
        <pitch>
          <step>B</step>
          <octave>3</octave>
        </pitch>
        <duration>2</duration>
        <voice>2</voice>
        <type>16th</type>
        <stem default-y="-58">down</stem>
        <beam number="1">continue</beam>
        <beam number="2">begin</beam>
      </note>
      <note default-x="235">
        <pitch>
          <step>A</step>
          <alter>1</alter>
          <octave>3</octave>
        </pitch>
        <duration>2</duration>
        <voice>2</voice>
        <type>16th</type>
        <stem default-y="-60">down</stem>
        <beam number="1">end</beam>
        <beam number="2">end</beam>
        <notations>
          <slur bezier-x="-15" bezier-y="-11" default-x="0" default-y="-65" number="1" type="stop"/>
        </notations>
      </note>
    </measure>
    <!--=======================================================-->
    <measure number="6" width="143">
      <note default-x="13">
        <pitch>
          <step>B</step>
          <octave>3</octave>
        </pitch>
        <duration>8</duration>
        <voice>1</voice>
        <type>quarter</type>
        <stem default-y="15">up</stem>
        <lyric default-y="-80" number="5">
          <syllabic>middle</syllabic>
          <text>чи</text>
        </lyric>
      </note>
      <direction placement="below">
        <direction-type>
          <words default-y="-27">( )</words>
        </direction-type>
        <offset>-4</offset>
      </direction>
      <note default-x="79">
        <pitch>
          <step>D</step>
          <alter>1</alter>
          <octave>4</octave>
        </pitch>
        <duration>6</duration>
        <voice>1</voice>
        <type>eighth</type>
        <dot/>
        <stem default-y="25">up</stem>
        <lyric default-y="-80" number="5">
          <syllabic>end</syllabic>
          <text>ла,/</text>
        </lyric>
      </note>
      <note default-x="123">
        <rest>
          <display-step>A</display-step>
          <display-octave>4</display-octave>
        </rest>
        <duration>2</duration>
        <voice>1</voice>
        <type>16th</type>
      </note>
      <backup>
        <duration>16</duration>
      </backup>
      <note default-x="13">
        <pitch>
          <step>G</step>
          <alter>1</alter>
          <octave>3</octave>
        </pitch>
        <duration>4</duration>
        <voice>2</voice>
        <type>eighth</type>
        <stem default-y="-65">down</stem>
        <beam number="1">begin</beam>
        <notations>
          <slur bezier-x="11" bezier-y="-8" default-x="1" default-y="-70" number="1" placement="below" type="start"/>
        </notations>
      </note>
      <note default-x="46">
        <pitch>
          <step>A</step>
          <alter>1</alter>
          <octave>3</octave>
        </pitch>
        <duration>4</duration>
        <voice>2</voice>
        <type>eighth</type>
        <stem default-y="-60">down</stem>
        <beam number="1">end</beam>
        <notations>
          <slur bezier-x="-8" bezier-y="-11" default-x="0" default-y="-65" number="1" type="stop"/>
        </notations>
      </note>
      <note default-x="79">
        <pitch>
          <step>B</step>
          <octave>3</octave>
        </pitch>
        <duration>6</duration>
        <voice>2</voice>
        <type>eighth</type>
        <dot/>
        <stem default-y="-55">down</stem>
      </note>
      <note default-x="123">
        <rest>
          <display-step>C</display-step>
          <display-octave>3</display-octave>
        </rest>
        <duration>2</duration>
        <voice>2</voice>
        <type>16th</type>
      </note>
    </measure>
    <!--=======================================================-->
    <measure number="7" width="198">
      <note default-x="13">
        <pitch>
          <step>F</step>
          <alter>1</alter>
          <octave>4</octave>
        </pitch>
        <duration>4</duration>
        <voice>1</voice>
        <type>eighth</type>
        <stem default-y="35">up</stem>
        <lyric default-y="-80" number="5">
          <syllabic>begin</syllabic>
          <text>слі</text>
        </lyric>
      </note>
      <note default-x="59">
        <pitch>
          <step>G</step>
          <alter>1</alter>
          <octave>4</octave>
        </pitch>
        <duration>4</duration>
        <voice>1</voice>
        <type>eighth</type>
        <stem default-y="40">up</stem>
        <lyric default-y="-80" number="5">
          <syllabic>middle</syllabic>
          <text>зо</text>
        </lyric>
      </note>
      <note default-x="105">
        <pitch>
          <step>F</step>
          <alter>1</alter>
          <octave>4</octave>
        </pitch>
        <duration>4</duration>
        <voice>1</voice>
        <type>eighth</type>
        <stem default-y="35">up</stem>
        <lyric default-y="-80" number="5">
          <syllabic>middle</syllabic>
          <text>нька</text>
        </lyric>
      </note>
      <note default-x="151">
        <pitch>
          <step>E</step>
          <octave>4</octave>
        </pitch>
        <duration>4</duration>
        <voice>1</voice>
        <type>eighth</type>
        <stem default-y="30">up</stem>
        <lyric default-y="-80" number="5">
          <syllabic>end</syllabic>
          <text>ми</text>
        </lyric>
      </note>
      <backup>
        <duration>16</duration>
      </backup>
      <note default-x="13">
        <pitch>
          <step>D</step>
          <alter>1</alter>
          <octave>4</octave>
        </pitch>
        <duration>4</duration>
        <voice>2</voice>
        <type>eighth</type>
        <stem default-y="-45">down</stem>
      </note>
      <note default-x="59">
        <pitch>
          <step>E</step>
          <octave>4</octave>
        </pitch>
        <duration>4</duration>
        <voice>2</voice>
        <type>eighth</type>
        <stem default-y="-40">down</stem>
      </note>
      <note default-x="105">
        <pitch>
          <step>D</step>
          <alter>1</alter>
          <octave>4</octave>
        </pitch>
        <duration>4</duration>
        <voice>2</voice>
        <type>eighth</type>
        <stem default-y="-45">down</stem>
      </note>
      <note default-x="151">
        <pitch>
          <step>C</step>
          <alter>1</alter>
          <octave>4</octave>
        </pitch>
        <duration>4</duration>
        <voice>2</voice>
        <type>eighth</type>
        <stem default-y="-50">down</stem>
      </note>
    </measure>
    <!--=======================================================-->
    <measure number="8" width="145">
      <note default-x="13">
        <pitch>
          <step>D</step>
          <alter>1</alter>
          <octave>4</octave>
        </pitch>
        <duration>8</duration>
        <voice>1</voice>
        <type>quarter</type>
        <stem default-y="18.5">up</stem>
        <lyric default-y="-80" number="5">
          <syllabic>begin</syllabic>
          <text>при</text>
        </lyric>
      </note>
      <note default-x="79">
        <pitch>
          <step>C</step>
          <alter>1</alter>
          <octave>4</octave>
        </pitch>
        <duration>4</duration>
        <voice>1</voice>
        <type>eighth</type>
        <stem default-y="20">up</stem>
        <notations>
          <slur bezier-x="5" bezier-y="7" dash-length="7.5" default-x="23" default-y="10" line-type="dashed" number="1" orientation="over" space-length="7.5" type="start"/>
        </notations>
        <lyric default-y="-80" number="5">
          <syllabic>middle</syllabic>
          <text>мо</text>
        </lyric>
      </note>
      <note default-x="112">
        <pitch>
          <step>C</step>
          <alter>1</alter>
          <octave>4</octave>
        </pitch>
        <duration>4</duration>
        <voice>1</voice>
        <type>eighth</type>
        <stem default-y="20">up</stem>
        <notations>
          <slur bezier-x="-5" bezier-y="7" default-x="7" default-y="10" number="1" type="stop"/>
        </notations>
      </note>
      <backup>
        <duration>16</duration>
      </backup>
      <note default-x="13">
        <pitch>
          <step>B</step>
          <octave>3</octave>
        </pitch>
        <duration>4</duration>
        <voice>2</voice>
        <type>eighth</type>
        <stem default-y="-60">down</stem>
        <beam number="1">begin</beam>
        <notations>
          <slur bezier-x="8" bezier-y="-11" default-x="1" default-y="-65" number="1" placement="below" type="start"/>
        </notations>
      </note>
      <note default-x="46">
        <pitch>
          <step>G</step>
          <alter>1</alter>
          <octave>3</octave>
        </pitch>
        <duration>4</duration>
        <voice>2</voice>
        <type>eighth</type>
        <stem default-y="-65">down</stem>
        <beam number="1">end</beam>
        <notations>
          <slur bezier-x="-11" bezier-y="-8" default-x="0" default-y="-70" number="1" type="stop"/>
        </notations>
      </note>
      <note default-x="79">
        <pitch>
          <step>A</step>
          <alter>1</alter>
          <octave>3</octave>
        </pitch>
        <duration>4</duration>
        <voice>2</voice>
        <type>eighth</type>
        <stem default-y="-60">down</stem>
        <notations>
          <slur bezier-x="5" bezier-y="-7" dash-length="7.5" default-x="11" default-y="-50" line-type="dashed" number="1" placement="below" space-length="7.5" type="start"/>
        </notations>
      </note>
      <note default-x="112">
        <pitch>
          <step>A</step>
          <alter>1</alter>
          <octave>3</octave>
        </pitch>
        <duration>4</duration>
        <voice>2</voice>
        <type>eighth</type>
        <stem default-y="-60">down</stem>
        <notations>
          <slur bezier-x="-5" bezier-y="-7" default-x="-5" default-y="-50" number="1" type="stop"/>
        </notations>
      </note>
    </measure>
    <!--=======================================================-->
    <measure number="9" width="98">
      <note default-x="13">
        <pitch>
          <step>G</step>
          <alter>1</alter>
          <octave>3</octave>
        </pitch>
        <duration>16</duration>
        <voice>1</voice>
        <type>half</type>
        <stem default-y="5">up</stem>
        <lyric default-y="-80" number="5" relative-x="7">
          <syllabic>end</syllabic>
          <text>чи(ла).</text>
        </lyric>
      </note>
      <backup>
        <duration>16</duration>
      </backup>
      <note default-x="13">
        <pitch>
          <step>G</step>
          <alter>1</alter>
          <octave>3</octave>
        </pitch>
        <duration>16</duration>
        <voice>2</voice>
        <type>half</type>
        <stem default-y="-58">down</stem>
      </note>
      <barline location="right">
        <bar-style>light-heavy</bar-style>
      </barline>
    </measure>
  </part>
  <!--=========================================================-->
</score-partwise>
