<?xml version="1.0" encoding="UTF-8" standalone="no"?>
<!DOCTYPE score-partwise PUBLIC "-//Recordare//DTD MusicXML 4.0 Partwise//EN" "http://www.musicxml.org/dtds/partwise.dtd">
<score-partwise version="4.0">
  <identification>
    <encoding>
      <software>Finale v27.3 for Windows</software>
      <encoding-date>2024-08-09</encoding-date>
      <supports attribute="new-system" element="print" type="yes" value="yes"/>
      <supports attribute="new-page" element="print" type="yes" value="yes"/>
      <supports element="accidental" type="yes"/>
      <supports element="beam" type="yes"/>
      <supports element="stem" type="yes"/>
    </encoding>
  </identification>
  <defaults>
    <scaling>
      <millimeters>8.4667</millimeters>
      <tenths>40</tenths>
    </scaling>
    <page-layout>
      <page-height>1320</page-height>
      <page-width>1020</page-width>
      <page-margins type="both">
        <left-margin>60</left-margin>
        <right-margin>60</right-margin>
        <top-margin>60</top-margin>
        <bottom-margin>60</bottom-margin>
      </page-margins>
    </page-layout>
    <system-layout>
      <system-margins>
        <left-margin>0</left-margin>
        <right-margin>0</right-margin>
      </system-margins>
      <system-distance>110</system-distance>
      <top-system-distance>67</top-system-distance>
    </system-layout>
    <appearance>
      <line-width type="stem">0.7682</line-width>
      <line-width type="beam">5</line-width>
      <line-width type="staff">0.7682</line-width>
      <line-width type="light barline">0.7682</line-width>
      <line-width type="heavy barline">5</line-width>
      <line-width type="leger">0.7682</line-width>
      <line-width type="ending">0.7682</line-width>
      <line-width type="wedge">0.7682</line-width>
      <line-width type="enclosure">0.7682</line-width>
      <line-width type="tuplet bracket">0.7682</line-width>
      <note-size type="grace">50</note-size>
      <note-size type="cue">50</note-size>
      <distance type="hyphen">60</distance>
      <distance type="beam">7.5</distance>
    </appearance>
    <music-font font-family="Finale Maestro,engraved" font-size="24"/>
    <word-font font-family="Times New Roman" font-size="12"/>
    <lyric-font font-family="Times New Roman" font-size="12"/>
  </defaults>
  <credit page="1">
    <credit-words default-x="181" default-y="103" valign="top" xml:space="preserve">Зап. 1927 р. Харків В. у с. Нишівці Мурованокуриливецького р-ну Вінницької обл. від 
Штефана Маловичка. – ІМФЕ, ф. 6-3, од. зб. 80, арк. 20-22 (текст), арк. 24 (мел.).</credit-words>
  </credit>
  <credit page="1">
    <credit-words default-x="361" default-y="1260" font-size="19" valign="top">567. Йа ше вчера ізвечера (05-БР-10)</credit-words>
  </credit>
  <credit page="1">
    <credit-words default-x="194" default-y="1050" font-size="14" valign="top" xml:space="preserve">1. Йа ше вчера ізвечера,
Ше й кури не піли,
Ішов Яків до вдовоньки,
Щоб люде не чули.
2. – Добрий вечір, удовочко,
Добрий вечір, серце!
Вона шельма відповіла:
– Убий жінку перше.
3. Навчила-сь мні, удовочко,
Як тебе любити,
Навчи мене, удовочко,
Як жінку й убити.
4. – Йди, Якове, до коршмоньки,
Напийся горівки,
А як прийдеш до домочку,
Вчепися до жінки.
5. – Ой удово, удовочко,
Як її убити,
Моя жінка молоденька,
Буде ся просити.
6. – Не давайся, Яковочку,
На її прозьбочку,
Забий коси у лавочку
Та бий в головочку.
7. Вибий вікна в своїй хаті,
Скажут, шо здуріла.
Заткай каглу, засунь двері,
Скажут – загоріла.
8. Пішов Яков до коршмочки,
Напився горівки,
А як прийшов додомочку,
Вчепився до жінки.</credit-words>
  </credit>
  <credit page="1">
    <credit-words default-x="621" default-y="1050" font-size="14" valign="top" xml:space="preserve">9. А як прийшов додомочку,
Зачав її бити,
Його жінка молоденька
Стала ся просити.
10. – Не дивися, Яковочку,
Що я молоденька,
Подивися у колиску, –
Дитина маленька.
11. Лиши мене, Яковочку,
Хоч трошки живую,
Най я сеє мале дитя
Хоть рік пого(у)дую.
12. Убив Яків свою жінку,
Лишив серед хати,
А сам пішов на лотоки
Рученьки вмивати.
13. А сам пішов на лотоки
Рученьки вмивати,
А сусіда, добра жінка
Дала неньці знати.
14. А як прийшла її ненька,
Глянула в віконце, –
Лежить дочка Яленочка,
Як яснеє сонце.
15. – Дочко моя Яленочко,
Шо ти провинила,
Ой шо твоя кров червона
Землю сполонила?
16. – Нічого я, моя ненько,
Ніц не провинила,
Через вдову, вражу дочку
Смерти я пожила.</credit-words>
  </credit>
  <credit page="1">
    <credit-words default-x="521" default-y="49" valign="top">347</credit-words>
  </credit>
  <part-list>
    <score-part id="P1">
      <part-name print-object="no">MusicXML Part</part-name>
      <group>score</group>
      <score-instrument id="P1-I1">
        <instrument-name>Èíñòðóìåíò 1</instrument-name>
      </score-instrument>
      <midi-instrument id="P1-I1">
        <midi-channel>1</midi-channel>
        <midi-program>1</midi-program>
        <volume>80</volume>
        <pan>0</pan>
      </midi-instrument>
    </score-part>
  </part-list>
  <!--=========================================================-->
  <part id="P1">
    <measure number="1" width="239">
      <print>
        <page-layout>
          <page-height>1320</page-height>
          <page-width>1020</page-width>
          <page-margins>
            <left-margin>180</left-margin>
            <right-margin>60</right-margin>
            <top-margin>60</top-margin>
            <bottom-margin>60</bottom-margin>
          </page-margins>
        </page-layout>
        <system-layout>
          <system-margins>
            <left-margin>58</left-margin>
            <right-margin>0</right-margin>
          </system-margins>
          <top-system-distance>52</top-system-distance>
        </system-layout>
        <measure-numbering>none</measure-numbering>
      </print>
      <attributes>
        <divisions>4</divisions>
        <key>
          <fifths>1</fifths>
          <mode>major</mode>
        </key>
        <time>
          <beats>5</beats>
          <beat-type>8</beat-type>
        </time>
        <clef>
          <sign>G</sign>
          <line>2</line>
        </clef>
      </attributes>
      <sound tempo="96">
        <swing>
          <straight/>
        </swing>
      </sound>
      <note default-x="108">
        <pitch>
          <step>E</step>
          <octave>4</octave>
        </pitch>
        <duration>2</duration>
        <voice>1</voice>
        <type>eighth</type>
        <stem default-y="-5">up</stem>
        <lyric default-y="-66" number="1">
          <syllabic>single</syllabic>
          <text>1.</text>
          <elision> </elision>
          <syllabic>single</syllabic>
          <text>Йа</text>
        </lyric>
      </note>
      <note default-x="149">
        <pitch>
          <step>B</step>
          <octave>4</octave>
        </pitch>
        <duration>4</duration>
        <voice>1</voice>
        <type>quarter</type>
        <stem default-y="-55">down</stem>
        <lyric default-y="-67" number="1">
          <syllabic>single</syllabic>
          <text>ше</text>
        </lyric>
      </note>
      <note default-x="183">
        <pitch>
          <step>B</step>
          <octave>4</octave>
        </pitch>
        <duration>2</duration>
        <voice>1</voice>
        <type>eighth</type>
        <stem default-y="-55">down</stem>
        <lyric default-y="-67" number="1">
          <syllabic>begin</syllabic>
          <text>вче</text>
        </lyric>
      </note>
      <note default-x="214">
        <pitch>
          <step>B</step>
          <octave>4</octave>
        </pitch>
        <duration>2</duration>
        <voice>1</voice>
        <type>eighth</type>
        <stem default-y="-55">down</stem>
        <lyric default-y="-67" number="1">
          <syllabic>end</syllabic>
          <text>ра</text>
        </lyric>
      </note>
    </measure>
    <!--=======================================================-->
    <measure number="2" width="181">
      <attributes>
        <time>
          <beats>6</beats>
          <beat-type>8</beat-type>
        </time>
      </attributes>
      <note default-x="45">
        <pitch>
          <step>A</step>
          <octave>4</octave>
        </pitch>
        <duration>2</duration>
        <voice>1</voice>
        <type>eighth</type>
        <stem default-y="10">up</stem>
        <lyric default-y="-67" number="1">
          <syllabic>begin</syllabic>
          <text>і</text>
        </lyric>
      </note>
      <note default-x="74">
        <pitch>
          <step>A</step>
          <octave>4</octave>
        </pitch>
        <duration>2</duration>
        <voice>1</voice>
        <type>eighth</type>
        <stem default-y="10">up</stem>
        <beam number="1">begin</beam>
        <notations>
          <slur bezier-x="3" bezier-y="-9" default-x="6" default-y="-35" number="1" placement="below" type="start"/>
        </notations>
        <lyric default-y="-67" number="1" relative-x="6">
          <syllabic>middle</syllabic>
          <text>зве</text>
        </lyric>
      </note>
      <note default-x="92">
        <pitch>
          <step>G</step>
          <octave>4</octave>
        </pitch>
        <duration>2</duration>
        <voice>1</voice>
        <type>eighth</type>
        <stem default-y="5">up</stem>
        <beam number="1">end</beam>
        <notations>
          <slur bezier-x="-8" bezier-y="-5" default-x="6" default-y="-43" number="1" type="stop"/>
        </notations>
      </note>
      <note default-x="113">
        <pitch>
          <step>F</step>
          <alter>1</alter>
          <octave>4</octave>
        </pitch>
        <duration>2</duration>
        <voice>1</voice>
        <type>eighth</type>
        <stem default-y="0">up</stem>
        <lyric default-y="-67" number="1">
          <syllabic>middle</syllabic>
          <text>че</text>
        </lyric>
      </note>
      <note default-x="149">
        <pitch>
          <step>E</step>
          <octave>4</octave>
        </pitch>
        <duration>4</duration>
        <voice>1</voice>
        <type>quarter</type>
        <stem default-y="-5">up</stem>
        <lyric default-y="-67" number="1">
          <syllabic>end</syllabic>
          <text>ра,/</text>
        </lyric>
      </note>
    </measure>
    <!--=======================================================-->
    <measure number="3" width="145">
      <note default-x="13">
        <pitch>
          <step>G</step>
          <octave>4</octave>
        </pitch>
        <duration>2</duration>
        <voice>1</voice>
        <type>eighth</type>
        <stem default-y="5">up</stem>
        <lyric default-y="-67" number="1">
          <syllabic>single</syllabic>
          <text>ше</text>
          <elision> </elision>
          <syllabic>single</syllabic>
          <text>й</text>
        </lyric>
      </note>
      <note default-x="53">
        <pitch>
          <step>B</step>
          <octave>4</octave>
        </pitch>
        <duration>4</duration>
        <voice>1</voice>
        <type>quarter</type>
        <stem default-y="-55">down</stem>
        <lyric default-y="-67" number="1">
          <syllabic>begin</syllabic>
          <text>ку</text>
        </lyric>
      </note>
      <note default-x="85">
        <pitch>
          <step>B</step>
          <octave>4</octave>
        </pitch>
        <duration>2</duration>
        <voice>1</voice>
        <type>eighth</type>
        <stem default-y="-55">down</stem>
        <lyric default-y="-67" number="1">
          <syllabic>end</syllabic>
          <text>ри</text>
        </lyric>
      </note>
      <note default-x="115">
        <pitch>
          <step>B</step>
          <octave>4</octave>
        </pitch>
        <duration>4</duration>
        <voice>1</voice>
        <type>quarter</type>
        <stem default-y="-55">down</stem>
        <lyric default-y="-67" number="1">
          <syllabic>single</syllabic>
          <text>не</text>
        </lyric>
      </note>
    </measure>
    <!--=======================================================-->
    <measure number="4" width="157">
      <attributes>
        <time>
          <beats>2</beats>
          <beat-type>4</beat-type>
        </time>
      </attributes>
      <note default-x="46">
        <pitch>
          <step>A</step>
          <octave>4</octave>
        </pitch>
        <duration>2</duration>
        <voice>1</voice>
        <type>eighth</type>
        <stem default-y="10">up</stem>
        <beam number="1">begin</beam>
        <notations>
          <slur bezier-x="3" bezier-y="-9" default-x="6" default-y="-35" number="1" placement="below" type="start"/>
        </notations>
        <lyric default-y="-67" number="1">
          <syllabic>begin</syllabic>
          <text>пі</text>
        </lyric>
      </note>
      <note default-x="65">
        <pitch>
          <step>G</step>
          <octave>4</octave>
        </pitch>
        <duration>2</duration>
        <voice>1</voice>
        <type>eighth</type>
        <stem default-y="5">up</stem>
        <beam number="1">end</beam>
        <notations>
          <slur bezier-x="-9" bezier-y="-5" default-x="6" default-y="-43" number="1" type="stop"/>
        </notations>
      </note>
      <note default-x="92">
        <pitch>
          <step>F</step>
          <alter>1</alter>
          <octave>4</octave>
        </pitch>
        <duration>4</duration>
        <voice>1</voice>
        <type>quarter</type>
        <stem default-y="0">up</stem>
        <notations>
          <technical>
            <up-bow default-x="2" default-y="10" placement="above"/>
          </technical>
        </notations>
        <lyric default-y="-67" number="1">
          <syllabic>end</syllabic>
          <text>ли,/</text>
        </lyric>
      </note>
    </measure>
    <!--=======================================================-->
    <measure number="5" width="271">
      <print new-system="yes">
        <system-layout>
          <system-distance>42</system-distance>
        </system-layout>
      </print>
      <attributes>
        <time>
          <beats>6</beats>
          <beat-type>8</beat-type>
        </time>
      </attributes>
      <note default-x="109">
        <pitch>
          <step>F</step>
          <alter>1</alter>
          <octave>4</octave>
        </pitch>
        <duration>1</duration>
        <voice>1</voice>
        <type>16th</type>
        <stem default-y="0">up</stem>
        <beam number="1">begin</beam>
        <beam number="2">begin</beam>
        <notations>
          <slur bezier-x="7" bezier-y="-7" default-x="6" default-y="-45" number="1" placement="below" type="start"/>
        </notations>
        <lyric default-y="-72" number="1">
          <syllabic>begin</syllabic>
          <text>і</text>
        </lyric>
      </note>
      <note default-x="128">
        <pitch>
          <step>G</step>
          <octave>4</octave>
        </pitch>
        <duration>1</duration>
        <voice>1</voice>
        <type>16th</type>
        <stem default-y="5">up</stem>
        <beam number="1">end</beam>
        <beam number="2">end</beam>
        <notations>
          <slur bezier-x="-5" bezier-y="-8" default-x="6" default-y="-43" number="1" type="stop"/>
        </notations>
      </note>
      <note default-x="157">
        <pitch>
          <step>A</step>
          <octave>4</octave>
        </pitch>
        <duration>4</duration>
        <voice>1</voice>
        <type>quarter</type>
        <stem default-y="10">up</stem>
        <lyric default-y="-72" number="1">
          <syllabic>end</syllabic>
          <text>шов</text>
        </lyric>
      </note>
      <note default-x="195">
        <pitch>
          <step>A</step>
          <octave>4</octave>
        </pitch>
        <duration>2</duration>
        <voice>1</voice>
        <type>eighth</type>
        <stem default-y="10">up</stem>
        <lyric default-y="-72" number="1">
          <syllabic>begin</syllabic>
          <text>Я</text>
        </lyric>
      </note>
      <note default-x="231">
        <pitch>
          <step>B</step>
          <octave>4</octave>
        </pitch>
        <duration>4</duration>
        <voice>1</voice>
        <type>quarter</type>
        <stem default-y="-55">down</stem>
        <lyric default-y="-72" number="1">
          <syllabic>end</syllabic>
          <text>ків</text>
        </lyric>
      </note>
    </measure>
    <!--=======================================================-->
    <measure number="6" width="186">
      <note default-x="13">
        <pitch>
          <step>E</step>
          <octave>4</octave>
        </pitch>
        <duration>2</duration>
        <voice>1</voice>
        <type>eighth</type>
        <stem default-y="-5">up</stem>
        <lyric default-y="-72" number="1">
          <syllabic>single</syllabic>
          <text>до</text>
        </lyric>
      </note>
      <note default-x="51">
        <pitch>
          <step>D</step>
          <octave>4</octave>
        </pitch>
        <duration>4</duration>
        <voice>1</voice>
        <type>quarter</type>
        <stem default-y="-10">up</stem>
        <lyric default-y="-72" number="1">
          <syllabic>begin</syllabic>
          <text>вдо</text>
        </lyric>
      </note>
      <note default-x="92">
        <pitch>
          <step>C</step>
          <alter>1</alter>
          <octave>4</octave>
        </pitch>
        <duration>2</duration>
        <voice>1</voice>
        <type>eighth</type>
        <accidental>sharp</accidental>
        <stem default-y="-15">up</stem>
        <lyric default-y="-72" number="1">
          <syllabic>middle</syllabic>
          <text>во</text>
        </lyric>
      </note>
      <note default-x="139">
        <pitch>
          <step>B</step>
          <octave>3</octave>
        </pitch>
        <duration>4</duration>
        <voice>1</voice>
        <type>quarter</type>
        <stem default-y="-20">up</stem>
        <lyric default-y="-72" number="1">
          <syllabic>end</syllabic>
          <text>ньки,/</text>
        </lyric>
      </note>
    </measure>
    <!--=======================================================-->
    <measure number="7" width="178">
      <note default-x="13">
        <pitch>
          <step>E</step>
          <octave>4</octave>
        </pitch>
        <duration>2</duration>
        <voice>1</voice>
        <type>eighth</type>
        <stem default-y="-5">up</stem>
        <lyric default-y="-72" number="1">
          <syllabic>single</syllabic>
          <text>шоб</text>
        </lyric>
      </note>
      <note default-x="48">
        <pitch>
          <step>F</step>
          <alter>1</alter>
          <octave>4</octave>
        </pitch>
        <duration>2</duration>
        <voice>1</voice>
        <type>eighth</type>
        <stem default-y="0">up</stem>
        <beam number="1">begin</beam>
        <notations>
          <slur bezier-x="10" bezier-y="-9" default-x="6" default-y="-45" number="1" placement="below" type="start"/>
        </notations>
        <lyric default-y="-72" number="1" relative-x="6">
          <syllabic>begin</syllabic>
          <text>лю</text>
        </lyric>
      </note>
      <note default-x="79">
        <pitch>
          <step>G</step>
          <alter>1</alter>
          <octave>4</octave>
        </pitch>
        <duration>2</duration>
        <voice>1</voice>
        <type>eighth</type>
        <accidental>sharp</accidental>
        <stem default-y="5">up</stem>
        <beam number="1">end</beam>
        <notations>
          <slur bezier-x="-8" bezier-y="-10" default-x="6" default-y="-43" number="1" type="stop"/>
        </notations>
      </note>
      <note default-x="104">
        <pitch>
          <step>A</step>
          <octave>4</octave>
        </pitch>
        <duration>2</duration>
        <voice>1</voice>
        <type>eighth</type>
        <stem default-y="10">up</stem>
        <lyric default-y="-72" number="1">
          <syllabic>end</syllabic>
          <text>де</text>
        </lyric>
      </note>
      <note default-x="137">
        <pitch>
          <step>A</step>
          <octave>4</octave>
        </pitch>
        <duration>4</duration>
        <voice>1</voice>
        <type>quarter</type>
        <stem default-y="10">up</stem>
        <lyric default-y="-72" number="1">
          <syllabic>single</syllabic>
          <text>не</text>
        </lyric>
      </note>
    </measure>
    <!--=======================================================-->
    <measure number="8" width="145">
      <attributes>
        <time>
          <beats>2</beats>
          <beat-type>4</beat-type>
        </time>
      </attributes>
      <note default-x="46">
        <pitch>
          <step>E</step>
          <octave>4</octave>
        </pitch>
        <duration>6</duration>
        <voice>1</voice>
        <type>quarter</type>
        <dot/>
        <stem default-y="-5">up</stem>
        <lyric default-y="-72" number="1">
          <syllabic>begin</syllabic>
          <text>чу</text>
        </lyric>
      </note>
      <direction placement="below">
        <direction-type>
          <words default-y="-41">( )</words>
        </direction-type>
      </direction>
      <note default-x="98">
        <pitch>
          <step>E</step>
          <octave>4</octave>
        </pitch>
        <duration>2</duration>
        <voice>1</voice>
        <type>eighth</type>
        <stem default-y="-5">up</stem>
        <lyric default-y="-72" number="1">
          <syllabic>end</syllabic>
          <text>(ли).</text>
        </lyric>
      </note>
      <barline location="right">
        <bar-style>light-heavy</bar-style>
      </barline>
    </measure>
  </part>
  <!--=========================================================-->
</score-partwise>
