<?xml version="1.0" encoding="UTF-8" standalone="no"?>
<!DOCTYPE score-partwise PUBLIC "-//Recordare//DTD MusicXML 4.0 Partwise//EN" "http://www.musicxml.org/dtds/partwise.dtd">
<score-partwise version="4.0">
  <identification>
    <encoding>
      <software>Finale v27.3 for Windows</software>
      <encoding-date>2024-08-31</encoding-date>
      <supports attribute="new-system" element="print" type="yes" value="yes"/>
      <supports attribute="new-page" element="print" type="yes" value="yes"/>
      <supports element="accidental" type="yes"/>
      <supports element="beam" type="yes"/>
      <supports element="stem" type="yes"/>
    </encoding>
  </identification>
  <defaults>
    <scaling>
      <millimeters>8.4667</millimeters>
      <tenths>40</tenths>
    </scaling>
    <page-layout>
      <page-height>1320</page-height>
      <page-width>1020</page-width>
      <page-margins type="both">
        <left-margin>60</left-margin>
        <right-margin>60</right-margin>
        <top-margin>60</top-margin>
        <bottom-margin>60</bottom-margin>
      </page-margins>
    </page-layout>
    <system-layout>
      <system-margins>
        <left-margin>66</left-margin>
        <right-margin>0</right-margin>
      </system-margins>
      <system-distance>217</system-distance>
      <top-system-distance>174</top-system-distance>
    </system-layout>
    <appearance>
      <line-width type="stem">0.7682</line-width>
      <line-width type="beam">5</line-width>
      <line-width type="staff">0.7682</line-width>
      <line-width type="light barline">0.7682</line-width>
      <line-width type="heavy barline">5</line-width>
      <line-width type="leger">0.7682</line-width>
      <line-width type="ending">0.7682</line-width>
      <line-width type="wedge">0.7682</line-width>
      <line-width type="enclosure">0.7682</line-width>
      <line-width type="tuplet bracket">0.7682</line-width>
      <note-size type="grace">50</note-size>
      <note-size type="cue">50</note-size>
      <distance type="hyphen">60</distance>
      <distance type="beam">7.5</distance>
    </appearance>
    <music-font font-family="Finale Maestro,engraved" font-size="24"/>
    <word-font font-family="Times New Roman" font-size="12"/>
    <lyric-font font-family="Times New Roman" font-size="12"/>
  </defaults>
  <credit page="1">
    <credit-words default-x="126" default-y="184" valign="top" xml:space="preserve">Зап. у 1972 р. експ. ІМФЕ у с. Кармалюкове Жмеринського р-ну Вінницької обл. від Слюсар Марії 
Кирилівни та Голуб Параски Степанівни. – ІМФЕ, ф. 14-5, од. зб. 424/ІІІ, арк. 15; фонозапис ф. 
14-10, од. зб. 1249 (7). Розшифр. Виноградов Г. В. Співали колись жінки і дівчата на вулиці, на по-
лі, на весіллях. Тепер співають тільки старші жінки.</credit-words>
  </credit>
  <credit page="1">
    <credit-words default-x="316" default-y="1247" font-size="19" valign="top">643. Мала мати єдну дочку (17-БР-01б)</credit-words>
  </credit>
  <credit page="1">
    <credit-words default-x="147" default-y="958" font-size="17" valign="top" xml:space="preserve">1. Мала мати єдну дочку
Та й купала (й)у медочку,
Ой як віддавала
Та й наказувала,
Щоб сім років не бувала.*
2. Дочка цего (й) не слухала
Та й до року прилетіла,
Перекинулася
Сивой зозулею
Та й в вишньовім саду сіла.
3. Та й в вишньовім саду сіла,
Та й почала кувати:
Ой чи не вийде,
Ой чи не почує
Моя рідная мати.
4. Ой як мати почула
Та й стала на порозі,
Ой як згадала,
Куди дочку дала,
Обілляли її сльози.
5. – Возьми, сину, рушницю
Та й застрели зозулицю,</credit-words>
  </credit>
  <credit page="1">
    <credit-words default-x="121" default-y="69" valign="top">* У тексті зазначено повтор другої половини кожної строфи. (Л. Є.)</credit-words>
  </credit>
  <credit page="1">
    <credit-words default-x="600" default-y="952" font-size="17" valign="top" xml:space="preserve">Ой нехай не кує,
Садочка не глуше,
Мого серця не суше.
6. Ой (як) взяв син рушницю
Та й націлив зозулицю.
– Ой не стріляй, брате,
Бо я твоя сестра,
Та й будемо розмовляти.
7. – Ой як ти ж моя сестра,
Та й ходімо до хати,
Ой та посідаєм
На золотих креслах
Та й будемо розмовляти.
8. Ой сестро ж моя, сестро,
Ой де ж твоє біле тіло?
– Моє біле тіло
В мого миленького
Під нагайкою згоріло.
9. – Ой сестро ж моя, сестро,
А де твої русі кудра?
– Милий пообтинав,
Пута повиплітав,
Сірі коні попутав.</credit-words>
  </credit>
  <credit page="1">
    <credit-words default-x="528" default-y="40" valign="top">403</credit-words>
  </credit>
  <part-list>
    <score-part id="P1">
      <part-name print-object="no">MusicXML Part</part-name>
      <group>score</group>
      <score-instrument id="P1-I1">
        <instrument-name>Èíñòðóìåíò 1</instrument-name>
      </score-instrument>
      <midi-instrument id="P1-I1">
        <midi-channel>1</midi-channel>
        <midi-program>1</midi-program>
        <volume>80</volume>
        <pan>0</pan>
      </midi-instrument>
    </score-part>
  </part-list>
  <!--=========================================================-->
  <part id="P1">
    <measure number="1" width="397">
      <print>
        <page-layout>
          <page-height>1320</page-height>
          <page-width>1020</page-width>
          <page-margins>
            <left-margin>120</left-margin>
            <right-margin>60</right-margin>
            <top-margin>60</top-margin>
            <bottom-margin>60</bottom-margin>
          </page-margins>
        </page-layout>
        <system-layout>
          <top-system-distance>95</top-system-distance>
        </system-layout>
        <measure-numbering>none</measure-numbering>
      </print>
      <attributes>
        <divisions>4</divisions>
        <key>
          <fifths>0</fifths>
          <mode>major</mode>
        </key>
        <time>
          <beats>6</beats>
          <beat-type>4</beat-type>
        </time>
        <clef>
          <sign>G</sign>
          <line>2</line>
          <clef-octave-change>-1</clef-octave-change>
        </clef>
      </attributes>
      <sound tempo="96">
        <swing>
          <straight/>
        </swing>
      </sound>
      <note default-x="84">
        <pitch>
          <step>G</step>
          <octave>3</octave>
        </pitch>
        <duration>2</duration>
        <voice>1</voice>
        <type>eighth</type>
        <stem default-y="5">up</stem>
        <lyric default-y="-69" number="1">
          <syllabic>single</syllabic>
          <text>1.</text>
          <elision> </elision>
          <syllabic>begin</syllabic>
          <text>Ма</text>
        </lyric>
      </note>
      <note default-x="128">
        <pitch>
          <step>G</step>
          <octave>3</octave>
        </pitch>
        <duration>2</duration>
        <voice>1</voice>
        <type>eighth</type>
        <stem default-y="5">up</stem>
        <lyric default-y="-69" number="1">
          <syllabic>end</syllabic>
          <text>ла</text>
        </lyric>
      </note>
      <note default-x="160">
        <pitch>
          <step>C</step>
          <octave>4</octave>
        </pitch>
        <duration>2</duration>
        <voice>1</voice>
        <type>eighth</type>
        <stem default-y="20">up</stem>
        <lyric default-y="-69" number="1">
          <syllabic>begin</syllabic>
          <text>ма</text>
        </lyric>
      </note>
      <note default-x="192">
        <pitch>
          <step>E</step>
          <octave>4</octave>
        </pitch>
        <duration>2</duration>
        <voice>1</voice>
        <type>eighth</type>
        <stem default-y="30">up</stem>
        <lyric default-y="-69" number="1">
          <syllabic>end</syllabic>
          <text>ти</text>
        </lyric>
      </note>
      <note default-x="220">
        <pitch>
          <step>D</step>
          <octave>4</octave>
        </pitch>
        <duration>2</duration>
        <voice>1</voice>
        <type>eighth</type>
        <stem default-y="25">up</stem>
        <lyric default-y="-69" number="1">
          <syllabic>begin</syllabic>
          <text>є</text>
        </lyric>
      </note>
      <note default-x="258">
        <pitch>
          <step>D</step>
          <octave>4</octave>
        </pitch>
        <duration>2</duration>
        <voice>1</voice>
        <type>eighth</type>
        <stem default-y="25">up</stem>
        <lyric default-y="-69" number="1">
          <syllabic>end</syllabic>
          <text>дну</text>
        </lyric>
      </note>
      <note default-x="293">
        <pitch>
          <step>D</step>
          <octave>4</octave>
        </pitch>
        <duration>4</duration>
        <voice>1</voice>
        <type>quarter</type>
        <stem default-y="18.5">up</stem>
        <lyric default-y="-69" number="1">
          <syllabic>begin</syllabic>
          <text>до</text>
        </lyric>
      </note>
      <note default-x="344">
        <pitch>
          <step>G</step>
          <octave>3</octave>
        </pitch>
        <duration>8</duration>
        <voice>1</voice>
        <type>half</type>
        <stem default-y="5">up</stem>
        <lyric default-y="-69" number="1">
          <syllabic>end</syllabic>
          <text>чку/</text>
        </lyric>
      </note>
      <backup>
        <duration>24</duration>
      </backup>
      <note default-x="84">
        <pitch>
          <step>G</step>
          <octave>3</octave>
        </pitch>
        <duration>2</duration>
        <voice>2</voice>
        <type>eighth</type>
        <stem default-y="-65">down</stem>
      </note>
      <note default-x="128">
        <pitch>
          <step>G</step>
          <octave>3</octave>
        </pitch>
        <duration>2</duration>
        <voice>2</voice>
        <type>eighth</type>
        <stem default-y="-65">down</stem>
      </note>
      <note default-x="160">
        <pitch>
          <step>C</step>
          <octave>4</octave>
        </pitch>
        <duration>2</duration>
        <voice>2</voice>
        <type>eighth</type>
        <stem default-y="-50">down</stem>
      </note>
      <note default-x="192">
        <pitch>
          <step>C</step>
          <octave>4</octave>
        </pitch>
        <duration>2</duration>
        <voice>2</voice>
        <type>eighth</type>
        <stem default-y="-50">down</stem>
      </note>
      <note default-x="220">
        <pitch>
          <step>D</step>
          <octave>4</octave>
        </pitch>
        <duration>2</duration>
        <voice>2</voice>
        <type>eighth</type>
        <stem default-y="-45">down</stem>
      </note>
      <note default-x="258">
        <pitch>
          <step>D</step>
          <octave>4</octave>
        </pitch>
        <duration>2</duration>
        <voice>2</voice>
        <type>eighth</type>
        <stem default-y="-45">down</stem>
      </note>
      <note default-x="305">
        <pitch>
          <step>C</step>
          <octave>4</octave>
        </pitch>
        <duration>2</duration>
        <voice>2</voice>
        <type>eighth</type>
        <stem default-y="-55">down</stem>
        <beam number="1">begin</beam>
        <notations>
          <slur bezier-x="3" bezier-y="-8" default-x="1" default-y="-60" number="1" placement="below" type="start"/>
        </notations>
      </note>
      <note default-x="323">
        <pitch>
          <step>A</step>
          <octave>3</octave>
        </pitch>
        <duration>2</duration>
        <voice>2</voice>
        <type>eighth</type>
        <stem default-y="-60">down</stem>
        <beam number="1">end</beam>
        <notations>
          <slur bezier-x="-7" bezier-y="-5" default-x="0" default-y="-65" number="1" type="stop"/>
        </notations>
      </note>
      <note default-x="344">
        <pitch>
          <step>G</step>
          <octave>3</octave>
        </pitch>
        <duration>8</duration>
        <voice>2</voice>
        <type>half</type>
        <stem default-y="-58">down</stem>
      </note>
    </measure>
    <!--=======================================================-->
    <measure number="2" width="378">
      <note default-x="13">
        <pitch>
          <step>D</step>
          <octave>4</octave>
        </pitch>
        <duration>2</duration>
        <voice>1</voice>
        <type>eighth</type>
        <stem default-y="25">up</stem>
        <lyric default-y="-69" number="1">
          <syllabic>single</syllabic>
          <text>та</text>
          <elision> </elision>
          <syllabic>single</syllabic>
          <text>й</text>
        </lyric>
      </note>
      <note default-x="50">
        <pitch>
          <step>D</step>
          <octave>4</octave>
        </pitch>
        <duration>2</duration>
        <voice>1</voice>
        <type>eighth</type>
        <stem default-y="25">up</stem>
        <lyric default-y="-69" number="1">
          <syllabic>begin</syllabic>
          <text>ку</text>
        </lyric>
      </note>
      <note default-x="81">
        <pitch>
          <step>G</step>
          <octave>4</octave>
        </pitch>
        <duration>2</duration>
        <voice>1</voice>
        <type>eighth</type>
        <stem default-y="40">up</stem>
        <lyric default-y="-69" number="1">
          <syllabic>middle</syllabic>
          <text>па</text>
        </lyric>
      </note>
      <note default-x="113">
        <pitch>
          <step>F</step>
          <octave>4</octave>
        </pitch>
        <duration>2</duration>
        <voice>1</voice>
        <type>eighth</type>
        <stem default-y="35">up</stem>
        <lyric default-y="-69" number="1">
          <syllabic>end</syllabic>
          <text>ла</text>
        </lyric>
      </note>
      <note default-x="145">
        <pitch>
          <step>E</step>
          <octave>4</octave>
        </pitch>
        <duration>2</duration>
        <voice>1</voice>
        <type>eighth</type>
        <stem default-y="30">up</stem>
        <lyric default-y="-69" number="1">
          <syllabic>single</syllabic>
          <text>йу</text>
        </lyric>
      </note>
      <note default-x="177">
        <pitch>
          <step>A</step>
          <octave>4</octave>
        </pitch>
        <duration>2</duration>
        <voice>1</voice>
        <type>eighth</type>
        <stem default-y="45">up</stem>
        <lyric default-y="-69" number="1">
          <syllabic>begin</syllabic>
          <text>ме</text>
        </lyric>
      </note>
      <note default-x="205">
        <pitch>
          <step>G</step>
          <octave>4</octave>
        </pitch>
        <duration>1</duration>
        <voice>1</voice>
        <type>16th</type>
        <stem default-y="40">up</stem>
        <beam number="1">begin</beam>
        <beam number="2">begin</beam>
        <notations>
          <slur bezier-x="16" bezier-y="12" default-x="13" default-y="45" number="1" placement="above" type="start"/>
        </notations>
        <lyric default-y="-69" number="1" relative-x="4">
          <syllabic>middle</syllabic>
          <text>до</text>
        </lyric>
      </note>
      <note default-x="223">
        <pitch>
          <step>F</step>
          <octave>4</octave>
        </pitch>
        <duration>1</duration>
        <voice>1</voice>
        <type>16th</type>
        <stem default-y="38.5">up</stem>
        <beam number="1">continue</beam>
        <beam number="2">continue</beam>
      </note>
      <note default-x="241">
        <pitch>
          <step>E</step>
          <octave>4</octave>
        </pitch>
        <duration>1</duration>
        <voice>1</voice>
        <type>16th</type>
        <stem default-y="37">up</stem>
        <beam number="1">continue</beam>
        <beam number="2">continue</beam>
      </note>
      <note default-x="259">
        <pitch>
          <step>D</step>
          <octave>4</octave>
        </pitch>
        <duration>1</duration>
        <voice>1</voice>
        <type>16th</type>
        <stem default-y="35">up</stem>
        <beam number="1">end</beam>
        <beam number="2">end</beam>
        <notations>
          <slur bezier-x="-14" bezier-y="15" default-x="12" default-y="40" number="1" type="stop"/>
        </notations>
      </note>
      <note default-x="277">
        <pitch>
          <step>D</step>
          <octave>4</octave>
        </pitch>
        <duration>6</duration>
        <voice>1</voice>
        <type>quarter</type>
        <dot/>
        <stem default-y="18.5">up</stem>
        <notations>
          <slur bezier-x="8" bezier-y="10" default-x="18" default-y="8" number="1" orientation="over" type="start"/>
        </notations>
        <lyric default-y="-69" number="1" relative-x="13">
          <syllabic>end</syllabic>
          <text>чку,/</text>
        </lyric>
      </note>
      <note default-x="318">
        <pitch>
          <step>C</step>
          <octave>4</octave>
        </pitch>
        <duration>2</duration>
        <voice>1</voice>
        <type>eighth</type>
        <stem default-y="20">up</stem>
        <notations>
          <slur bezier-x="-9" bezier-y="9" default-x="7" default-y="10" number="1" type="stop"/>
        </notations>
      </note>
      <backup>
        <duration>24</duration>
      </backup>
      <note default-x="13">
        <pitch>
          <step>D</step>
          <octave>4</octave>
        </pitch>
        <duration>2</duration>
        <voice>2</voice>
        <type>eighth</type>
        <stem default-y="-45">down</stem>
      </note>
      <note default-x="50">
        <pitch>
          <step>D</step>
          <octave>4</octave>
        </pitch>
        <duration>2</duration>
        <voice>2</voice>
        <type>eighth</type>
        <stem default-y="-45">down</stem>
      </note>
      <note default-x="81">
        <pitch>
          <step>G</step>
          <octave>4</octave>
        </pitch>
        <duration>2</duration>
        <voice>2</voice>
        <type>eighth</type>
        <stem default-y="-30">down</stem>
      </note>
      <note default-x="113">
        <pitch>
          <step>F</step>
          <octave>4</octave>
        </pitch>
        <duration>2</duration>
        <voice>2</voice>
        <type>eighth</type>
        <stem default-y="-35">down</stem>
      </note>
      <note default-x="145">
        <pitch>
          <step>E</step>
          <octave>4</octave>
        </pitch>
        <duration>2</duration>
        <voice>2</voice>
        <type>eighth</type>
        <stem default-y="-40">down</stem>
      </note>
      <note default-x="177">
        <pitch>
          <step>F</step>
          <octave>4</octave>
        </pitch>
        <duration>2</duration>
        <voice>2</voice>
        <type>eighth</type>
        <stem default-y="-35">down</stem>
      </note>
      <note default-x="205">
        <pitch>
          <step>G</step>
          <octave>4</octave>
        </pitch>
        <duration>1</duration>
        <voice>2</voice>
        <type>16th</type>
        <stem default-y="-40">down</stem>
        <beam number="1">begin</beam>
        <beam number="2">begin</beam>
        <notations>
          <slur bezier-x="14" bezier-y="-15" default-x="1" default-y="-45" number="1" placement="below" type="start"/>
        </notations>
      </note>
      <note default-x="223">
        <pitch>
          <step>F</step>
          <octave>4</octave>
        </pitch>
        <duration>1</duration>
        <voice>2</voice>
        <type>16th</type>
        <stem default-y="-41.5">down</stem>
        <beam number="1">continue</beam>
        <beam number="2">continue</beam>
      </note>
      <note default-x="241">
        <pitch>
          <step>E</step>
          <octave>4</octave>
        </pitch>
        <duration>1</duration>
        <voice>2</voice>
        <type>16th</type>
        <stem default-y="-43">down</stem>
        <beam number="1">continue</beam>
        <beam number="2">continue</beam>
      </note>
      <note default-x="259">
        <pitch>
          <step>D</step>
          <octave>4</octave>
        </pitch>
        <duration>1</duration>
        <voice>2</voice>
        <type>16th</type>
        <stem default-y="-45">down</stem>
        <beam number="1">end</beam>
        <beam number="2">end</beam>
        <notations>
          <slur bezier-x="-16" bezier-y="-12" default-x="0" default-y="-50" number="1" type="stop"/>
        </notations>
      </note>
      <note default-x="277">
        <pitch>
          <step>D</step>
          <octave>4</octave>
        </pitch>
        <duration>6</duration>
        <voice>2</voice>
        <type>quarter</type>
        <dot/>
        <stem default-y="-45">down</stem>
        <notations>
          <slur bezier-x="6" bezier-y="-12" default-x="6" default-y="-35" number="1" placement="below" type="start"/>
        </notations>
      </note>
      <note default-x="318">
        <pitch>
          <step>C</step>
          <octave>4</octave>
        </pitch>
        <duration>2</duration>
        <voice>2</voice>
        <type>eighth</type>
        <stem default-y="-50">down</stem>
        <notations>
          <slur bezier-x="-11" bezier-y="-7" default-x="-5" default-y="-43" number="1" type="stop"/>
        </notations>
      </note>
    </measure>
    <!--=======================================================-->
    <measure number="3" width="288">
      <print new-system="yes">
        <system-layout>
          <system-margins>
            <left-margin>0</left-margin>
            <right-margin>0</right-margin>
          </system-margins>
          <system-distance>77</system-distance>
        </system-layout>
      </print>
      <attributes>
        <time symbol="common">
          <beats>4</beats>
          <beat-type>4</beat-type>
        </time>
      </attributes>
      <direction placement="below">
        <direction-type>
          <words default-y="-9">( )</words>
        </direction-type>
      </direction>
      <note default-x="83">
        <pitch>
          <step>G</step>
          <octave>4</octave>
        </pitch>
        <duration>2</duration>
        <voice>1</voice>
        <type>eighth</type>
        <stem default-y="40">up</stem>
        <lyric default-y="-69" number="1">
          <syllabic>single</syllabic>
          <text>ой</text>
        </lyric>
      </note>
      <direction placement="below">
        <direction-type>
          <words default-y="-11">( )</words>
        </direction-type>
      </direction>
      <note default-x="114">
        <pitch>
          <step>G</step>
          <octave>4</octave>
        </pitch>
        <duration>2</duration>
        <voice>1</voice>
        <type>eighth</type>
        <stem default-y="40">up</stem>
        <lyric default-y="-69" number="1">
          <syllabic>single</syllabic>
          <text>як</text>
        </lyric>
      </note>
      <direction placement="below">
        <direction-type>
          <words default-y="-9">( )</words>
        </direction-type>
      </direction>
      <note default-x="144">
        <pitch>
          <step>G</step>
          <octave>4</octave>
        </pitch>
        <duration>2</duration>
        <voice>1</voice>
        <type>eighth</type>
        <stem default-y="40">up</stem>
        <lyric default-y="-69" number="1">
          <syllabic>begin</syllabic>
          <text>ві</text>
        </lyric>
      </note>
      <note default-x="181">
        <pitch>
          <step>A</step>
          <octave>4</octave>
        </pitch>
        <duration>2</duration>
        <voice>1</voice>
        <type>eighth</type>
        <stem default-y="45">up</stem>
        <lyric default-y="-69" number="1">
          <syllabic>middle</syllabic>
          <text>дда</text>
        </lyric>
      </note>
      <note default-x="215">
        <pitch>
          <step>G</step>
          <octave>4</octave>
        </pitch>
        <duration>4</duration>
        <voice>1</voice>
        <type>quarter</type>
        <stem default-y="33.5">up</stem>
        <lyric default-y="-69" number="1">
          <syllabic>middle</syllabic>
          <text>ва</text>
        </lyric>
      </note>
      <direction placement="below">
        <direction-type>
          <words default-y="-10">( )</words>
        </direction-type>
      </direction>
      <note default-x="251">
        <pitch>
          <step>F</step>
          <octave>4</octave>
        </pitch>
        <duration>4</duration>
        <voice>1</voice>
        <type>quarter</type>
        <stem default-y="28.5">up</stem>
        <lyric default-y="-69" number="1">
          <syllabic>end</syllabic>
          <text>ла/</text>
        </lyric>
      </note>
      <backup>
        <duration>16</duration>
      </backup>
      <note default-x="83">
        <pitch>
          <step>C</step>
          <octave>4</octave>
        </pitch>
        <duration>2</duration>
        <voice>2</voice>
        <type>eighth</type>
        <stem default-y="-50">down</stem>
      </note>
      <note default-x="83">
        <chord/>
        <pitch>
          <step>E</step>
          <octave>4</octave>
        </pitch>
        <duration>2</duration>
        <voice>2</voice>
        <type>eighth</type>
        <stem>down</stem>
      </note>
      <note default-x="114">
        <pitch>
          <step>C</step>
          <octave>4</octave>
        </pitch>
        <duration>2</duration>
        <voice>2</voice>
        <type>eighth</type>
        <stem default-y="-50">down</stem>
      </note>
      <note default-x="114">
        <chord/>
        <pitch>
          <step>E</step>
          <octave>4</octave>
        </pitch>
        <duration>2</duration>
        <voice>2</voice>
        <type>eighth</type>
        <stem>down</stem>
      </note>
      <note default-x="144">
        <pitch>
          <step>C</step>
          <octave>4</octave>
        </pitch>
        <duration>2</duration>
        <voice>2</voice>
        <type>eighth</type>
        <stem default-y="-50">down</stem>
      </note>
      <note default-x="144">
        <chord/>
        <pitch>
          <step>E</step>
          <octave>4</octave>
        </pitch>
        <duration>2</duration>
        <voice>2</voice>
        <type>eighth</type>
        <stem>down</stem>
      </note>
      <note default-x="181">
        <pitch>
          <step>F</step>
          <octave>4</octave>
        </pitch>
        <duration>2</duration>
        <voice>2</voice>
        <type>eighth</type>
        <stem default-y="-35">down</stem>
      </note>
      <note default-x="215">
        <pitch>
          <step>C</step>
          <octave>4</octave>
        </pitch>
        <duration>4</duration>
        <voice>2</voice>
        <type>quarter</type>
        <stem default-y="-50">down</stem>
      </note>
      <note default-x="215">
        <chord/>
        <pitch>
          <step>E</step>
          <octave>4</octave>
        </pitch>
        <duration>4</duration>
        <voice>2</voice>
        <type>quarter</type>
        <stem>down</stem>
      </note>
      <note default-x="251">
        <pitch>
          <step>D</step>
          <octave>4</octave>
        </pitch>
        <duration>4</duration>
        <voice>2</voice>
        <type>quarter</type>
        <stem default-y="-45">down</stem>
      </note>
    </measure>
    <!--=======================================================-->
    <measure number="4" width="217">
      <note default-x="13">
        <pitch>
          <step>G</step>
          <octave>4</octave>
        </pitch>
        <duration>2</duration>
        <voice>1</voice>
        <type>eighth</type>
        <stem default-y="40">up</stem>
        <lyric default-y="-69" number="1">
          <syllabic>single</syllabic>
          <text>та</text>
          <elision> </elision>
          <syllabic>single</syllabic>
          <text>й</text>
        </lyric>
      </note>
      <note default-x="50">
        <pitch>
          <step>G</step>
          <octave>4</octave>
        </pitch>
        <duration>2</duration>
        <voice>1</voice>
        <type>eighth</type>
        <stem default-y="40">up</stem>
        <lyric default-y="-69" number="1">
          <syllabic>begin</syllabic>
          <text>на</text>
        </lyric>
      </note>
      <note default-x="81">
        <pitch>
          <step>G</step>
          <octave>4</octave>
        </pitch>
        <duration>2</duration>
        <voice>1</voice>
        <type>eighth</type>
        <stem default-y="40">up</stem>
        <lyric default-y="-69" number="1">
          <syllabic>middle</syllabic>
          <text>ка</text>
        </lyric>
      </note>
      <note default-x="112">
        <pitch>
          <step>G</step>
          <octave>4</octave>
        </pitch>
        <duration>2</duration>
        <voice>1</voice>
        <type>eighth</type>
        <stem default-y="40">up</stem>
        <lyric default-y="-69" number="1">
          <syllabic>middle</syllabic>
          <text>зу</text>
        </lyric>
      </note>
      <note default-x="143">
        <pitch>
          <step>A</step>
          <octave>4</octave>
        </pitch>
        <duration>4</duration>
        <voice>1</voice>
        <type>quarter</type>
        <stem default-y="38.5">up</stem>
        <lyric default-y="-69" number="1">
          <syllabic>middle</syllabic>
          <text>ва</text>
        </lyric>
      </note>
      <note default-x="180">
        <pitch>
          <step>G</step>
          <octave>4</octave>
        </pitch>
        <duration>4</duration>
        <voice>1</voice>
        <type>quarter</type>
        <stem default-y="33.5">up</stem>
        <lyric default-y="-69" number="1">
          <syllabic>end</syllabic>
          <text>ла,/</text>
        </lyric>
      </note>
      <backup>
        <duration>16</duration>
      </backup>
      <note default-x="13">
        <pitch>
          <step>C</step>
          <octave>4</octave>
        </pitch>
        <duration>2</duration>
        <voice>2</voice>
        <type>eighth</type>
        <stem default-y="-50">down</stem>
      </note>
      <note default-x="50">
        <pitch>
          <step>C</step>
          <octave>4</octave>
        </pitch>
        <duration>2</duration>
        <voice>2</voice>
        <type>eighth</type>
        <stem default-y="-50">down</stem>
      </note>
      <note default-x="81">
        <pitch>
          <step>C</step>
          <octave>4</octave>
        </pitch>
        <duration>2</duration>
        <voice>2</voice>
        <type>eighth</type>
        <stem default-y="-50">down</stem>
      </note>
      <note default-x="112">
        <pitch>
          <step>B</step>
          <octave>3</octave>
        </pitch>
        <duration>2</duration>
        <voice>2</voice>
        <type>eighth</type>
        <stem default-y="-55">down</stem>
      </note>
      <note default-x="143">
        <pitch>
          <step>A</step>
          <octave>3</octave>
        </pitch>
        <duration>4</duration>
        <voice>2</voice>
        <type>quarter</type>
        <stem default-y="-53">down</stem>
      </note>
      <note default-x="180">
        <pitch>
          <step>G</step>
          <octave>3</octave>
        </pitch>
        <duration>4</duration>
        <voice>2</voice>
        <type>quarter</type>
        <stem default-y="-58">down</stem>
      </note>
    </measure>
    <!--=======================================================-->
    <measure number="5" width="335">
      <attributes>
        <time>
          <beats>5</beats>
          <beat-type>4</beat-type>
        </time>
      </attributes>
      <note default-x="46">
        <pitch>
          <step>G</step>
          <octave>4</octave>
        </pitch>
        <duration>2</duration>
        <voice>1</voice>
        <type>eighth</type>
        <stem default-y="40">up</stem>
        <lyric default-y="-69" number="1">
          <syllabic>single</syllabic>
          <text>щоб</text>
        </lyric>
      </note>
      <note default-x="87">
        <pitch>
          <step>G</step>
          <octave>4</octave>
        </pitch>
        <duration>2</duration>
        <voice>1</voice>
        <type>eighth</type>
        <stem default-y="40">up</stem>
        <lyric default-y="-69" number="1">
          <syllabic>single</syllabic>
          <text>сім</text>
        </lyric>
      </note>
      <note default-x="121">
        <pitch>
          <step>E</step>
          <octave>4</octave>
        </pitch>
        <duration>2</duration>
        <voice>1</voice>
        <type>eighth</type>
        <stem default-y="30">up</stem>
        <lyric default-y="-69" number="1">
          <syllabic>begin</syllabic>
          <text>ро</text>
        </lyric>
      </note>
      <note default-x="156">
        <pitch>
          <step>E</step>
          <octave>4</octave>
        </pitch>
        <duration>2</duration>
        <voice>1</voice>
        <type>eighth</type>
        <stem default-y="30">up</stem>
        <lyric default-y="-69" number="1">
          <syllabic>end</syllabic>
          <text>ків</text>
        </lyric>
      </note>
      <note default-x="188">
        <pitch>
          <step>F</step>
          <octave>4</octave>
        </pitch>
        <duration>2</duration>
        <voice>1</voice>
        <type>eighth</type>
        <stem default-y="35">up</stem>
        <lyric default-y="-69" number="1">
          <syllabic>single</syllabic>
          <text>не</text>
        </lyric>
      </note>
      <note default-x="220">
        <pitch>
          <step>F</step>
          <octave>4</octave>
        </pitch>
        <duration>2</duration>
        <voice>1</voice>
        <type>eighth</type>
        <stem default-y="35">up</stem>
        <lyric default-y="-69" number="1">
          <syllabic>begin</syllabic>
          <text>бу</text>
        </lyric>
      </note>
      <note default-x="252">
        <pitch>
          <step>A</step>
          <octave>4</octave>
        </pitch>
        <duration>4</duration>
        <voice>1</voice>
        <type>quarter</type>
        <stem default-y="38.5">up</stem>
        <lyric default-y="-69" number="1">
          <syllabic>middle</syllabic>
          <text>ва</text>
        </lyric>
      </note>
      <note default-x="288">
        <pitch>
          <step>G</step>
          <octave>4</octave>
        </pitch>
        <duration>4</duration>
        <voice>1</voice>
        <type>quarter</type>
        <stem default-y="33.5">up</stem>
        <notations>
          <fermata default-x="-7" default-y="39" type="upright"/>
        </notations>
        <lyric default-y="-69" number="1">
          <syllabic>end</syllabic>
          <text>ла.</text>
        </lyric>
      </note>
      <backup>
        <duration>20</duration>
      </backup>
      <note default-x="46">
        <pitch>
          <step>A</step>
          <octave>3</octave>
        </pitch>
        <duration>2</duration>
        <voice>2</voice>
        <type>eighth</type>
        <stem default-y="-60">down</stem>
      </note>
      <note default-x="87">
        <pitch>
          <step>B</step>
          <octave>3</octave>
        </pitch>
        <duration>2</duration>
        <voice>2</voice>
        <type>eighth</type>
        <stem default-y="-55">down</stem>
      </note>
      <note default-x="121">
        <pitch>
          <step>C</step>
          <octave>4</octave>
        </pitch>
        <duration>2</duration>
        <voice>2</voice>
        <type>eighth</type>
        <stem default-y="-50">down</stem>
      </note>
      <note default-x="156">
        <pitch>
          <step>C</step>
          <octave>4</octave>
        </pitch>
        <duration>2</duration>
        <voice>2</voice>
        <type>eighth</type>
        <stem default-y="-50">down</stem>
      </note>
      <note default-x="188">
        <pitch>
          <step>D</step>
          <octave>4</octave>
        </pitch>
        <duration>2</duration>
        <voice>2</voice>
        <type>eighth</type>
        <stem default-y="-45">down</stem>
      </note>
      <note default-x="220">
        <pitch>
          <step>B</step>
          <octave>3</octave>
        </pitch>
        <duration>2</duration>
        <voice>2</voice>
        <type>eighth</type>
        <stem default-y="-55">down</stem>
      </note>
      <note default-x="220">
        <chord/>
        <pitch>
          <step>D</step>
          <octave>4</octave>
        </pitch>
        <duration>2</duration>
        <voice>2</voice>
        <type>eighth</type>
        <stem>down</stem>
      </note>
      <note default-x="252">
        <pitch>
          <step>A</step>
          <octave>3</octave>
        </pitch>
        <duration>4</duration>
        <voice>2</voice>
        <type>quarter</type>
        <stem default-y="-53">down</stem>
      </note>
      <note default-x="288">
        <pitch>
          <step>G</step>
          <octave>3</octave>
        </pitch>
        <duration>4</duration>
        <voice>2</voice>
        <type>quarter</type>
        <stem default-y="-58">down</stem>
      </note>
      <barline location="right">
        <bar-style>light-heavy</bar-style>
      </barline>
    </measure>
  </part>
  <!--=========================================================-->
</score-partwise>
