<?xml version="1.0" encoding="UTF-8" standalone="no"?>
<!DOCTYPE score-partwise PUBLIC "-//Recordare//DTD MusicXML 4.0 Partwise//EN" "http://www.musicxml.org/dtds/partwise.dtd">
<score-partwise version="4.0">
  <identification>
    <encoding>
      <software>Finale v27.3 for Windows</software>
      <encoding-date>2024-08-09</encoding-date>
      <supports attribute="new-system" element="print" type="yes" value="yes"/>
      <supports attribute="new-page" element="print" type="yes" value="yes"/>
      <supports element="accidental" type="yes"/>
      <supports element="beam" type="yes"/>
      <supports element="stem" type="yes"/>
    </encoding>
  </identification>
  <defaults>
    <scaling>
      <millimeters>8.4667</millimeters>
      <tenths>40</tenths>
    </scaling>
    <page-layout>
      <page-height>1320</page-height>
      <page-width>1020</page-width>
      <page-margins type="both">
        <left-margin>60</left-margin>
        <right-margin>60</right-margin>
        <top-margin>60</top-margin>
        <bottom-margin>60</bottom-margin>
      </page-margins>
    </page-layout>
    <system-layout>
      <system-margins>
        <left-margin>0</left-margin>
        <right-margin>0</right-margin>
      </system-margins>
      <system-distance>110</system-distance>
      <top-system-distance>67</top-system-distance>
    </system-layout>
    <appearance>
      <line-width type="stem">0.7682</line-width>
      <line-width type="beam">5</line-width>
      <line-width type="staff">0.7682</line-width>
      <line-width type="light barline">0.7682</line-width>
      <line-width type="heavy barline">5</line-width>
      <line-width type="leger">0.7682</line-width>
      <line-width type="ending">0.7682</line-width>
      <line-width type="wedge">0.7682</line-width>
      <line-width type="enclosure">0.7682</line-width>
      <line-width type="tuplet bracket">0.7682</line-width>
      <note-size type="grace">50</note-size>
      <note-size type="cue">50</note-size>
      <distance type="hyphen">60</distance>
      <distance type="beam">7.5</distance>
    </appearance>
    <music-font font-family="Finale Maestro,engraved" font-size="24"/>
    <word-font font-family="Times New Roman" font-size="12"/>
    <lyric-font font-family="Times New Roman" font-size="12"/>
  </defaults>
  <credit page="1">
    <credit-words default-x="113" default-y="192" valign="top" xml:space="preserve">Зап. 2009 р. Кушка Т Я., Матіяш Д. В. у с. Білки Іллінецького р-ну Вінницької обл. від фольк. анс. 
"Джерело"(кер. Білкун І. С.), № 1. Розшифр. Єфремова Л. О., № 1. Вар. зап. Матіяш Д., Кушка Т. у 
с. Ободівка Тростянецького р-ну Вінницької обл. від гурту Розшифр. Єфремова Л. О., № 2 (142). </credit-words>
  </credit>
  <credit page="1">
    <credit-words default-x="374" default-y="1270" font-size="19" valign="top">561. У нашому селі (05-БР-06)</credit-words>
  </credit>
  <credit page="1">
    <credit-words default-x="368" default-y="1240" valign="top">80 Помірно</credit-words>
  </credit>
  <credit page="1">
    <credit-words default-x="310" default-y="1231" valign="top">Одна</credit-words>
  </credit>
  <credit page="1">
    <credit-words default-x="658" default-y="1233" valign="top">Група</credit-words>
  </credit>
  <credit page="1">
    <credit-words default-x="100" default-y="975" font-size="17" valign="top" xml:space="preserve">1. У нашому селі
Случилась новіна:
Підманула Катерина
Вдові(и)ного сина.*
2. – Кидай, Іван, жінку,
Я покину діти
Та й поїдем на Вкраїну,
Там будемо жити.
3. – Боюсь, Катерино,
Щоб нас не догнали,
А щоб наших білих 
                              ручок
Назад не зв’язали.
4. – Не бійсь, 
                   Катерино,**
Некому догнати,
Я й послала чоловіка
У поле орати.
5. Оре Семен, оре
Із стареньким дідом,</credit-words>
  </credit>
  <credit page="1">
    <credit-words default-x="120" default-y="95" valign="top" xml:space="preserve">* Другу половину кожної строфи співають двічі. (Л. Є.) ** Мабуть, "не бійся, Іване". (Л. Є.)
*** Постійна різниця у розлогішому розспіві складу соло і коротшого гуртом. (Л. Є.)</credit-words>
  </credit>
  <credit page="1">
    <credit-words default-x="410" default-y="963" font-size="17" valign="top" xml:space="preserve">Виглядає Катерину
З раненькім обідом.
6. Оре Семен, оре,
На шлях поглядає,
Усі жінки обід несуть,
А мої немає.
7. Доорався Семен
Зеленого бору,
Випрягає сірі воли
Та й іде додому.
8. Як прийшов 
                         додому,
До нової хати,
Питається рідних 
                            діток:
– А де ж наша мати? 
9. – Пішла наша мати
У ліс по калину,
А як ішла, то й казала,
Що я вас покину.</credit-words>
  </credit>
  <credit page="1">
    <credit-words default-x="677" default-y="962" font-size="17" valign="top" xml:space="preserve">10. Пішла наша 
                             мати
У ліс по телята,
А як ішла, то й 
                         казала:
– Мої сиротята.
11. Подивився Семен
До нової скрині:
Нема хусток, ні 
                      спідниці,
Нема господині.
12. Як ударив Семен
Об поли руками:
– Діти ж мої 
                ріднесенькі,
Пропав же я з вами(і).
13. Ударте, морози,
На сухії лози,
Заморозьте Катерину
За сирітські сльози.</credit-words>
  </credit>
  <credit page="1">
    <credit-words default-x="524" default-y="44" valign="top">341</credit-words>
  </credit>
  <part-list>
    <score-part id="P1">
      <part-name print-object="no">MusicXML Part</part-name>
      <group>score</group>
      <score-instrument id="P1-I1">
        <instrument-name>Èíñòðóìåíò 1</instrument-name>
      </score-instrument>
      <midi-instrument id="P1-I1">
        <midi-channel>1</midi-channel>
        <midi-program>1</midi-program>
        <volume>80</volume>
        <pan>0</pan>
      </midi-instrument>
    </score-part>
  </part-list>
  <!--=========================================================-->
  <part id="P1">
    <measure number="1" width="451">
      <print>
        <page-layout>
          <page-height>1320</page-height>
          <page-width>1020</page-width>
          <page-margins>
            <left-margin>119</left-margin>
            <right-margin>60</right-margin>
            <top-margin>60</top-margin>
            <bottom-margin>60</bottom-margin>
          </page-margins>
        </page-layout>
        <system-layout>
          <system-margins>
            <left-margin>61</left-margin>
            <right-margin>0</right-margin>
          </system-margins>
          <top-system-distance>52</top-system-distance>
        </system-layout>
        <measure-numbering>none</measure-numbering>
      </print>
      <attributes>
        <divisions>4</divisions>
        <key>
          <fifths>5</fifths>
          <mode>major</mode>
        </key>
        <time symbol="common">
          <beats>4</beats>
          <beat-type>4</beat-type>
        </time>
        <clef>
          <sign>G</sign>
          <line>2</line>
          <clef-octave-change>-1</clef-octave-change>
        </clef>
      </attributes>
      <sound tempo="80">
        <swing>
          <straight/>
        </swing>
      </sound>
      <direction placement="above">
        <direction-type>
          <words default-y="19" relative-x="-129">quarter note equals</words>
        </direction-type>
      </direction>
      <direction placement="below">
        <direction-type>
          <words default-y="-63" relative-x="-94">Усі</words>
        </direction-type>
      </direction>
      <note default-x="154">
        <pitch>
          <step>G</step>
          <alter>1</alter>
          <octave>3</octave>
        </pitch>
        <duration>2</duration>
        <voice>1</voice>
        <type>eighth</type>
        <stem default-y="5">up</stem>
        <lyric default-y="-61" number="1" relative-x="-12">
          <syllabic>single</syllabic>
          <text>1.</text>
          <elision> </elision>
          <syllabic>single</syllabic>
          <text>У</text>
        </lyric>
      </note>
      <note default-x="195">
        <pitch>
          <step>B</step>
          <octave>3</octave>
        </pitch>
        <duration>2</duration>
        <voice>1</voice>
        <type>eighth</type>
        <stem default-y="-55">down</stem>
        <lyric default-y="-57" number="1">
          <syllabic>begin</syllabic>
          <text>на</text>
        </lyric>
      </note>
      <note default-x="237">
        <pitch>
          <step>A</step>
          <alter>1</alter>
          <octave>3</octave>
        </pitch>
        <duration>2</duration>
        <voice>1</voice>
        <type>eighth</type>
        <stem default-y="10">up</stem>
        <lyric default-y="-57" number="1">
          <syllabic>middle</syllabic>
          <text>шо</text>
        </lyric>
      </note>
      <note default-x="278">
        <pitch>
          <step>G</step>
          <alter>1</alter>
          <octave>3</octave>
        </pitch>
        <duration>2</duration>
        <voice>1</voice>
        <type>eighth</type>
        <stem default-y="5">up</stem>
        <lyric default-y="-57" number="1">
          <syllabic>end</syllabic>
          <text>му</text>
        </lyric>
      </note>
      <note default-x="320">
        <pitch>
          <step>E</step>
          <octave>4</octave>
        </pitch>
        <duration>2</duration>
        <voice>1</voice>
        <type>eighth</type>
        <stem default-y="-40">down</stem>
        <lyric default-y="-57" number="1">
          <syllabic>begin</syllabic>
          <text>се</text>
        </lyric>
      </note>
      <note default-x="361">
        <pitch>
          <step>D</step>
          <alter>1</alter>
          <octave>4</octave>
        </pitch>
        <duration>6</duration>
        <voice>1</voice>
        <type>quarter</type>
        <dot/>
        <stem default-y="-45">down</stem>
        <lyric default-y="-57" number="1">
          <syllabic>end</syllabic>
          <text>лі/</text>
        </lyric>
      </note>
    </measure>
    <!--=======================================================-->
    <measure number="2" width="329">
      <note default-x="13">
        <pitch>
          <step>G</step>
          <alter>1</alter>
          <octave>3</octave>
        </pitch>
        <duration>2</duration>
        <voice>1</voice>
        <type>eighth</type>
        <stem default-y="5">up</stem>
        <lyric default-y="-57" number="1">
          <syllabic>begin</syllabic>
          <text>слу</text>
        </lyric>
      </note>
      <note default-x="58">
        <pitch>
          <step>B</step>
          <octave>3</octave>
        </pitch>
        <duration>2</duration>
        <voice>1</voice>
        <type>eighth</type>
        <stem default-y="-55">down</stem>
        <lyric default-y="-57" number="1">
          <syllabic>middle</syllabic>
          <text>чи</text>
        </lyric>
      </note>
      <note default-x="102">
        <pitch>
          <step>A</step>
          <alter>1</alter>
          <octave>3</octave>
        </pitch>
        <duration>2</duration>
        <voice>1</voice>
        <type>eighth</type>
        <stem default-y="10">up</stem>
        <lyric default-y="-57" number="1">
          <syllabic>end</syllabic>
          <text>лась</text>
        </lyric>
      </note>
      <note default-x="146">
        <pitch>
          <step>G</step>
          <alter>1</alter>
          <octave>3</octave>
        </pitch>
        <duration>2</duration>
        <voice>1</voice>
        <type>eighth</type>
        <stem default-y="5">up</stem>
        <lyric default-y="-57" number="1">
          <syllabic>begin</syllabic>
          <text>но</text>
        </lyric>
      </note>
      <note default-x="190">
        <pitch>
          <step>E</step>
          <octave>4</octave>
        </pitch>
        <duration>2</duration>
        <voice>1</voice>
        <type>eighth</type>
        <stem default-y="-40">down</stem>
        <lyric default-y="-57" number="1">
          <syllabic>middle</syllabic>
          <text>ві</text>
        </lyric>
      </note>
      <note default-x="234">
        <pitch>
          <step>D</step>
          <alter>1</alter>
          <octave>4</octave>
        </pitch>
        <duration>6</duration>
        <voice>1</voice>
        <type>quarter</type>
        <dot/>
        <stem default-y="-45">down</stem>
        <lyric default-y="-57" number="1">
          <syllabic>end</syllabic>
          <text>на:/</text>
        </lyric>
      </note>
    </measure>
    <!--=======================================================-->
    <measure number="3" width="315">
      <print new-system="yes">
        <system-layout>
          <system-distance>48</system-distance>
        </system-layout>
      </print>
      <barline location="left">
        <bar-style>heavy-light</bar-style>
        <repeat direction="forward" winged="none"/>
      </barline>
      <note default-x="140">
        <pitch>
          <step>G</step>
          <alter>1</alter>
          <octave>4</octave>
        </pitch>
        <duration>4</duration>
        <voice>1</voice>
        <type>quarter</type>
        <stem default-y="33.5">up</stem>
        <lyric default-y="-61" number="1">
          <syllabic>begin</syllabic>
          <text>пі</text>
        </lyric>
      </note>
      <note default-x="180">
        <pitch>
          <step>G</step>
          <alter>1</alter>
          <octave>4</octave>
        </pitch>
        <duration>4</duration>
        <voice>1</voice>
        <type>quarter</type>
        <stem default-y="33.5">up</stem>
        <lyric default-y="-61" number="1">
          <syllabic>middle</syllabic>
          <text>дма</text>
        </lyric>
      </note>
      <note default-x="221">
        <pitch>
          <step>F</step>
          <alter>1</alter>
          <octave>4</octave>
        </pitch>
        <duration>1</duration>
        <voice>1</voice>
        <type>16th</type>
        <stem default-y="35">up</stem>
        <beam number="1">begin</beam>
        <beam number="2">begin</beam>
        <notations>
          <slur bezier-x="7" bezier-y="6" default-x="13" default-y="40" number="1" placement="above" type="start"/>
        </notations>
        <lyric default-y="-61" number="1" relative-x="4">
          <syllabic>middle</syllabic>
          <text>ну</text>
        </lyric>
      </note>
      <note default-x="240">
        <pitch>
          <step>E</step>
          <octave>4</octave>
        </pitch>
        <duration>1</duration>
        <voice>1</voice>
        <type>16th</type>
        <stem default-y="30">up</stem>
        <beam number="1">end</beam>
        <beam number="2">end</beam>
        <notations>
          <slur bezier-x="-3" bezier-y="9" default-x="12" default-y="35" number="1" type="stop"/>
        </notations>
      </note>
      <note default-x="260">
        <pitch>
          <step>D</step>
          <alter>1</alter>
          <octave>4</octave>
        </pitch>
        <duration>6</duration>
        <voice>1</voice>
        <type>quarter</type>
        <dot/>
        <stem default-y="18.5">up</stem>
        <lyric default-y="-61" number="1">
          <syllabic>end</syllabic>
          <text>ла</text>
        </lyric>
      </note>
      <backup>
        <duration>16</duration>
      </backup>
      <note default-x="140">
        <pitch>
          <step>E</step>
          <octave>4</octave>
        </pitch>
        <duration>4</duration>
        <voice>2</voice>
        <type>quarter</type>
        <stem default-y="-40">down</stem>
      </note>
      <note default-x="180">
        <pitch>
          <step>E</step>
          <octave>4</octave>
        </pitch>
        <duration>4</duration>
        <voice>2</voice>
        <type>quarter</type>
        <stem default-y="-40">down</stem>
      </note>
      <note default-x="221">
        <pitch>
          <step>D</step>
          <alter>1</alter>
          <octave>4</octave>
        </pitch>
        <duration>1</duration>
        <voice>2</voice>
        <type>16th</type>
        <stem default-y="-45">down</stem>
        <beam number="1">begin</beam>
        <beam number="2">begin</beam>
        <notations>
          <slur bezier-x="3" bezier-y="-9" default-x="1" default-y="-50" number="1" placement="below" type="start"/>
        </notations>
      </note>
      <note default-x="240">
        <pitch>
          <step>C</step>
          <alter>1</alter>
          <octave>4</octave>
        </pitch>
        <duration>1</duration>
        <voice>2</voice>
        <type>16th</type>
        <stem default-y="-50">down</stem>
        <beam number="1">end</beam>
        <beam number="2">end</beam>
        <notations>
          <slur bezier-x="-7" bezier-y="-6" default-x="0" default-y="-55" number="1" type="stop"/>
        </notations>
      </note>
      <note default-x="260">
        <pitch>
          <step>B</step>
          <octave>3</octave>
        </pitch>
        <duration>6</duration>
        <voice>2</voice>
        <type>quarter</type>
        <dot/>
        <stem default-y="-55">down</stem>
      </note>
    </measure>
    <!--=======================================================-->
    <measure number="4" width="193">
      <note default-x="13">
        <pitch>
          <step>E</step>
          <octave>4</octave>
        </pitch>
        <duration>4</duration>
        <voice>1</voice>
        <type>quarter</type>
        <stem default-y="23.5">up</stem>
        <lyric default-y="-61" number="1">
          <syllabic>begin</syllabic>
          <text>Ка</text>
        </lyric>
      </note>
      <note default-x="54">
        <pitch>
          <step>F</step>
          <alter>1</alter>
          <octave>4</octave>
        </pitch>
        <duration>2</duration>
        <voice>1</voice>
        <type>eighth</type>
        <stem default-y="35">up</stem>
        <beam number="1">begin</beam>
        <notations>
          <slur bezier-x="9" bezier-y="7" default-x="13" default-y="40" number="1" placement="above" type="start"/>
        </notations>
        <lyric default-y="-61" number="1" relative-x="3">
          <syllabic>middle</syllabic>
          <text>те</text>
        </lyric>
      </note>
      <note default-x="79">
        <pitch>
          <step>E</step>
          <octave>4</octave>
        </pitch>
        <duration>2</duration>
        <voice>1</voice>
        <type>eighth</type>
        <stem default-y="30">up</stem>
        <beam number="1">end</beam>
        <notations>
          <slur bezier-x="-6" bezier-y="10" default-x="12" default-y="35" number="1" type="stop"/>
        </notations>
      </note>
      <note default-x="104">
        <pitch>
          <step>A</step>
          <alter>1</alter>
          <octave>4</octave>
        </pitch>
        <duration>2</duration>
        <voice>1</voice>
        <type>eighth</type>
        <stem default-y="45">up</stem>
        <lyric default-y="-61" number="1">
          <syllabic>middle</syllabic>
          <text>ри</text>
        </lyric>
      </note>
      <note default-x="139">
        <pitch>
          <step>G</step>
          <alter>1</alter>
          <octave>4</octave>
        </pitch>
        <duration>6</duration>
        <voice>1</voice>
        <type>quarter</type>
        <dot/>
        <stem default-y="33.5">up</stem>
        <lyric default-y="-61" number="1">
          <syllabic>end</syllabic>
          <text>на/</text>
        </lyric>
      </note>
      <backup>
        <duration>16</duration>
      </backup>
      <note default-x="13">
        <pitch>
          <step>C</step>
          <alter>1</alter>
          <octave>4</octave>
        </pitch>
        <duration>4</duration>
        <voice>2</voice>
        <type>quarter</type>
        <stem default-y="-50">down</stem>
      </note>
      <note default-x="54">
        <pitch>
          <step>B</step>
          <octave>3</octave>
        </pitch>
        <duration>4</duration>
        <voice>2</voice>
        <type>quarter</type>
        <stem default-y="-55">down</stem>
      </note>
      <note default-x="104">
        <pitch>
          <step>A</step>
          <alter>1</alter>
          <octave>3</octave>
        </pitch>
        <duration>2</duration>
        <voice>2</voice>
        <type>eighth</type>
        <stem default-y="-60">down</stem>
      </note>
      <note default-x="139">
        <pitch>
          <step>G</step>
          <alter>1</alter>
          <octave>3</octave>
        </pitch>
        <duration>6</duration>
        <voice>2</voice>
        <type>quarter</type>
        <dot/>
        <stem default-y="-58">down</stem>
      </note>
    </measure>
    <!--=======================================================-->
    <measure number="5" width="333">
      <attributes>
        <time>
          <beats>6</beats>
          <beat-type>4</beat-type>
        </time>
      </attributes>
      <note default-x="46">
        <pitch>
          <step>B</step>
          <octave>3</octave>
        </pitch>
        <duration>2</duration>
        <voice>1</voice>
        <type>eighth</type>
        <stem default-y="15">up</stem>
        <lyric default-y="-61" number="1">
          <syllabic>begin</syllabic>
          <text>вдо</text>
        </lyric>
      </note>
      <note default-x="78">
        <pitch>
          <step>C</step>
          <alter>1</alter>
          <octave>4</octave>
        </pitch>
        <duration>2</duration>
        <voice>1</voice>
        <type>eighth</type>
        <stem default-y="20">up</stem>
        <lyric default-y="-61" number="1">
          <syllabic>middle</syllabic>
          <text>ві</text>
        </lyric>
      </note>
      <note default-x="110">
        <pitch>
          <step>D</step>
          <alter>1</alter>
          <octave>4</octave>
        </pitch>
        <duration>6</duration>
        <voice>1</voice>
        <type>quarter</type>
        <dot/>
        <stem default-y="18.5">up</stem>
        <lyric default-y="-61" number="1">
          <syllabic>middle</syllabic>
          <text>но</text>
        </lyric>
      </note>
      <note default-x="165">
        <pitch>
          <step>E</step>
          <octave>4</octave>
        </pitch>
        <duration>2</duration>
        <voice>1</voice>
        <type>eighth</type>
        <stem default-y="30">up</stem>
        <lyric default-y="-61" number="1">
          <syllabic>end</syllabic>
          <text>го</text>
        </lyric>
      </note>
      <note default-x="195">
        <pitch>
          <step>D</step>
          <alter>1</alter>
          <octave>4</octave>
        </pitch>
        <duration>2</duration>
        <voice>1</voice>
        <type>eighth</type>
        <stem default-y="25">up</stem>
        <beam number="1">begin</beam>
        <notations>
          <slur bezier-x="9" bezier-y="7" default-x="13" default-y="30" number="1" placement="above" type="start"/>
        </notations>
        <lyric default-y="-61" number="1" relative-x="3">
          <syllabic>begin</syllabic>
          <text>си</text>
        </lyric>
      </note>
      <note default-x="221">
        <pitch>
          <step>C</step>
          <alter>1</alter>
          <octave>4</octave>
        </pitch>
        <duration>2</duration>
        <voice>1</voice>
        <type>eighth</type>
        <stem default-y="20">up</stem>
        <beam number="1">end</beam>
        <notations>
          <slur bezier-x="-6" bezier-y="10" default-x="12" default-y="25" number="1" type="stop"/>
        </notations>
      </note>
      <note default-x="247">
        <pitch>
          <step>G</step>
          <alter>1</alter>
          <octave>4</octave>
        </pitch>
        <duration>8</duration>
        <voice>1</voice>
        <type>half</type>
        <stem default-y="33.5">up</stem>
        <lyric default-y="-61" number="1">
          <syllabic>end</syllabic>
          <text>на.</text>
        </lyric>
      </note>
      <backup>
        <duration>24</duration>
      </backup>
      <note default-x="46">
        <pitch>
          <step>G</step>
          <alter>1</alter>
          <octave>3</octave>
        </pitch>
        <duration>2</duration>
        <voice>2</voice>
        <type>eighth</type>
        <stem default-y="-65">down</stem>
      </note>
      <note default-x="78">
        <pitch>
          <step>A</step>
          <alter>1</alter>
          <octave>3</octave>
        </pitch>
        <duration>2</duration>
        <voice>2</voice>
        <type>eighth</type>
        <stem default-y="-60">down</stem>
      </note>
      <note default-x="110">
        <pitch>
          <step>B</step>
          <octave>3</octave>
        </pitch>
        <duration>6</duration>
        <voice>2</voice>
        <type>quarter</type>
        <dot/>
        <stem default-y="-55">down</stem>
      </note>
      <note default-x="165">
        <pitch>
          <step>C</step>
          <alter>1</alter>
          <octave>4</octave>
        </pitch>
        <duration>2</duration>
        <voice>2</voice>
        <type>eighth</type>
        <stem default-y="-50">down</stem>
      </note>
      <note default-x="195">
        <pitch>
          <step>B</step>
          <octave>3</octave>
        </pitch>
        <duration>2</duration>
        <voice>2</voice>
        <type>eighth</type>
        <stem default-y="-55">down</stem>
        <beam number="1">begin</beam>
        <notations>
          <slur bezier-x="6" bezier-y="-10" default-x="1" default-y="-60" number="1" placement="below" type="start"/>
        </notations>
      </note>
      <note default-x="221">
        <pitch>
          <step>A</step>
          <alter>1</alter>
          <octave>3</octave>
        </pitch>
        <duration>2</duration>
        <voice>2</voice>
        <type>eighth</type>
        <stem default-y="-60">down</stem>
        <beam number="1">end</beam>
        <notations>
          <slur bezier-x="-9" bezier-y="-7" default-x="0" default-y="-65" number="1" type="stop"/>
        </notations>
      </note>
      <note default-x="247">
        <pitch>
          <step>G</step>
          <alter>1</alter>
          <octave>3</octave>
        </pitch>
        <duration>8</duration>
        <voice>2</voice>
        <type>half</type>
        <stem default-y="-58">down</stem>
      </note>
      <barline location="right">
        <bar-style>light-heavy</bar-style>
        <repeat direction="backward" winged="none"/>
      </barline>
    </measure>
  </part>
  <!--=========================================================-->
</score-partwise>
