<?xml version="1.0" encoding="UTF-8" standalone="no"?>
<!DOCTYPE score-partwise PUBLIC "-//Recordare//DTD MusicXML 4.0 Partwise//EN" "http://www.musicxml.org/dtds/partwise.dtd">
<score-partwise version="4.0">
  <identification>
    <encoding>
      <software>Finale v27.3 for Windows</software>
      <encoding-date>2024-08-09</encoding-date>
      <supports attribute="new-system" element="print" type="yes" value="yes"/>
      <supports attribute="new-page" element="print" type="yes" value="yes"/>
      <supports element="accidental" type="yes"/>
      <supports element="beam" type="yes"/>
      <supports element="stem" type="yes"/>
    </encoding>
  </identification>
  <defaults>
    <scaling>
      <millimeters>8.4667</millimeters>
      <tenths>40</tenths>
    </scaling>
    <page-layout>
      <page-height>1320</page-height>
      <page-width>1020</page-width>
      <page-margins type="both">
        <left-margin>60</left-margin>
        <right-margin>60</right-margin>
        <top-margin>60</top-margin>
        <bottom-margin>60</bottom-margin>
      </page-margins>
    </page-layout>
    <system-layout>
      <system-margins>
        <left-margin>0</left-margin>
        <right-margin>0</right-margin>
      </system-margins>
      <system-distance>110</system-distance>
      <top-system-distance>67</top-system-distance>
    </system-layout>
    <appearance>
      <line-width type="stem">0.7682</line-width>
      <line-width type="beam">5</line-width>
      <line-width type="staff">0.7682</line-width>
      <line-width type="light barline">0.7682</line-width>
      <line-width type="heavy barline">5</line-width>
      <line-width type="leger">0.7682</line-width>
      <line-width type="ending">0.7682</line-width>
      <line-width type="wedge">0.7682</line-width>
      <line-width type="enclosure">0.7682</line-width>
      <line-width type="tuplet bracket">0.7682</line-width>
      <note-size type="grace">50</note-size>
      <note-size type="cue">50</note-size>
      <distance type="hyphen">60</distance>
      <distance type="beam">7.5</distance>
    </appearance>
    <music-font font-family="Finale Maestro,engraved" font-size="24"/>
    <word-font font-family="Times New Roman" font-size="12"/>
    <lyric-font font-family="Times New Roman" font-size="12"/>
  </defaults>
  <credit page="1">
    <credit-words default-x="391" default-y="1260" font-size="19" valign="top">562. Тиха, тиха (05-БР-09)</credit-words>
  </credit>
  <credit page="1">
    <credit-words default-x="113" default-y="1032" font-size="17" valign="top" xml:space="preserve">1. Тиха, тиха 
Вечіронька, тиха,
Нема мого 
Любого жениха.*
2. А ще вона 
Та й тихіше буде,
Як мій милий 
З дороги прибуде. 
3. Ой приїхав 
Мій милий з дороги,
Мила вийшла, 
Вклонилася в ноги. 
4. – Що ж це, мила, 
Що ж це за причина,
Що ти мені 
В ніженьки вклонилась?
5. – В мене, милий, 
Циганочка була, 
Вона в мене 
Дитину забула. 
6. В мене, милий, 
Циганочка ночувала,
Вона ж мені 
Дитиноньку дала. </credit-words>
  </credit>
  <credit page="1">
    <credit-words default-x="400" default-y="72" valign="top">* Другу половину кожної строфи співають двічі. (Л. Є.)</credit-words>
  </credit>
  <credit page="1">
    <credit-words default-x="416" default-y="1028" font-size="17" valign="top" xml:space="preserve">7. – Щось ти, мила, 
Та й словами блудиш,
Чим ти, мила, 
Дитину годуєш? 
8. – Я годую 
Разними словами,
Я купаю 
Дрібними сльозами. 
9. – Біжи, сину, 
На ярмарок пішки,
Купи, сину, 
Реміннії віжки. 
10. Ходім, мила, 
До комори спати,
Бо я маю 
Щось тобі казати. 
11. А з вечора 
Нагайка шуміла,
А в півночі 
Мила задубіла. 
12. Пішла мати 
До комори вранці,
Наступила 
Невістці на пальці.</credit-words>
  </credit>
  <credit page="1">
    <credit-words default-x="124" default-y="141" valign="top" xml:space="preserve">Зап. 1922 р. Кудрицька А. М. у с. Овечаче Бердичівського пов. на Київщині (нині с. Дружне Кали-
нівського р-ну Вінницької обл.) від Д. Нагірної. – ІМФЕ, ф. 6-4, од. зб. 110, арк. 11-12 (текст), арк. 
133 (мел.). Вар. зап. Мачульська Н. у с. Сумівка Бершадського р-ну Вінницької обл. – ІМФЕ, ф. 
6-4, од. зб. 161а/І,  арк. 11-12.</credit-words>
  </credit>
  <credit page="1">
    <credit-words default-x="718" default-y="1043" font-size="17" valign="top" xml:space="preserve">13. Пішла мати 
До комори – соли,
Наступила 
Невістці на ноги. 
14. – Десь ти, сину, 
Свою жінку любиш,
Сонце сходить, – 
Ти її не будиш.
15. – Ой ти, мати, 
Порадниця в хаті,
Порадила, 
Як милу скарати. 
16. Порадила, 
Як милу скарати,
Тепер порадь, 
Як її сховати. 
17. – Зірви, сину, 
З комори стелину
Та й поховай 
Чужую дитину. 
18. – Не тра, мати, 
Стелини зривати,
Треба, мати, 
Попові сказати. 
19. – Ой батюшко, 
Що будем робити,
Забив жінку, – 
Не маю з ким жити.  </credit-words>
  </credit>
  <credit page="1">
    <credit-words default-x="528" default-y="49" valign="top">342</credit-words>
  </credit>
  <part-list>
    <score-part id="P1">
      <part-name print-object="no">MusicXML Part</part-name>
      <group>score</group>
      <score-instrument id="P1-I1">
        <instrument-name>Èíñòðóìåíò 1</instrument-name>
      </score-instrument>
      <midi-instrument id="P1-I1">
        <midi-channel>1</midi-channel>
        <midi-program>1</midi-program>
        <volume>80</volume>
        <pan>0</pan>
      </midi-instrument>
    </score-part>
  </part-list>
  <!--=========================================================-->
  <part id="P1">
    <measure number="1" width="249">
      <print>
        <page-layout>
          <page-height>1320</page-height>
          <page-width>1020</page-width>
          <page-margins>
            <left-margin>121</left-margin>
            <right-margin>60</right-margin>
            <top-margin>60</top-margin>
            <bottom-margin>60</bottom-margin>
          </page-margins>
        </page-layout>
        <system-layout>
          <system-margins>
            <left-margin>60</left-margin>
            <right-margin>0</right-margin>
          </system-margins>
          <top-system-distance>71</top-system-distance>
        </system-layout>
        <measure-numbering>none</measure-numbering>
      </print>
      <attributes>
        <divisions>4</divisions>
        <key>
          <fifths>-2</fifths>
          <mode>major</mode>
        </key>
        <time>
          <beats>3</beats>
          <beat-type>4</beat-type>
        </time>
        <clef>
          <sign>G</sign>
          <line>2</line>
        </clef>
      </attributes>
      <sound tempo="96">
        <swing>
          <straight/>
        </swing>
      </sound>
      <direction placement="below">
        <direction-type>
          <words default-y="-19" relative-x="-181">Вар.</words>
        </direction-type>
      </direction>
      <note default-x="119">
        <pitch>
          <step>G</step>
          <octave>4</octave>
        </pitch>
        <duration>2</duration>
        <voice>1</voice>
        <type>eighth</type>
        <stem default-y="5">up</stem>
        <lyric default-y="-62" number="2">
          <syllabic>single</syllabic>
          <text>–</text>
          <elision> </elision>
          <syllabic>single</syllabic>
          <text>Ой</text>
        </lyric>
      </note>
      <note default-x="155">
        <pitch>
          <step>B</step>
          <alter>-1</alter>
          <octave>4</octave>
        </pitch>
        <duration>2</duration>
        <voice>1</voice>
        <type>eighth</type>
        <stem default-y="-55">down</stem>
        <lyric default-y="-62" number="2">
          <syllabic>single</syllabic>
          <text>ти,</text>
        </lyric>
      </note>
      <note default-x="186">
        <pitch>
          <step>D</step>
          <octave>5</octave>
        </pitch>
        <duration>4</duration>
        <voice>1</voice>
        <type>quarter</type>
        <stem default-y="-45">down</stem>
        <lyric default-y="-62" number="2">
          <syllabic>begin</syllabic>
          <text>ма</text>
        </lyric>
      </note>
      <note default-x="219">
        <pitch>
          <step>B</step>
          <alter>-1</alter>
          <octave>4</octave>
        </pitch>
        <duration>4</duration>
        <voice>1</voice>
        <type>quarter</type>
        <stem default-y="-55">down</stem>
        <lyric default-y="-62" number="2">
          <syllabic>end</syllabic>
          <text>ти,/</text>
        </lyric>
      </note>
    </measure>
    <!--=======================================================-->
    <measure number="2" width="193">
      <note default-x="13">
        <pitch>
          <step>D</step>
          <octave>5</octave>
        </pitch>
        <duration>2</duration>
        <voice>1</voice>
        <type>eighth</type>
        <stem default-y="-45">down</stem>
        <lyric default-y="-62" number="2" relative-x="-5">
          <syllabic>begin</syllabic>
          <text>по</text>
        </lyric>
      </note>
      <note default-x="35">
        <pitch>
          <step>F</step>
          <octave>5</octave>
        </pitch>
        <duration>2</duration>
        <voice>1</voice>
        <type>eighth</type>
        <stem default-y="-35">down</stem>
        <lyric default-y="-62" number="2">
          <syllabic>middle</syllabic>
          <text>ра</text>
        </lyric>
      </note>
      <note default-x="67">
        <pitch>
          <step>F</step>
          <octave>5</octave>
        </pitch>
        <duration>2</duration>
        <voice>1</voice>
        <type>eighth</type>
        <stem default-y="-35">down</stem>
        <lyric default-y="-62" number="2">
          <syllabic>middle</syllabic>
          <text>дни</text>
        </lyric>
      </note>
      <note default-x="99">
        <pitch>
          <step>G</step>
          <octave>5</octave>
        </pitch>
        <duration>2</duration>
        <voice>1</voice>
        <type>eighth</type>
        <stem default-y="-30">down</stem>
        <lyric default-y="-62" number="2">
          <syllabic>end</syllabic>
          <text>це</text>
        </lyric>
      </note>
      <note default-x="131">
        <pitch>
          <step>F</step>
          <octave>5</octave>
        </pitch>
        <duration>2</duration>
        <voice>1</voice>
        <type>eighth</type>
        <stem default-y="-35">down</stem>
        <lyric default-y="-62" number="2">
          <syllabic>single</syllabic>
          <text>в</text>
          <elision> </elision>
          <syllabic>begin</syllabic>
          <text>ха</text>
        </lyric>
      </note>
      <note default-x="162">
        <pitch>
          <step>E</step>
          <alter>-1</alter>
          <octave>5</octave>
        </pitch>
        <duration>2</duration>
        <voice>1</voice>
        <type>eighth</type>
        <stem default-y="-40">down</stem>
        <lyric default-y="-62" number="2" relative-x="4">
          <syllabic>end</syllabic>
          <text>ті,/</text>
        </lyric>
      </note>
    </measure>
    <!--=======================================================-->
    <measure number="3" width="143">
      <note default-x="13">
        <pitch>
          <step>D</step>
          <octave>5</octave>
        </pitch>
        <duration>2</duration>
        <voice>1</voice>
        <type>eighth</type>
        <stem default-y="-45">down</stem>
        <lyric default-y="-62" number="2" relative-x="-4">
          <syllabic>begin</syllabic>
          <text>по</text>
        </lyric>
      </note>
      <note default-x="46">
        <pitch>
          <step>D</step>
          <octave>5</octave>
        </pitch>
        <duration>2</duration>
        <voice>1</voice>
        <type>eighth</type>
        <stem default-y="-45">down</stem>
        <lyric default-y="-62" number="2">
          <syllabic>end</syllabic>
          <text>радь</text>
        </lyric>
      </note>
      <note default-x="83">
        <pitch>
          <step>C</step>
          <octave>5</octave>
        </pitch>
        <duration>4</duration>
        <voice>1</voice>
        <type>quarter</type>
        <stem default-y="-50">down</stem>
        <lyric default-y="-62" number="2">
          <syllabic>begin</syllabic>
          <text>ме</text>
        </lyric>
      </note>
      <note default-x="114">
        <pitch>
          <step>F</step>
          <octave>4</octave>
        </pitch>
        <duration>4</duration>
        <voice>1</voice>
        <type>quarter</type>
        <stem default-y="0">up</stem>
        <lyric default-y="-62" number="2">
          <syllabic>end</syllabic>
          <text>ні,/</text>
        </lyric>
      </note>
    </measure>
    <!--=======================================================-->
    <measure number="4" width="195">
      <note default-x="13">
        <pitch>
          <step>D</step>
          <octave>5</octave>
        </pitch>
        <duration>3</duration>
        <voice>1</voice>
        <type>eighth</type>
        <dot/>
        <stem default-y="-45">down</stem>
        <lyric default-y="-62" number="2">
          <syllabic>single</syllabic>
          <text>як</text>
        </lyric>
      </note>
      <note default-x="42">
        <pitch>
          <step>E</step>
          <alter>-1</alter>
          <octave>5</octave>
        </pitch>
        <duration>1</duration>
        <voice>1</voice>
        <type>16th</type>
        <stem default-y="-40">down</stem>
        <lyric default-y="-62" number="2">
          <syllabic>begin</syllabic>
          <text>жі</text>
        </lyric>
      </note>
      <note default-x="71">
        <pitch>
          <step>D</step>
          <octave>5</octave>
        </pitch>
        <duration>2</duration>
        <voice>1</voice>
        <type>eighth</type>
        <stem default-y="-45">down</stem>
        <lyric default-y="-62" number="2">
          <syllabic>end</syllabic>
          <text>нку</text>
        </lyric>
      </note>
      <note default-x="105">
        <pitch>
          <step>C</step>
          <octave>5</octave>
        </pitch>
        <duration>2</duration>
        <voice>1</voice>
        <type>eighth</type>
        <stem default-y="-50">down</stem>
        <lyric default-y="-62" number="2">
          <syllabic>begin</syllabic>
          <text>ска</text>
        </lyric>
      </note>
      <note default-x="131">
        <pitch>
          <step>B</step>
          <alter>-1</alter>
          <octave>4</octave>
        </pitch>
        <duration>2</duration>
        <voice>1</voice>
        <type>eighth</type>
        <stem default-y="-55">down</stem>
        <lyric default-y="-62" number="2" relative-x="4">
          <syllabic>middle</syllabic>
          <text>ра</text>
        </lyric>
      </note>
      <note default-x="161">
        <pitch>
          <step>A</step>
          <octave>4</octave>
        </pitch>
        <duration>2</duration>
        <voice>1</voice>
        <type>eighth</type>
        <stem default-y="10">up</stem>
        <lyric default-y="-62" number="2" relative-x="5">
          <syllabic>end</syllabic>
          <text>ти,/</text>
        </lyric>
      </note>
    </measure>
    <!--=======================================================-->
    <measure number="5" width="257">
      <print new-system="yes">
        <system-layout>
          <system-margins>
            <left-margin>0</left-margin>
            <right-margin>269</right-margin>
          </system-margins>
          <system-distance>41</system-distance>
        </system-layout>
      </print>
      <note default-x="86">
        <pitch>
          <step>G</step>
          <octave>4</octave>
        </pitch>
        <duration>2</duration>
        <voice>1</voice>
        <type>eighth</type>
        <stem default-y="5">up</stem>
        <lyric default-y="-62" number="2">
          <syllabic>begin</syllabic>
          <text>по</text>
        </lyric>
      </note>
      <note default-x="127">
        <pitch>
          <step>G</step>
          <octave>4</octave>
        </pitch>
        <duration>2</duration>
        <voice>1</voice>
        <type>eighth</type>
        <stem default-y="5">up</stem>
        <lyric default-y="-62" number="2">
          <syllabic>end</syllabic>
          <text>радь</text>
        </lyric>
      </note>
      <note default-x="167">
        <pitch>
          <step>F</step>
          <octave>4</octave>
        </pitch>
        <duration>4</duration>
        <voice>1</voice>
        <type>quarter</type>
        <stem default-y="0">up</stem>
        <lyric default-y="-62" number="2">
          <syllabic>begin</syllabic>
          <text>ме</text>
        </lyric>
      </note>
      <note default-x="212">
        <pitch>
          <step>D</step>
          <octave>4</octave>
        </pitch>
        <duration>4</duration>
        <voice>1</voice>
        <type>quarter</type>
        <stem default-y="-10">up</stem>
        <lyric default-y="-62" number="2">
          <syllabic>end</syllabic>
          <text>ні,/</text>
        </lyric>
      </note>
    </measure>
    <!--=======================================================-->
    <measure number="6" width="186">
      <note default-x="13">
        <pitch>
          <step>D</step>
          <octave>5</octave>
        </pitch>
        <duration>4</duration>
        <voice>1</voice>
        <type>quarter</type>
        <stem default-y="-45">down</stem>
        <lyric default-y="-62" number="2">
          <syllabic>single</syllabic>
          <text>як</text>
        </lyric>
      </note>
      <note default-x="58">
        <pitch>
          <step>E</step>
          <alter>-1</alter>
          <octave>5</octave>
        </pitch>
        <duration>2</duration>
        <voice>1</voice>
        <type>eighth</type>
        <stem default-y="-40">down</stem>
        <beam number="1">begin</beam>
        <notations>
          <slur bezier-x="8" bezier-y="8" default-x="6" default-y="5" number="1" placement="above" type="start"/>
        </notations>
        <lyric default-y="-62" number="2" relative-x="3">
          <syllabic>begin</syllabic>
          <text>жі</text>
        </lyric>
      </note>
      <note default-x="85">
        <pitch>
          <step>D</step>
          <octave>5</octave>
        </pitch>
        <duration>2</duration>
        <voice>1</voice>
        <type>eighth</type>
        <stem default-y="-45">down</stem>
        <beam number="1">end</beam>
        <notations>
          <slur bezier-x="-7" bezier-y="9" default-x="6" default-y="3" number="1" type="stop"/>
        </notations>
      </note>
      <note default-x="115">
        <pitch>
          <step>C</step>
          <octave>5</octave>
        </pitch>
        <duration>2</duration>
        <voice>1</voice>
        <type>eighth</type>
        <stem default-y="-50">down</stem>
        <lyric default-y="-62" number="2">
          <syllabic>end</syllabic>
          <text>нку</text>
        </lyric>
      </note>
      <note default-x="147">
        <pitch>
          <step>B</step>
          <alter>-1</alter>
          <octave>4</octave>
        </pitch>
        <duration>1</duration>
        <voice>1</voice>
        <type>16th</type>
        <stem default-y="-55">down</stem>
        <beam number="1">begin</beam>
        <beam number="2">begin</beam>
        <notations>
          <slur bezier-x="5" bezier-y="8" default-x="6" default-y="-7" number="1" placement="above" type="start"/>
        </notations>
        <lyric default-y="-62" number="2" relative-x="6">
          <syllabic>begin</syllabic>
          <text>ска</text>
        </lyric>
      </note>
      <note default-x="166">
        <pitch>
          <step>C</step>
          <octave>5</octave>
        </pitch>
        <duration>1</duration>
        <voice>1</voice>
        <type>16th</type>
        <stem default-y="-50">down</stem>
        <beam number="1">end</beam>
        <beam number="2">end</beam>
        <notations>
          <slur bezier-x="-6" bezier-y="7" default-x="6" default-y="-5" number="1" type="stop"/>
        </notations>
      </note>
    </measure>
    <!--=======================================================-->
    <measure number="7" width="127">
      <note default-x="13">
        <pitch>
          <step>D</step>
          <octave>5</octave>
        </pitch>
        <duration>4</duration>
        <voice>1</voice>
        <type>quarter</type>
        <stem default-y="-45">down</stem>
        <lyric default-y="-62" number="2">
          <syllabic>middle</syllabic>
          <text>ра</text>
        </lyric>
      </note>
      <note default-x="53">
        <pitch>
          <step>G</step>
          <octave>4</octave>
        </pitch>
        <duration>8</duration>
        <voice>1</voice>
        <type>half</type>
        <stem default-y="5">up</stem>
        <lyric default-y="-62" number="2">
          <syllabic>end</syllabic>
          <text>ти!</text>
        </lyric>
      </note>
      <barline location="right">
        <bar-style>light-heavy</bar-style>
      </barline>
    </measure>
  </part>
  <!--=========================================================-->
</score-partwise>
