<?xml version="1.0" encoding="UTF-8" standalone="no"?>
<!DOCTYPE score-partwise PUBLIC "-//Recordare//DTD MusicXML 4.0 Partwise//EN" "http://www.musicxml.org/dtds/partwise.dtd">
<score-partwise version="4.0">
  <identification>
    <encoding>
      <software>Finale v27.3 for Windows</software>
      <encoding-date>2024-10-02</encoding-date>
      <supports attribute="new-system" element="print" type="yes" value="yes"/>
      <supports attribute="new-page" element="print" type="yes" value="yes"/>
      <supports element="accidental" type="yes"/>
      <supports element="beam" type="yes"/>
      <supports element="stem" type="yes"/>
    </encoding>
  </identification>
  <defaults>
    <scaling>
      <millimeters>8.4667</millimeters>
      <tenths>40</tenths>
    </scaling>
    <page-layout>
      <page-height>1320</page-height>
      <page-width>1020</page-width>
      <page-margins type="both">
        <left-margin>60</left-margin>
        <right-margin>60</right-margin>
        <top-margin>60</top-margin>
        <bottom-margin>60</bottom-margin>
      </page-margins>
    </page-layout>
    <system-layout>
      <system-margins>
        <left-margin>0</left-margin>
        <right-margin>0</right-margin>
      </system-margins>
      <system-distance>77</system-distance>
      <top-system-distance>43</top-system-distance>
    </system-layout>
    <appearance>
      <line-width type="stem">0.7682</line-width>
      <line-width type="beam">5</line-width>
      <line-width type="staff">0.7682</line-width>
      <line-width type="light barline">0.7682</line-width>
      <line-width type="heavy barline">5</line-width>
      <line-width type="leger">0.7682</line-width>
      <line-width type="ending">0.7682</line-width>
      <line-width type="wedge">0.7682</line-width>
      <line-width type="enclosure">0.7682</line-width>
      <line-width type="tuplet bracket">0.7682</line-width>
      <note-size type="grace">50</note-size>
      <note-size type="cue">50</note-size>
      <distance type="hyphen">60</distance>
      <distance type="beam">7.5</distance>
    </appearance>
    <music-font font-family="Finale Maestro,engraved" font-size="24"/>
    <word-font font-family="Times New Roman" font-size="12"/>
    <lyric-font font-family="Times New Roman" font-size="12"/>
  </defaults>
  <credit page="1">
    <credit-words default-x="289" default-y="1209" font-size="19" valign="top">587. Чи не будеш, дівчинонько (07-БК-08)</credit-words>
  </credit>
  <credit page="1">
    <credit-words default-x="266" default-y="1160" valign="top">Протяжно</credit-words>
  </credit>
  <credit page="1">
    <credit-words default-x="110" default-y="808" font-size="14" valign="top" xml:space="preserve">1. – Чи не будеш, дівчинонько,
За мною тужити,
Як я сяду та й поїду
У військо служити?*
2. – Ой не буду, козаченьку,
Не буду, не буду,
Ти за гору, я за другу
Й за тебе забуду.
3. Як виїхав козаченько
За нові ворота,
Щось не бере дівчиноньки
Ні сон, ні робота.
4. Як виїхав козаченько
За тонкії лози, –
Обілляли дівчиноньку
Дрібненькії сльози.
5. Як виїхав козаченько
За жовтії піски,
Оглянувся назад себе, –
Біжить братик пішки!
6. – Ой вернися, козаченьку,
Батенько вмирає!
– Хай вмирає, Бог приймає,
А я не вернуся.</credit-words>
  </credit>
  <credit page="1">
    <credit-words default-x="116" default-y="83" valign="top" xml:space="preserve">* У мелодії зазначено повтор другої половини строф.(Л. Є.)  </credit-words>
  </credit>
  <credit page="1">
    <credit-words default-x="526" default-y="45" valign="top">361</credit-words>
  </credit>
  <credit page="1">
    <credit-words default-x="550" default-y="806" font-size="14" valign="top" xml:space="preserve">7. – Ой вернися, козаченьку,
Матінка вмирає!
– Хай вмирає, Бог приймає,
А я не вернуся!
8. – Ой вернися, козаченьку,
Дівчина вмирає!
– Буду бити, коня гнати,
Щоб живу застати!
9. Як приїхав козаченько
На її подвір’я, –
Ударили усі дзвони
На смутне весілля.
10. Батько плаче, мати плаче:
– Діти мої, діти!
Забралися за рученьки,
Як рожеві квіти.
11. – Не плач, батьку, не плач, мати,
Я не винуватий!
Прийшло врем’я іти в військо,
Треба отбувати.</credit-words>
  </credit>
  <credit page="1">
    <credit-words default-x="104" default-y="150" valign="top" xml:space="preserve">Зап. у 1963-1964 рр. Богун Г. Г. у с. Тернівка Козятинського р-ну Вінницької обл. від Карпунь Л. 
П., Рудик Х. Л., Поліщук К. Л., Карпунь А. Л., Олійник Н. Л. – ІМФЕ, ф. 14-3, од. зб. 447, арк. 98 
зв.-99, № 10; фонозапис ф. 14-10, од. зб. 1014, нотація Єфремової Л. О.</credit-words>
  </credit>
  <part-list>
    <score-part id="P1">
      <part-name print-object="no">MusicXML Part</part-name>
      <group>score</group>
      <score-instrument id="P1-I1">
        <instrument-name>Èíñòðóìåíò 1</instrument-name>
      </score-instrument>
      <midi-instrument id="P1-I1">
        <midi-channel>1</midi-channel>
        <midi-program>1</midi-program>
        <volume>80</volume>
        <pan>0</pan>
      </midi-instrument>
    </score-part>
  </part-list>
  <!--=========================================================-->
  <part id="P1">
    <measure number="1" width="272">
      <print>
        <page-layout>
          <page-height>1320</page-height>
          <page-width>1020</page-width>
          <page-margins>
            <left-margin>120</left-margin>
            <right-margin>60</right-margin>
            <top-margin>60</top-margin>
            <bottom-margin>60</bottom-margin>
          </page-margins>
        </page-layout>
        <system-layout>
          <system-margins>
            <left-margin>59</left-margin>
            <right-margin>4</right-margin>
          </system-margins>
          <top-system-distance>125</top-system-distance>
        </system-layout>
        <measure-numbering>none</measure-numbering>
      </print>
      <attributes>
        <divisions>4</divisions>
        <key>
          <fifths>0</fifths>
          <mode>major</mode>
        </key>
        <time>
          <beats>3</beats>
          <beat-type>4</beat-type>
        </time>
        <clef>
          <sign>G</sign>
          <line>2</line>
        </clef>
      </attributes>
      <sound tempo="96">
        <swing>
          <straight/>
        </swing>
      </sound>
      <note default-x="85">
        <pitch>
          <step>C</step>
          <octave>4</octave>
        </pitch>
        <duration>6</duration>
        <voice>1</voice>
        <type>quarter</type>
        <dot/>
        <stem default-y="-15">up</stem>
        <lyric default-y="-92" number="1" relative-x="5">
          <syllabic>single</syllabic>
          <text>1.</text>
          <elision> </elision>
          <syllabic>single</syllabic>
          <text>–</text>
          <elision> </elision>
          <syllabic>single</syllabic>
          <text>Чи</text>
        </lyric>
      </note>
      <note default-x="160">
        <pitch>
          <step>C</step>
          <octave>4</octave>
        </pitch>
        <duration>2</duration>
        <voice>1</voice>
        <type>eighth</type>
        <stem default-y="-15">up</stem>
        <lyric default-y="-92" number="1">
          <syllabic>single</syllabic>
          <text>не</text>
        </lyric>
      </note>
      <note default-x="194">
        <pitch>
          <step>B</step>
          <octave>3</octave>
        </pitch>
        <duration>2</duration>
        <voice>1</voice>
        <type>eighth</type>
        <stem default-y="-20">up</stem>
        <lyric default-y="-92" number="1">
          <syllabic>begin</syllabic>
          <text>бу</text>
        </lyric>
      </note>
      <note default-x="229">
        <pitch>
          <step>A</step>
          <octave>3</octave>
        </pitch>
        <duration>1</duration>
        <voice>1</voice>
        <type>16th</type>
        <stem default-y="-15">up</stem>
        <beam number="1">begin</beam>
        <beam number="2">begin</beam>
        <notations>
          <slur bezier-x="5" bezier-y="-9" default-x="6" default-y="-70" number="1" placement="below" type="start"/>
        </notations>
        <lyric default-y="-92" number="1" relative-x="6">
          <syllabic>end</syllabic>
          <text>деш,</text>
        </lyric>
      </note>
      <note default-x="250">
        <pitch>
          <step>G</step>
          <octave>3</octave>
        </pitch>
        <duration>1</duration>
        <voice>1</voice>
        <type>16th</type>
        <stem default-y="-20">up</stem>
        <beam number="1">end</beam>
        <beam number="2">end</beam>
        <notations>
          <slur bezier-x="-8" bezier-y="-6" default-x="6" default-y="-75" number="1" type="stop"/>
        </notations>
      </note>
    </measure>
    <!--=======================================================-->
    <measure number="2" width="207">
      <note default-x="13">
        <pitch>
          <step>D</step>
          <octave>4</octave>
        </pitch>
        <duration>6</duration>
        <voice>1</voice>
        <type>quarter</type>
        <dot/>
        <stem default-y="-10">up</stem>
        <lyric default-y="-92" number="1">
          <syllabic>begin</syllabic>
          <text>ді</text>
        </lyric>
      </note>
      <note default-x="78">
        <pitch>
          <step>B</step>
          <octave>3</octave>
        </pitch>
        <duration>2</duration>
        <voice>1</voice>
        <type>eighth</type>
        <stem default-y="-20">up</stem>
        <lyric default-y="-92" number="1">
          <syllabic>middle</syllabic>
          <text>вчи</text>
        </lyric>
      </note>
      <note default-x="117">
        <pitch>
          <step>B</step>
          <octave>3</octave>
        </pitch>
        <duration>2</duration>
        <voice>1</voice>
        <type>eighth</type>
        <stem default-y="-20">up</stem>
        <lyric default-y="-92" number="1">
          <syllabic>middle</syllabic>
          <text>но</text>
        </lyric>
      </note>
      <note default-x="163">
        <pitch>
          <step>G</step>
          <octave>3</octave>
        </pitch>
        <duration>2</duration>
        <voice>1</voice>
        <type>eighth</type>
        <stem default-y="-20">up</stem>
        <lyric default-y="-92" number="1">
          <syllabic>end</syllabic>
          <text>нько,/</text>
        </lyric>
      </note>
    </measure>
    <!--=======================================================-->
    <measure number="3" width="175">
      <note default-x="13">
        <pitch>
          <step>F</step>
          <octave>4</octave>
        </pitch>
        <duration>6</duration>
        <voice>1</voice>
        <type>quarter</type>
        <dot/>
        <stem default-y="0">up</stem>
        <lyric default-y="-92" number="1">
          <syllabic>single</syllabic>
          <text>за</text>
        </lyric>
      </note>
      <note default-x="75">
        <pitch>
          <step>F</step>
          <octave>4</octave>
        </pitch>
        <duration>2</duration>
        <voice>1</voice>
        <type>eighth</type>
        <stem default-y="0">up</stem>
        <lyric default-y="-92" number="1">
          <syllabic>begin</syllabic>
          <text>мно</text>
        </lyric>
      </note>
      <note default-x="109">
        <pitch>
          <step>E</step>
          <octave>4</octave>
        </pitch>
        <duration>2</duration>
        <voice>1</voice>
        <type>eighth</type>
        <stem default-y="-5">up</stem>
        <lyric default-y="-92" number="1">
          <syllabic>end</syllabic>
          <text>ю</text>
        </lyric>
      </note>
      <note default-x="143">
        <pitch>
          <step>F</step>
          <octave>4</octave>
        </pitch>
        <duration>2</duration>
        <voice>1</voice>
        <type>eighth</type>
        <stem default-y="0">up</stem>
        <lyric default-y="-92" number="1">
          <syllabic>begin</syllabic>
          <text>ту</text>
        </lyric>
      </note>
      <backup>
        <duration>12</duration>
      </backup>
      <note default-x="13">
        <pitch>
          <step>D</step>
          <octave>4</octave>
        </pitch>
        <duration>6</duration>
        <voice>2</voice>
        <type>quarter</type>
        <dot/>
        <stem default-y="-73">down</stem>
      </note>
      <note default-x="75">
        <pitch>
          <step>D</step>
          <octave>4</octave>
        </pitch>
        <duration>2</duration>
        <voice>2</voice>
        <type>eighth</type>
        <stem default-y="-80">down</stem>
      </note>
      <note default-x="109">
        <pitch>
          <step>C</step>
          <octave>4</octave>
        </pitch>
        <duration>2</duration>
        <voice>2</voice>
        <type>eighth</type>
        <stem default-y="-85">down</stem>
      </note>
      <note default-x="143">
        <pitch>
          <step>D</step>
          <octave>4</octave>
        </pitch>
        <duration>2</duration>
        <voice>2</voice>
        <type>eighth</type>
        <stem default-y="-80">down</stem>
      </note>
    </measure>
    <!--=======================================================-->
    <measure number="4" width="122">
      <note default-x="13">
        <pitch>
          <step>G</step>
          <octave>4</octave>
        </pitch>
        <duration>4</duration>
        <voice>1</voice>
        <type>quarter</type>
        <stem default-y="5">up</stem>
        <lyric default-y="-92" number="1">
          <syllabic>middle</syllabic>
          <text>жи</text>
        </lyric>
      </note>
      <note default-x="55">
        <pitch>
          <step>E</step>
          <octave>4</octave>
        </pitch>
        <duration>8</duration>
        <voice>1</voice>
        <type>half</type>
        <stem default-y="-5">up</stem>
        <lyric default-y="-92" number="1">
          <syllabic>end</syllabic>
          <text>ти,/</text>
        </lyric>
      </note>
      <backup>
        <duration>12</duration>
      </backup>
      <note default-x="13">
        <pitch>
          <step>E</step>
          <octave>4</octave>
        </pitch>
        <duration>4</duration>
        <voice>2</voice>
        <type>quarter</type>
        <stem default-y="-68">down</stem>
      </note>
      <note default-x="55">
        <pitch>
          <step>C</step>
          <octave>4</octave>
        </pitch>
        <duration>8</duration>
        <voice>2</voice>
        <type>half</type>
        <stem default-y="-78">down</stem>
      </note>
    </measure>
    <!--=======================================================-->
    <measure number="5" width="233">
      <print new-system="yes">
        <system-layout>
          <system-distance>68</system-distance>
        </system-layout>
      </print>
      <note default-x="51">
        <pitch>
          <step>A</step>
          <octave>4</octave>
        </pitch>
        <duration>6</duration>
        <voice>1</voice>
        <type>quarter</type>
        <dot/>
        <stem default-y="10">up</stem>
        <lyric default-y="-85" number="1">
          <syllabic>single</syllabic>
          <text>як</text>
        </lyric>
      </note>
      <note default-x="126">
        <pitch>
          <step>C</step>
          <octave>5</octave>
        </pitch>
        <duration>2</duration>
        <voice>1</voice>
        <type>eighth</type>
        <stem default-y="20">up</stem>
        <lyric default-y="-85" number="1">
          <syllabic>single</syllabic>
          <text>я</text>
        </lyric>
      </note>
      <note default-x="162">
        <pitch>
          <step>B</step>
          <octave>4</octave>
        </pitch>
        <duration>2</duration>
        <voice>1</voice>
        <type>eighth</type>
        <stem default-y="15">up</stem>
        <lyric default-y="-85" number="1">
          <syllabic>begin</syllabic>
          <text>ся</text>
        </lyric>
      </note>
      <note default-x="197">
        <pitch>
          <step>A</step>
          <octave>4</octave>
        </pitch>
        <duration>2</duration>
        <voice>1</voice>
        <type>eighth</type>
        <stem default-y="10">up</stem>
        <lyric default-y="-85" number="1">
          <syllabic>end</syllabic>
          <text>ду</text>
        </lyric>
      </note>
      <backup>
        <duration>12</duration>
      </backup>
      <note default-x="51">
        <pitch>
          <step>F</step>
          <octave>4</octave>
        </pitch>
        <duration>6</duration>
        <voice>2</voice>
        <type>quarter</type>
        <dot/>
        <stem default-y="-63">down</stem>
      </note>
      <note default-x="126">
        <pitch>
          <step>F</step>
          <octave>4</octave>
        </pitch>
        <duration>2</duration>
        <voice>2</voice>
        <type>eighth</type>
        <stem default-y="-70">down</stem>
      </note>
      <note default-x="126">
        <chord/>
        <pitch>
          <step>A</step>
          <octave>4</octave>
        </pitch>
        <duration>2</duration>
        <voice>2</voice>
        <type>eighth</type>
        <stem>down</stem>
      </note>
      <note default-x="150">
        <pitch>
          <step>F</step>
          <octave>4</octave>
        </pitch>
        <duration>2</duration>
        <voice>2</voice>
        <type>eighth</type>
        <stem default-y="-70">down</stem>
      </note>
      <note default-x="162">
        <chord/>
        <pitch>
          <step>G</step>
          <octave>4</octave>
        </pitch>
        <duration>2</duration>
        <voice>2</voice>
        <type>eighth</type>
        <stem>down</stem>
      </note>
      <note default-x="197">
        <pitch>
          <step>F</step>
          <octave>4</octave>
        </pitch>
        <duration>2</duration>
        <voice>2</voice>
        <type>eighth</type>
        <stem default-y="-70">down</stem>
      </note>
    </measure>
    <!--=======================================================-->
    <measure number="6" width="202">
      <note default-x="16">
        <pitch>
          <step>C</step>
          <octave>5</octave>
        </pitch>
        <duration>6</duration>
        <voice>1</voice>
        <type>quarter</type>
        <dot/>
        <stem default-y="13.5">up</stem>
        <lyric default-y="-85" number="1">
          <syllabic>single</syllabic>
          <text>та</text>
          <elision> </elision>
          <syllabic>single</syllabic>
          <text>й</text>
        </lyric>
      </note>
      <note default-x="93">
        <pitch>
          <step>G</step>
          <octave>4</octave>
        </pitch>
        <duration>2</duration>
        <voice>1</voice>
        <type>eighth</type>
        <stem default-y="5">up</stem>
        <lyric default-y="-85" number="1">
          <syllabic>begin</syllabic>
          <text>по</text>
        </lyric>
      </note>
      <note default-x="129">
        <pitch>
          <step>F</step>
          <octave>4</octave>
        </pitch>
        <duration>2</duration>
        <voice>1</voice>
        <type>eighth</type>
        <stem default-y="0">up</stem>
        <lyric default-y="-85" number="1">
          <syllabic>middle</syllabic>
          <text>ї</text>
        </lyric>
      </note>
      <note default-x="165">
        <pitch>
          <step>E</step>
          <octave>4</octave>
        </pitch>
        <duration>2</duration>
        <voice>1</voice>
        <type>eighth</type>
        <stem default-y="-5">up</stem>
        <lyric default-y="-85" number="1">
          <syllabic>end</syllabic>
          <text>ду/</text>
        </lyric>
      </note>
      <backup>
        <duration>12</duration>
      </backup>
      <note default-x="16">
        <pitch>
          <step>C</step>
          <octave>4</octave>
        </pitch>
        <duration>6</duration>
        <voice>2</voice>
        <type>quarter</type>
        <dot/>
        <stem default-y="-78">down</stem>
      </note>
      <note default-x="105">
        <pitch>
          <step>D</step>
          <octave>4</octave>
        </pitch>
        <duration>2</duration>
        <voice>2</voice>
        <type>eighth</type>
        <stem default-y="-80">down</stem>
      </note>
      <note default-x="105">
        <chord/>
        <pitch>
          <step>F</step>
          <octave>4</octave>
        </pitch>
        <duration>2</duration>
        <voice>2</voice>
        <type>eighth</type>
        <stem>down</stem>
      </note>
      <note default-x="129">
        <pitch>
          <step>D</step>
          <octave>4</octave>
        </pitch>
        <duration>2</duration>
        <voice>2</voice>
        <type>eighth</type>
        <stem default-y="-80">down</stem>
      </note>
      <note default-x="165">
        <pitch>
          <step>C</step>
          <octave>4</octave>
        </pitch>
        <duration>2</duration>
        <voice>2</voice>
        <type>eighth</type>
        <stem default-y="-85">down</stem>
      </note>
    </measure>
    <!--=======================================================-->
    <measure number="7" width="238">
      <note default-x="13">
        <pitch>
          <step>F</step>
          <octave>4</octave>
        </pitch>
        <duration>6</duration>
        <voice>1</voice>
        <type>quarter</type>
        <dot/>
        <stem default-y="0">up</stem>
        <lyric default-y="-85" number="1">
          <syllabic>single</syllabic>
          <text>у</text>
        </lyric>
      </note>
      <note default-x="99">
        <pitch>
          <step>G</step>
          <octave>4</octave>
        </pitch>
        <duration>2</duration>
        <voice>1</voice>
        <type>eighth</type>
        <stem default-y="5">up</stem>
        <lyric default-y="-85" number="1">
          <syllabic>begin</syllabic>
          <text>ві</text>
        </lyric>
      </note>
      <note default-x="146">
        <pitch>
          <step>A</step>
          <octave>4</octave>
        </pitch>
        <duration>2</duration>
        <voice>1</voice>
        <type>eighth</type>
        <stem default-y="10">up</stem>
        <lyric default-y="-85" number="1">
          <syllabic>end</syllabic>
          <text>йсько</text>
        </lyric>
      </note>
      <note default-x="195">
        <pitch>
          <step>F</step>
          <octave>4</octave>
        </pitch>
        <duration>2</duration>
        <voice>1</voice>
        <type>eighth</type>
        <stem default-y="0">up</stem>
        <lyric default-y="-85" number="1">
          <syllabic>begin</syllabic>
          <text>слу</text>
        </lyric>
      </note>
      <backup>
        <duration>12</duration>
      </backup>
      <note default-x="13">
        <pitch>
          <step>D</step>
          <octave>4</octave>
        </pitch>
        <duration>6</duration>
        <voice>2</voice>
        <type>quarter</type>
        <dot/>
        <stem default-y="-73">down</stem>
      </note>
      <note default-x="99">
        <pitch>
          <step>E</step>
          <octave>4</octave>
        </pitch>
        <duration>2</duration>
        <voice>2</voice>
        <type>eighth</type>
        <stem default-y="-75">down</stem>
      </note>
      <note default-x="146">
        <pitch>
          <step>F</step>
          <octave>4</octave>
        </pitch>
        <duration>2</duration>
        <voice>2</voice>
        <type>eighth</type>
        <stem default-y="-70">down</stem>
      </note>
      <note default-x="195">
        <pitch>
          <step>D</step>
          <octave>4</octave>
        </pitch>
        <duration>2</duration>
        <voice>2</voice>
        <type>eighth</type>
        <stem default-y="-80">down</stem>
      </note>
    </measure>
    <!--=======================================================-->
    <measure number="8" width="167">
      <note default-x="16">
        <pitch>
          <step>E</step>
          <octave>4</octave>
        </pitch>
        <duration>6</duration>
        <voice>1</voice>
        <type>quarter</type>
        <dot/>
        <stem default-y="-5">up</stem>
        <notations>
          <slur bezier-x="14" bezier-y="16" default-x="18" default-y="-15" number="1" orientation="over" type="start"/>
        </notations>
        <lyric default-y="-85" number="1">
          <syllabic>middle</syllabic>
          <text>жи</text>
        </lyric>
      </note>
      <note default-x="83">
        <pitch>
          <step>F</step>
          <octave>4</octave>
        </pitch>
        <duration>2</duration>
        <voice>1</voice>
        <type>eighth</type>
        <stem default-y="0">up</stem>
        <notations>
          <slur bezier-x="-17" bezier-y="11" default-x="7" default-y="-7" number="1" type="stop"/>
        </notations>
      </note>
      <note default-x="115">
        <pitch>
          <step>G</step>
          <octave>4</octave>
        </pitch>
        <duration>4</duration>
        <voice>1</voice>
        <type>quarter</type>
        <stem default-y="5">up</stem>
        <lyric default-y="-85" number="1">
          <syllabic>end</syllabic>
          <text>ти?</text>
        </lyric>
      </note>
      <backup>
        <duration>12</duration>
      </backup>
      <note default-x="16">
        <pitch>
          <step>C</step>
          <octave>4</octave>
        </pitch>
        <duration>6</duration>
        <voice>2</voice>
        <type>quarter</type>
        <dot/>
        <stem default-y="-78">down</stem>
      </note>
      <note default-x="83">
        <pitch>
          <step>D</step>
          <octave>4</octave>
        </pitch>
        <duration>2</duration>
        <voice>2</voice>
        <type>eighth</type>
        <stem default-y="-80">down</stem>
      </note>
      <note default-x="115">
        <pitch>
          <step>E</step>
          <octave>4</octave>
        </pitch>
        <duration>4</duration>
        <voice>2</voice>
        <type>quarter</type>
        <stem default-y="-68">down</stem>
      </note>
    </measure>
    <!--=======================================================-->
    <measure number="9" width="237">
      <print new-system="yes">
        <system-layout>
          <system-distance>74</system-distance>
        </system-layout>
      </print>
      <note default-x="51">
        <pitch>
          <step>A</step>
          <octave>4</octave>
        </pitch>
        <duration>6</duration>
        <voice>1</voice>
        <type>quarter</type>
        <dot/>
        <stem default-y="10">up</stem>
        <lyric default-y="-85" number="1">
          <syllabic>single</syllabic>
          <text>як</text>
        </lyric>
      </note>
      <note default-x="128">
        <pitch>
          <step>C</step>
          <octave>5</octave>
        </pitch>
        <duration>2</duration>
        <voice>1</voice>
        <type>eighth</type>
        <stem default-y="20">up</stem>
        <lyric default-y="-85" number="1">
          <syllabic>single</syllabic>
          <text>я</text>
        </lyric>
      </note>
      <note default-x="164">
        <pitch>
          <step>B</step>
          <octave>4</octave>
        </pitch>
        <duration>2</duration>
        <voice>1</voice>
        <type>eighth</type>
        <stem default-y="15">up</stem>
        <lyric default-y="-85" number="1">
          <syllabic>begin</syllabic>
          <text>ся</text>
        </lyric>
      </note>
      <note default-x="200">
        <pitch>
          <step>A</step>
          <octave>4</octave>
        </pitch>
        <duration>2</duration>
        <voice>1</voice>
        <type>eighth</type>
        <stem default-y="10">up</stem>
        <lyric default-y="-85" number="1">
          <syllabic>end</syllabic>
          <text>ду</text>
        </lyric>
      </note>
      <backup>
        <duration>12</duration>
      </backup>
      <note default-x="51">
        <pitch>
          <step>F</step>
          <octave>4</octave>
        </pitch>
        <duration>6</duration>
        <voice>2</voice>
        <type>quarter</type>
        <dot/>
        <stem default-y="-63">down</stem>
      </note>
      <note default-x="128">
        <pitch>
          <step>F</step>
          <octave>4</octave>
        </pitch>
        <duration>2</duration>
        <voice>2</voice>
        <type>eighth</type>
        <stem default-y="-70">down</stem>
      </note>
      <note default-x="128">
        <chord/>
        <pitch>
          <step>A</step>
          <octave>4</octave>
        </pitch>
        <duration>2</duration>
        <voice>2</voice>
        <type>eighth</type>
        <stem>down</stem>
      </note>
      <note default-x="153">
        <pitch>
          <step>F</step>
          <octave>4</octave>
        </pitch>
        <duration>2</duration>
        <voice>2</voice>
        <type>eighth</type>
        <stem default-y="-70">down</stem>
      </note>
      <note default-x="164">
        <chord/>
        <pitch>
          <step>G</step>
          <octave>4</octave>
        </pitch>
        <duration>2</duration>
        <voice>2</voice>
        <type>eighth</type>
        <stem>down</stem>
      </note>
      <note default-x="200">
        <pitch>
          <step>F</step>
          <octave>4</octave>
        </pitch>
        <duration>2</duration>
        <voice>2</voice>
        <type>eighth</type>
        <stem default-y="-70">down</stem>
      </note>
    </measure>
    <!--=======================================================-->
    <measure number="10" width="207">
      <note default-x="16">
        <pitch>
          <step>C</step>
          <octave>5</octave>
        </pitch>
        <duration>6</duration>
        <voice>1</voice>
        <type>quarter</type>
        <dot/>
        <stem default-y="13.5">up</stem>
        <lyric default-y="-85" number="1">
          <syllabic>single</syllabic>
          <text>та</text>
          <elision> </elision>
          <syllabic>single</syllabic>
          <text>й</text>
        </lyric>
      </note>
      <note default-x="95">
        <pitch>
          <step>G</step>
          <octave>4</octave>
        </pitch>
        <duration>2</duration>
        <voice>1</voice>
        <type>eighth</type>
        <stem default-y="5">up</stem>
        <lyric default-y="-85" number="1">
          <syllabic>begin</syllabic>
          <text>по</text>
        </lyric>
      </note>
      <note default-x="132">
        <pitch>
          <step>F</step>
          <octave>4</octave>
        </pitch>
        <duration>2</duration>
        <voice>1</voice>
        <type>eighth</type>
        <stem default-y="0">up</stem>
        <lyric default-y="-85" number="1">
          <syllabic>middle</syllabic>
          <text>ї</text>
        </lyric>
      </note>
      <note default-x="169">
        <pitch>
          <step>E</step>
          <octave>4</octave>
        </pitch>
        <duration>2</duration>
        <voice>1</voice>
        <type>eighth</type>
        <stem default-y="-5">up</stem>
        <lyric default-y="-85" number="1">
          <syllabic>end</syllabic>
          <text>ду/</text>
        </lyric>
      </note>
      <backup>
        <duration>12</duration>
      </backup>
      <note default-x="16">
        <pitch>
          <step>C</step>
          <octave>4</octave>
        </pitch>
        <duration>6</duration>
        <voice>2</voice>
        <type>quarter</type>
        <dot/>
        <stem default-y="-78">down</stem>
      </note>
      <note default-x="107">
        <pitch>
          <step>D</step>
          <octave>4</octave>
        </pitch>
        <duration>2</duration>
        <voice>2</voice>
        <type>eighth</type>
        <stem default-y="-80">down</stem>
      </note>
      <note default-x="107">
        <chord/>
        <pitch>
          <step>F</step>
          <octave>4</octave>
        </pitch>
        <duration>2</duration>
        <voice>2</voice>
        <type>eighth</type>
        <stem>down</stem>
      </note>
      <note default-x="132">
        <pitch>
          <step>D</step>
          <octave>4</octave>
        </pitch>
        <duration>2</duration>
        <voice>2</voice>
        <type>eighth</type>
        <stem default-y="-80">down</stem>
      </note>
      <note default-x="169">
        <pitch>
          <step>C</step>
          <octave>4</octave>
        </pitch>
        <duration>2</duration>
        <voice>2</voice>
        <type>eighth</type>
        <stem default-y="-85">down</stem>
      </note>
    </measure>
    <!--=======================================================-->
    <measure number="11" width="244">
      <note default-x="13">
        <pitch>
          <step>F</step>
          <octave>4</octave>
        </pitch>
        <duration>6</duration>
        <voice>1</voice>
        <type>quarter</type>
        <dot/>
        <stem default-y="0">up</stem>
        <lyric default-y="-85" number="1">
          <syllabic>single</syllabic>
          <text>у</text>
        </lyric>
      </note>
      <note default-x="103">
        <pitch>
          <step>G</step>
          <octave>4</octave>
        </pitch>
        <duration>2</duration>
        <voice>1</voice>
        <type>eighth</type>
        <stem default-y="5">up</stem>
        <lyric default-y="-85" number="1">
          <syllabic>begin</syllabic>
          <text>ві</text>
        </lyric>
      </note>
      <note default-x="151">
        <pitch>
          <step>A</step>
          <octave>4</octave>
        </pitch>
        <duration>2</duration>
        <voice>1</voice>
        <type>eighth</type>
        <stem default-y="10">up</stem>
        <lyric default-y="-85" number="1">
          <syllabic>end</syllabic>
          <text>йсько</text>
        </lyric>
      </note>
      <note default-x="199">
        <pitch>
          <step>F</step>
          <octave>4</octave>
        </pitch>
        <duration>2</duration>
        <voice>1</voice>
        <type>eighth</type>
        <stem default-y="0">up</stem>
        <lyric default-y="-85" number="1">
          <syllabic>begin</syllabic>
          <text>слу</text>
        </lyric>
      </note>
      <backup>
        <duration>12</duration>
      </backup>
      <note default-x="13">
        <pitch>
          <step>D</step>
          <octave>4</octave>
        </pitch>
        <duration>6</duration>
        <voice>2</voice>
        <type>quarter</type>
        <dot/>
        <stem default-y="-73">down</stem>
      </note>
      <note default-x="103">
        <pitch>
          <step>E</step>
          <octave>4</octave>
        </pitch>
        <duration>2</duration>
        <voice>2</voice>
        <type>eighth</type>
        <stem default-y="-75">down</stem>
      </note>
      <note default-x="151">
        <pitch>
          <step>F</step>
          <octave>4</octave>
        </pitch>
        <duration>2</duration>
        <voice>2</voice>
        <type>eighth</type>
        <stem default-y="-70">down</stem>
      </note>
      <note default-x="199">
        <pitch>
          <step>D</step>
          <octave>4</octave>
        </pitch>
        <duration>2</duration>
        <voice>2</voice>
        <type>eighth</type>
        <stem default-y="-80">down</stem>
      </note>
    </measure>
    <!--=======================================================-->
    <measure number="12" width="152">
      <note default-x="16">
        <pitch>
          <step>E</step>
          <octave>4</octave>
        </pitch>
        <duration>8</duration>
        <voice>1</voice>
        <type>half</type>
        <stem default-y="-5">up</stem>
        <lyric default-y="-85" number="1" relative-x="4">
          <syllabic>middle</syllabic>
          <text>жи</text>
        </lyric>
      </note>
      <note default-x="94">
        <pitch>
          <step>C</step>
          <octave>4</octave>
        </pitch>
        <duration>4</duration>
        <voice>1</voice>
        <type>quarter</type>
        <stem default-y="-15">up</stem>
        <lyric default-y="-85" number="1">
          <syllabic>end</syllabic>
          <text>ти?</text>
        </lyric>
      </note>
      <backup>
        <duration>12</duration>
      </backup>
      <note default-x="16">
        <pitch>
          <step>C</step>
          <octave>4</octave>
        </pitch>
        <duration>8</duration>
        <voice>2</voice>
        <type>half</type>
        <stem default-y="-78">down</stem>
      </note>
      <note default-x="94">
        <pitch>
          <step>C</step>
          <octave>4</octave>
        </pitch>
        <duration>4</duration>
        <voice>2</voice>
        <type>quarter</type>
        <stem default-y="-78">down</stem>
      </note>
      <barline location="right">
        <bar-style>light-heavy</bar-style>
      </barline>
    </measure>
  </part>
  <!--=========================================================-->
</score-partwise>
