<?xml version="1.0" encoding="UTF-8" standalone="no"?>
<!DOCTYPE score-partwise PUBLIC "-//Recordare//DTD MusicXML 4.0 Partwise//EN" "http://www.musicxml.org/dtds/partwise.dtd">
<score-partwise version="4.0">
  <identification>
    <encoding>
      <software>Finale v27.3 for Windows</software>
      <encoding-date>2024-10-02</encoding-date>
      <supports attribute="new-system" element="print" type="yes" value="yes"/>
      <supports attribute="new-page" element="print" type="yes" value="yes"/>
      <supports element="accidental" type="yes"/>
      <supports element="beam" type="yes"/>
      <supports element="stem" type="yes"/>
    </encoding>
  </identification>
  <defaults>
    <scaling>
      <millimeters>8.4667</millimeters>
      <tenths>40</tenths>
    </scaling>
    <page-layout>
      <page-height>1320</page-height>
      <page-width>1020</page-width>
      <page-margins type="both">
        <left-margin>60</left-margin>
        <right-margin>60</right-margin>
        <top-margin>60</top-margin>
        <bottom-margin>60</bottom-margin>
      </page-margins>
    </page-layout>
    <system-layout>
      <system-margins>
        <left-margin>0</left-margin>
        <right-margin>0</right-margin>
      </system-margins>
      <system-distance>110</system-distance>
      <top-system-distance>67</top-system-distance>
    </system-layout>
    <appearance>
      <line-width type="stem">0.7682</line-width>
      <line-width type="beam">5</line-width>
      <line-width type="staff">0.7682</line-width>
      <line-width type="light barline">0.7682</line-width>
      <line-width type="heavy barline">5</line-width>
      <line-width type="leger">0.7682</line-width>
      <line-width type="ending">0.7682</line-width>
      <line-width type="wedge">0.7682</line-width>
      <line-width type="enclosure">0.7682</line-width>
      <line-width type="tuplet bracket">0.7682</line-width>
      <note-size type="grace">50</note-size>
      <note-size type="cue">50</note-size>
      <distance type="hyphen">60</distance>
      <distance type="beam">7.5</distance>
    </appearance>
    <music-font font-family="Finale Maestro,engraved" font-size="24"/>
    <word-font font-family="Times New Roman" font-size="12"/>
    <lyric-font font-family="Times New Roman" font-size="12"/>
  </defaults>
  <credit page="1">
    <credit-words default-x="345" default-y="1250" valign="top">100 Енергійно</credit-words>
  </credit>
  <credit page="1">
    <credit-words default-x="123" default-y="1001" font-size="17" valign="top" xml:space="preserve">1. Ой на сплаву, 
На сплавочку, 
На воді,*
Там плаває 
Гарний хлопець 
На човні,*
2. А дівчина 
Бере воду 
Відерцем, 
Називає 
Козаченька 
Сокільцем: 
3. – Ой козаче, 
Козаченьку, 
Соколю, 
Візьми ж мене 
На човничок 
З собою. </credit-words>
  </credit>
  <credit page="1">
    <credit-words default-x="411" default-y="103" valign="top" xml:space="preserve">* Половини строф співають двічі. (Л. Є.)
** В недузі. (А. К.)</credit-words>
  </credit>
  <credit page="1">
    <credit-words default-x="108" default-y="286" valign="top" xml:space="preserve">Зап. 1922 р. Кудрицька А. М. у с. Овечаче Бердичівського пов. на Київщині (нині с. Дружне Кали-
нівського р-ну Вінницької обл.) від Дарки Нагірної, 46 р. – ІМФЕ, ф. 6-4, од. зб. 110, арк. 37-38 
(текст), арк. 139 (мел.). Вар. зап. 1998 р. Бідюк Л. М. у с. Сиваківці  Липовецького р-ну Вінниць-
кої обл. від гурту. Розшифр. Єфремова Л. О., № 42 (307). Вар. 1 зап. 2007 р. та 03.04 2008 р. Ку-
шка Т. Я., Матіяш Д. В. у с. Гущинці Калинівського р-ну Вінницької обл. від Майданюк Л. В., 
Яцюк Л. А. (вивід), Мартинюк  В. П., Богомолець О. П., (кер.), Романюк Г. Ю. Розшифр. Єфремо-
ва Л. О. № 9 (621).</credit-words>
  </credit>
  <credit page="1">
    <credit-words default-x="337" default-y="998" font-size="17" valign="top" xml:space="preserve">4. – Ой рад би я, 
Дівчинонько, 
Тебе взять, 
А хто ж буде 
Лебедята 
Заганять?
5. Десь узявся 
Гарний хлопець 
Ще й стрілець, 
Забив, забив 
Щонайкращий 
Лебедець.
6. Розсипалось 
Біле пір’я 
По кустах, 
Розіллялась 
Кров червона 
По річках. </credit-words>
  </credit>
  <credit page="1">
    <credit-words default-x="557" default-y="1000" font-size="17" valign="top" xml:space="preserve">7. Ой то не кров, 
То дівоцькая 
Краса. 
Чом у дівки 
Не розчесана 
Коса? 
8. – Три неділі 
Я не в тузі** 
Лежала, 
На четверту 
Поздоровшати 
Стала. 
9. А на п’ятій 
В сад 
   вишневенький 
Пішла, 
А на шостій 
Всі доріженьки 
Пройшла.</credit-words>
  </credit>
  <credit page="1">
    <credit-words default-x="779" default-y="997" font-size="17" valign="top" xml:space="preserve">10. – А хто ж ції 
Доріженьки 
Поробив? 
– Гарний козак 
До дівчиноньки 
Ходив. 
А він її 
Срібла-злота 
Доносив, 
11. Вона його 
Срібла-злота 
Не брала,
Вона його 
Дураченьком 
Назвала:
12. – Іди, іди, 
Дураченьку, 
Від мене,
Єсть у мене 
Кращий козак 
За тебе. (2)</credit-words>
  </credit>
  <credit page="1">
    <credit-words default-x="525" default-y="45" valign="top">358</credit-words>
  </credit>
  <credit page="1">
    <credit-words default-x="398" default-y="1291" font-size="19" valign="top">583. Ой на сплаву (07-БК-05)</credit-words>
  </credit>
  <part-list>
    <score-part id="P1">
      <part-name print-object="no">MusicXML Part</part-name>
      <group>score</group>
      <score-instrument id="P1-I1">
        <instrument-name>Èíñòðóìåíò 1</instrument-name>
      </score-instrument>
      <midi-instrument id="P1-I1">
        <midi-channel>1</midi-channel>
        <midi-program>1</midi-program>
        <volume>80</volume>
        <pan>0</pan>
      </midi-instrument>
    </score-part>
  </part-list>
  <!--=========================================================-->
  <part id="P1">
    <measure number="1" width="293">
      <print>
        <page-layout>
          <page-height>1320</page-height>
          <page-width>1020</page-width>
          <page-margins>
            <left-margin>120</left-margin>
            <right-margin>60</right-margin>
            <top-margin>60</top-margin>
            <bottom-margin>60</bottom-margin>
          </page-margins>
        </page-layout>
        <system-layout>
          <system-margins>
            <left-margin>61</left-margin>
            <right-margin>0</right-margin>
          </system-margins>
          <top-system-distance>38</top-system-distance>
        </system-layout>
        <measure-numbering>none</measure-numbering>
      </print>
      <attributes>
        <divisions>2</divisions>
        <key>
          <fifths>-4</fifths>
          <mode>major</mode>
        </key>
        <time symbol="common">
          <beats>4</beats>
          <beat-type>4</beat-type>
        </time>
        <clef>
          <sign>G</sign>
          <line>2</line>
          <clef-octave-change>-1</clef-octave-change>
        </clef>
      </attributes>
      <sound tempo="100">
        <swing>
          <straight/>
        </swing>
      </sound>
      <direction placement="above">
        <direction-type>
          <words default-y="17" relative-x="-147">quarter note equals</words>
        </direction-type>
      </direction>
      <direction placement="below">
        <direction-type>
          <words default-y="-22" relative-x="-192">Вар.</words>
        </direction-type>
      </direction>
      <note default-x="138">
        <pitch>
          <step>A</step>
          <alter>-1</alter>
          <octave>3</octave>
        </pitch>
        <duration>3</duration>
        <voice>1</voice>
        <type>quarter</type>
        <dot/>
        <stem default-y="10">up</stem>
        <lyric default-y="-66" number="1">
          <syllabic>single</syllabic>
          <text>Ой</text>
        </lyric>
      </note>
      <note default-x="185">
        <pitch>
          <step>G</step>
          <octave>3</octave>
        </pitch>
        <duration>1</duration>
        <voice>1</voice>
        <type>eighth</type>
        <stem default-y="5">up</stem>
        <lyric default-y="-66" number="1">
          <syllabic>single</syllabic>
          <text>на</text>
        </lyric>
      </note>
      <note default-x="220">
        <pitch>
          <step>F</step>
          <octave>3</octave>
        </pitch>
        <duration>2</duration>
        <voice>1</voice>
        <type>quarter</type>
        <stem default-y="0">up</stem>
        <lyric default-y="-66" number="1">
          <syllabic>begin</syllabic>
          <text>ста</text>
        </lyric>
      </note>
      <note default-x="257">
        <pitch>
          <step>E</step>
          <alter>-1</alter>
          <octave>3</octave>
        </pitch>
        <duration>2</duration>
        <voice>1</voice>
        <type>quarter</type>
        <stem default-y="-5">up</stem>
        <lyric default-y="-66" number="1">
          <syllabic>end</syllabic>
          <text>ву,/</text>
        </lyric>
      </note>
    </measure>
    <!--=======================================================-->
    <measure number="2" width="167">
      <note default-x="13">
        <pitch>
          <step>A</step>
          <alter>-1</alter>
          <octave>3</octave>
        </pitch>
        <duration>2</duration>
        <voice>1</voice>
        <type>quarter</type>
        <stem default-y="10">up</stem>
        <lyric default-y="-66" number="1">
          <syllabic>single</syllabic>
          <text>на</text>
        </lyric>
      </note>
      <note default-x="49">
        <pitch>
          <step>B</step>
          <alter>-1</alter>
          <octave>3</octave>
        </pitch>
        <duration>2</duration>
        <voice>1</voice>
        <type>quarter</type>
        <stem default-y="-55">down</stem>
        <lyric default-y="-66" number="1">
          <syllabic>begin</syllabic>
          <text>ста</text>
        </lyric>
      </note>
      <note default-x="84">
        <pitch>
          <step>C</step>
          <octave>4</octave>
        </pitch>
        <duration>3</duration>
        <voice>1</voice>
        <type>quarter</type>
        <dot/>
        <stem default-y="-50">down</stem>
        <lyric default-y="-66" number="1">
          <syllabic>middle</syllabic>
          <text>во</text>
        </lyric>
      </note>
      <note default-x="130">
        <pitch>
          <step>B</step>
          <alter>-1</alter>
          <octave>3</octave>
        </pitch>
        <duration>1</duration>
        <voice>1</voice>
        <type>eighth</type>
        <stem default-y="-55">down</stem>
        <lyric default-y="-66" number="1">
          <syllabic>end</syllabic>
          <text>чку,/</text>
        </lyric>
      </note>
    </measure>
    <!--=======================================================-->
    <measure number="3" width="163">
      <note default-x="13">
        <pitch>
          <step>A</step>
          <alter>-1</alter>
          <octave>3</octave>
        </pitch>
        <duration>2</duration>
        <voice>1</voice>
        <type>quarter</type>
        <stem default-y="10">up</stem>
        <lyric default-y="-66" number="1">
          <syllabic>single</syllabic>
          <text>на</text>
        </lyric>
      </note>
      <note default-x="48">
        <pitch>
          <step>A</step>
          <alter>-1</alter>
          <octave>3</octave>
        </pitch>
        <duration>2</duration>
        <voice>1</voice>
        <type>quarter</type>
        <stem default-y="10">up</stem>
        <lyric default-y="-66" number="1">
          <syllabic>begin</syllabic>
          <text>во</text>
        </lyric>
      </note>
      <note default-x="84">
        <pitch>
          <step>A</step>
          <alter>-1</alter>
          <octave>3</octave>
        </pitch>
        <duration>1</duration>
        <voice>1</voice>
        <type>eighth</type>
        <stem default-y="10">up</stem>
        <beam number="1">begin</beam>
        <notations>
          <slur bezier-x="9" bezier-y="-16" default-x="6" default-y="-35" number="1" placement="below" type="start"/>
        </notations>
        <lyric default-y="-66" number="1" relative-x="7">
          <syllabic>end</syllabic>
          <text>ді,/</text>
        </lyric>
      </note>
      <note default-x="105">
        <pitch>
          <step>F</step>
          <octave>3</octave>
        </pitch>
        <duration>1</duration>
        <voice>1</voice>
        <type>eighth</type>
        <stem default-y="5">up</stem>
        <beam number="1">end</beam>
      </note>
      <note default-x="128">
        <pitch>
          <step>E</step>
          <alter>-1</alter>
          <octave>3</octave>
        </pitch>
        <duration>2</duration>
        <voice>1</voice>
        <type>quarter</type>
        <stem default-y="-5">up</stem>
        <notations>
          <slur bezier-x="-17" bezier-y="-7" default-x="6" default-y="-50" number="1" type="stop"/>
        </notations>
      </note>
    </measure>
    <!--=======================================================-->
    <measure number="4" width="156">
      <note default-x="13">
        <pitch>
          <step>C</step>
          <octave>4</octave>
        </pitch>
        <duration>2</duration>
        <voice>1</voice>
        <type>quarter</type>
        <stem default-y="13.5">up</stem>
        <lyric default-y="-66" number="1">
          <syllabic>single</syllabic>
          <text>ой</text>
        </lyric>
      </note>
      <note default-x="48">
        <pitch>
          <step>C</step>
          <octave>4</octave>
        </pitch>
        <duration>2</duration>
        <voice>1</voice>
        <type>quarter</type>
        <stem default-y="13.5">up</stem>
        <lyric default-y="-66" number="1">
          <syllabic>single</syllabic>
          <text>на</text>
        </lyric>
      </note>
      <note default-x="83">
        <pitch>
          <step>F</step>
          <octave>4</octave>
        </pitch>
        <duration>2</duration>
        <voice>1</voice>
        <type>quarter</type>
        <stem default-y="28.5">up</stem>
        <lyric default-y="-66" number="1">
          <syllabic>begin</syllabic>
          <text>ста</text>
        </lyric>
      </note>
      <note default-x="120">
        <pitch>
          <step>F</step>
          <octave>4</octave>
        </pitch>
        <duration>2</duration>
        <voice>1</voice>
        <type>quarter</type>
        <stem default-y="28.5">up</stem>
        <lyric default-y="-66" number="1">
          <syllabic>end</syllabic>
          <text>ву,/</text>
        </lyric>
      </note>
      <backup>
        <duration>8</duration>
      </backup>
      <note default-x="13">
        <pitch>
          <step>A</step>
          <alter>-1</alter>
          <octave>3</octave>
        </pitch>
        <duration>2</duration>
        <voice>2</voice>
        <type>quarter</type>
        <stem default-y="-53">down</stem>
      </note>
      <note default-x="48">
        <pitch>
          <step>A</step>
          <alter>-1</alter>
          <octave>3</octave>
        </pitch>
        <duration>2</duration>
        <voice>2</voice>
        <type>quarter</type>
        <stem default-y="-53">down</stem>
      </note>
      <note default-x="83">
        <pitch>
          <step>D</step>
          <alter>-1</alter>
          <octave>4</octave>
        </pitch>
        <duration>2</duration>
        <voice>2</voice>
        <type>quarter</type>
        <stem default-y="-45">down</stem>
      </note>
      <note default-x="120">
        <pitch>
          <step>B</step>
          <alter>-1</alter>
          <octave>3</octave>
        </pitch>
        <duration>2</duration>
        <voice>2</voice>
        <type>quarter</type>
        <stem default-y="-55">down</stem>
      </note>
    </measure>
    <!--=======================================================-->
    <measure number="5" width="405">
      <print new-system="yes">
        <system-layout>
          <system-distance>52</system-distance>
        </system-layout>
      </print>
      <note default-x="106">
        <pitch>
          <step>E</step>
          <alter>-1</alter>
          <octave>4</octave>
        </pitch>
        <duration>2</duration>
        <voice>1</voice>
        <type>quarter</type>
        <stem default-y="23.5">up</stem>
        <lyric default-y="-66" number="1">
          <syllabic>single</syllabic>
          <text>на</text>
        </lyric>
      </note>
      <note default-x="173">
        <pitch>
          <step>C</step>
          <octave>4</octave>
        </pitch>
        <duration>2</duration>
        <voice>1</voice>
        <type>quarter</type>
        <stem default-y="13.5">up</stem>
        <lyric default-y="-66" number="1">
          <syllabic>single</syllabic>
          <text>ста...</text>
        </lyric>
      </note>
      <note default-x="239">
        <pitch>
          <step>D</step>
          <alter>-1</alter>
          <octave>4</octave>
        </pitch>
        <duration>1</duration>
        <voice>1</voice>
        <type>eighth</type>
        <stem default-y="25">up</stem>
        <lyric default-y="-66" number="1">
          <syllabic>single</syllabic>
          <text>на</text>
        </lyric>
      </note>
      <note default-x="281">
        <pitch>
          <step>D</step>
          <alter>-1</alter>
          <octave>4</octave>
        </pitch>
        <duration>1</duration>
        <voice>1</voice>
        <type>eighth</type>
        <stem default-y="25">up</stem>
        <lyric default-y="-66" number="1">
          <syllabic>begin</syllabic>
          <text>ста</text>
        </lyric>
      </note>
      <note default-x="322">
        <pitch>
          <step>C</step>
          <octave>4</octave>
        </pitch>
        <duration>1</duration>
        <voice>1</voice>
        <type>eighth</type>
        <stem default-y="20">up</stem>
        <lyric default-y="-66" number="1">
          <syllabic>middle</syllabic>
          <text>во</text>
        </lyric>
      </note>
      <note default-x="363">
        <pitch>
          <step>B</step>
          <alter>-1</alter>
          <octave>3</octave>
        </pitch>
        <duration>1</duration>
        <voice>1</voice>
        <type>eighth</type>
        <stem default-y="15">up</stem>
        <lyric default-y="-66" number="1">
          <syllabic>end</syllabic>
          <text>чку,/</text>
        </lyric>
      </note>
      <backup>
        <duration>8</duration>
      </backup>
      <note default-x="106">
        <pitch>
          <step>A</step>
          <alter>-1</alter>
          <octave>3</octave>
        </pitch>
        <duration>2</duration>
        <voice>2</voice>
        <type>quarter</type>
        <stem default-y="-53">down</stem>
      </note>
      <note default-x="173">
        <pitch>
          <step>A</step>
          <alter>-1</alter>
          <octave>3</octave>
        </pitch>
        <duration>2</duration>
        <voice>2</voice>
        <type>quarter</type>
        <stem default-y="-53">down</stem>
      </note>
      <note default-x="239">
        <pitch>
          <step>B</step>
          <alter>-1</alter>
          <octave>3</octave>
        </pitch>
        <duration>1</duration>
        <voice>2</voice>
        <type>eighth</type>
        <stem default-y="-55">down</stem>
      </note>
      <note default-x="281">
        <pitch>
          <step>B</step>
          <alter>-1</alter>
          <octave>3</octave>
        </pitch>
        <duration>1</duration>
        <voice>2</voice>
        <type>eighth</type>
        <stem default-y="-55">down</stem>
      </note>
      <note default-x="322">
        <pitch>
          <step>A</step>
          <alter>-1</alter>
          <octave>3</octave>
        </pitch>
        <duration>1</duration>
        <voice>2</voice>
        <type>eighth</type>
        <stem default-y="-60">down</stem>
      </note>
      <note default-x="363">
        <pitch>
          <step>G</step>
          <octave>3</octave>
        </pitch>
        <duration>1</duration>
        <voice>2</voice>
        <type>eighth</type>
        <stem default-y="-65">down</stem>
      </note>
    </measure>
    <!--=======================================================-->
    <measure number="6" width="206">
      <note default-x="13">
        <pitch>
          <step>C</step>
          <octave>4</octave>
        </pitch>
        <duration>2</duration>
        <voice>1</voice>
        <type>quarter</type>
        <stem default-y="13.5">up</stem>
        <lyric default-y="-66" number="1">
          <syllabic>single</syllabic>
          <text>на</text>
        </lyric>
      </note>
      <note default-x="62">
        <pitch>
          <step>F</step>
          <octave>4</octave>
        </pitch>
        <duration>2</duration>
        <voice>1</voice>
        <type>quarter</type>
        <stem default-y="28.5">up</stem>
        <lyric default-y="-66" number="1">
          <syllabic>begin</syllabic>
          <text>во</text>
        </lyric>
      </note>
      <note default-x="111">
        <pitch>
          <step>E</step>
          <alter>-1</alter>
          <octave>4</octave>
        </pitch>
        <duration>3</duration>
        <voice>1</voice>
        <type>quarter</type>
        <dot/>
        <stem default-y="23.5">up</stem>
        <notations>
          <slur bezier-x="16" bezier-y="13" default-x="18" default-y="13" number="1" orientation="over" type="start"/>
        </notations>
        <lyric default-y="-66" number="1" relative-x="7">
          <syllabic>end</syllabic>
          <text>ді,/</text>
        </lyric>
      </note>
      <note default-x="175">
        <pitch>
          <step>C</step>
          <octave>4</octave>
        </pitch>
        <duration>1</duration>
        <voice>1</voice>
        <type>eighth</type>
        <stem default-y="20">up</stem>
        <notations>
          <slur bezier-x="-14" bezier-y="14" default-x="7" default-y="10" number="1" type="stop"/>
        </notations>
      </note>
      <backup>
        <duration>8</duration>
      </backup>
      <note default-x="13">
        <pitch>
          <step>F</step>
          <octave>3</octave>
        </pitch>
        <duration>2</duration>
        <voice>2</voice>
        <type>quarter</type>
        <stem default-y="-63">down</stem>
      </note>
      <note default-x="62">
        <pitch>
          <step>F</step>
          <octave>3</octave>
        </pitch>
        <duration>2</duration>
        <voice>2</voice>
        <type>quarter</type>
        <stem default-y="-63">down</stem>
      </note>
      <note default-x="111">
        <pitch>
          <step>E</step>
          <alter>-1</alter>
          <octave>3</octave>
        </pitch>
        <duration>4</duration>
        <voice>2</voice>
        <type>half</type>
        <stem default-y="-68">down</stem>
      </note>
    </measure>
    <!--=======================================================-->
    <measure number="7" width="228">
      <note default-x="13">
        <pitch>
          <step>C</step>
          <octave>4</octave>
        </pitch>
        <duration>2</duration>
        <voice>1</voice>
        <type>quarter</type>
        <stem default-y="13.5">up</stem>
        <lyric default-y="-66" number="1">
          <syllabic>single</syllabic>
          <text>на</text>
        </lyric>
      </note>
      <note default-x="62">
        <pitch>
          <step>E</step>
          <alter>-1</alter>
          <octave>4</octave>
        </pitch>
        <duration>2</duration>
        <voice>1</voice>
        <type>quarter</type>
        <stem default-y="23.5">up</stem>
        <lyric default-y="-66" number="1">
          <syllabic>begin</syllabic>
          <text>во</text>
        </lyric>
      </note>
      <note default-x="110">
        <pitch>
          <step>C</step>
          <octave>4</octave>
        </pitch>
        <duration>1</duration>
        <voice>1</voice>
        <type>eighth</type>
        <stem default-y="20">up</stem>
        <lyric default-y="-66" number="1">
          <syllabic>end</syllabic>
          <text>ді.</text>
        </lyric>
      </note>
      <note default-x="140">
        <rest>
          <display-step>A</display-step>
          <display-octave>4</display-octave>
        </rest>
        <duration>1</duration>
        <voice>1</voice>
        <type>eighth</type>
      </note>
      <note default-x="170">
        <rest>
          <display-step>A</display-step>
          <display-octave>4</display-octave>
        </rest>
        <duration>2</duration>
        <voice>1</voice>
        <type>quarter</type>
      </note>
      <backup>
        <duration>8</duration>
      </backup>
      <note default-x="13">
        <pitch>
          <step>A</step>
          <alter>-1</alter>
          <octave>3</octave>
        </pitch>
        <duration>2</duration>
        <voice>2</voice>
        <type>quarter</type>
        <stem default-y="-53">down</stem>
      </note>
      <note default-x="62">
        <pitch>
          <step>A</step>
          <alter>-1</alter>
          <octave>3</octave>
        </pitch>
        <duration>2</duration>
        <voice>2</voice>
        <type>quarter</type>
        <stem default-y="-53">down</stem>
      </note>
      <note default-x="110">
        <pitch>
          <step>A</step>
          <alter>-1</alter>
          <octave>3</octave>
        </pitch>
        <duration>1</duration>
        <voice>2</voice>
        <type>eighth</type>
        <stem default-y="-60">down</stem>
      </note>
      <note default-x="140">
        <rest>
          <display-step>C</display-step>
          <display-octave>3</display-octave>
        </rest>
        <duration>1</duration>
        <voice>2</voice>
        <type>eighth</type>
      </note>
      <note default-x="170">
        <rest>
          <display-step>C</display-step>
          <display-octave>3</display-octave>
        </rest>
        <duration>2</duration>
        <voice>2</voice>
        <type>quarter</type>
      </note>
      <barline location="right">
        <bar-style>light-heavy</bar-style>
      </barline>
    </measure>
  </part>
  <!--=========================================================-->
</score-partwise>
