<?xml version="1.0" encoding="UTF-8" standalone="no"?>
<!DOCTYPE score-partwise PUBLIC "-//Recordare//DTD MusicXML 4.0 Partwise//EN" "http://www.musicxml.org/dtds/partwise.dtd">
<score-partwise version="4.0">
  <identification>
    <encoding>
      <software>Finale v27.3 for Windows</software>
      <encoding-date>2024-08-26</encoding-date>
      <supports attribute="new-system" element="print" type="yes" value="yes"/>
      <supports attribute="new-page" element="print" type="yes" value="yes"/>
      <supports element="accidental" type="yes"/>
      <supports element="beam" type="yes"/>
      <supports element="stem" type="yes"/>
    </encoding>
  </identification>
  <defaults>
    <scaling>
      <millimeters>8.4667</millimeters>
      <tenths>40</tenths>
    </scaling>
    <page-layout>
      <page-height>1320</page-height>
      <page-width>1020</page-width>
      <page-margins type="both">
        <left-margin>60</left-margin>
        <right-margin>60</right-margin>
        <top-margin>60</top-margin>
        <bottom-margin>60</bottom-margin>
      </page-margins>
    </page-layout>
    <system-layout>
      <system-margins>
        <left-margin>0</left-margin>
        <right-margin>0</right-margin>
      </system-margins>
      <system-distance>110</system-distance>
      <top-system-distance>67</top-system-distance>
    </system-layout>
    <appearance>
      <line-width type="stem">0.7682</line-width>
      <line-width type="beam">5</line-width>
      <line-width type="staff">0.7682</line-width>
      <line-width type="light barline">0.7682</line-width>
      <line-width type="heavy barline">5</line-width>
      <line-width type="leger">0.7682</line-width>
      <line-width type="ending">0.7682</line-width>
      <line-width type="wedge">0.7682</line-width>
      <line-width type="enclosure">0.7682</line-width>
      <line-width type="tuplet bracket">0.7682</line-width>
      <note-size type="grace">50</note-size>
      <note-size type="cue">50</note-size>
      <distance type="hyphen">60</distance>
      <distance type="beam">7.5</distance>
    </appearance>
    <music-font font-family="Maestro,engraved" font-size="24"/>
    <word-font font-family="Times New Roman" font-size="12"/>
    <lyric-font font-family="Times New Roman" font-size="12"/>
  </defaults>
  <credit page="1">
    <credit-words default-x="121" default-y="561" valign="top" xml:space="preserve">Зап. 1927 р. Харків В. у с. Мервинці Могилів-Подільського р-ну Вінницької обл. від Василя і Мой-
сея Прокопчуків. – ІМФЕ, ф. 6-3, од. зб. 72, арк. 38-39 (62-63).</credit-words>
  </credit>
  <credit page="1">
    <credit-words default-x="375" default-y="1260" font-size="19" valign="top">602. Ой ти, ковалю (09-БК-11)</credit-words>
  </credit>
  <credit page="1">
    <credit-words default-x="349" default-y="1235" valign="top">60 </credit-words>
  </credit>
  <credit page="1">
    <credit-words default-x="136" default-y="1074" font-size="17" valign="top" xml:space="preserve">1. – Ой ти, ковалю,
Ковалику Марку,
Чом ти не куєш
Звечора до ранку?

2. Чи в тебе, ковалю,
Заліза не стає?
Чи в тебе(тобі), ковалю,
Сталі не хватає?

3. – Гей, ой є в мене
Сталі за стальою,
Гей, ой є в мене
Журба за журбою.</credit-words>
  </credit>
  <credit page="1">
    <credit-words default-x="695" default-y="1071" font-size="17" valign="top" xml:space="preserve">7. Гей, а з півночі
В кирниці втопила,
Гей, на росьвєті
Богу ся молила:

8. Гей, дай же, Боже,
Сніжки та морози,
Гей, щоб задуло
Стежки да й дорожки.

9. Гей, щоб не знали,
Куди я ходила,
Гей, шоб не знали,
Шо дитя втопила.</credit-words>
  </credit>
  <credit page="1">
    <credit-words default-x="435" default-y="1073" font-size="17" valign="top" xml:space="preserve">4. Гей, ой є в мене
Дівча Катерина,
Гей, вона ж мені
Страму наробила.

5. Гей, вона ж мені
Страму наробила,
Шо вчера звечера
Дитя породила.

6. Шо вчера звечера
Дитя породила,
Гей, а з півночі
В кирниці втопила.</credit-words>
  </credit>
  <credit page="1">
    <credit-words default-x="523" default-y="48" valign="top">373</credit-words>
  </credit>
  <part-list>
    <score-part id="P1">
      <part-name print-object="no">MusicXML Part</part-name>
      <group>score</group>
      <score-instrument id="P1-I1">
        <instrument-name>Èíñòðóìåíò 1</instrument-name>
      </score-instrument>
      <midi-instrument id="P1-I1">
        <midi-channel>1</midi-channel>
        <midi-program>1</midi-program>
        <volume>80</volume>
        <pan>0</pan>
      </midi-instrument>
    </score-part>
  </part-list>
  <!--=========================================================-->
  <part id="P1">
    <measure number="1" width="421">
      <print>
        <page-layout>
          <page-height>1320</page-height>
          <page-width>1020</page-width>
          <page-margins>
            <left-margin>118</left-margin>
            <right-margin>60</right-margin>
            <top-margin>60</top-margin>
            <bottom-margin>60</bottom-margin>
          </page-margins>
        </page-layout>
        <system-layout>
          <system-margins>
            <left-margin>60</left-margin>
            <right-margin>0</right-margin>
          </system-margins>
          <top-system-distance>48</top-system-distance>
        </system-layout>
        <measure-numbering>none</measure-numbering>
      </print>
      <attributes>
        <divisions>4</divisions>
        <key>
          <fifths>1</fifths>
          <mode>major</mode>
        </key>
        <time symbol="common">
          <beats>4</beats>
          <beat-type>4</beat-type>
        </time>
        <clef>
          <sign>G</sign>
          <line>2</line>
        </clef>
      </attributes>
      <sound tempo="96">
        <swing>
          <straight/>
        </swing>
      </sound>
      <direction placement="above">
        <direction-type>
          <other-direction default-y="8">quarter note equals</other-direction>
        </direction-type>
      </direction>
      <note default-x="112">
        <pitch>
          <step>B</step>
          <octave>4</octave>
        </pitch>
        <duration>2</duration>
        <voice>1</voice>
        <type>eighth</type>
        <stem default-y="-46">down</stem>
        <notations>
          <slur bezier-x="12" bezier-y="12" dash-length="7.5" default-x="7" default-y="-7" line-type="dashed" number="1" placement="above" space-length="7.5" type="start"/>
        </notations>
        <lyric default-y="-66" number="1" relative-x="6">
          <syllabic>single</syllabic>
          <text>1.</text>
          <elision> </elision>
          <syllabic>single</syllabic>
          <text>–</text>
          <elision> </elision>
          <syllabic>single</syllabic>
          <text>Ой</text>
        </lyric>
      </note>
      <note default-x="155">
        <pitch>
          <step>B</step>
          <octave>4</octave>
        </pitch>
        <duration>2</duration>
        <voice>1</voice>
        <type>eighth</type>
        <stem default-y="-49">down</stem>
        <notations>
          <slur bezier-x="-12" bezier-y="12" default-x="7" default-y="-7" number="1" type="stop"/>
        </notations>
      </note>
      <note default-x="197">
        <pitch>
          <step>B</step>
          <octave>4</octave>
        </pitch>
        <duration>2</duration>
        <voice>1</voice>
        <type>eighth</type>
        <stem default-y="-49">down</stem>
        <lyric default-y="-65" number="1">
          <syllabic>single</syllabic>
          <text>ти,</text>
        </lyric>
      </note>
      <note default-x="240">
        <pitch>
          <step>G</step>
          <octave>4</octave>
        </pitch>
        <duration>2</duration>
        <voice>1</voice>
        <type>eighth</type>
        <stem default-y="-1">up</stem>
        <lyric default-y="-65" number="1">
          <syllabic>begin</syllabic>
          <text>ко</text>
        </lyric>
      </note>
      <note default-x="283">
        <pitch>
          <step>A</step>
          <octave>4</octave>
        </pitch>
        <duration>4</duration>
        <voice>1</voice>
        <type>quarter</type>
        <stem default-y="4">up</stem>
        <lyric default-y="-65" number="1">
          <syllabic>middle</syllabic>
          <text>ва</text>
        </lyric>
      </note>
      <note default-x="351">
        <pitch>
          <step>G</step>
          <octave>4</octave>
        </pitch>
        <duration>4</duration>
        <voice>1</voice>
        <type>quarter</type>
        <stem default-y="-1">up</stem>
        <lyric default-y="-65" number="1">
          <syllabic>end</syllabic>
          <text>лю,/</text>
        </lyric>
      </note>
    </measure>
    <!--=======================================================-->
    <measure number="2" width="362">
      <note default-x="15">
        <pitch>
          <step>B</step>
          <octave>4</octave>
        </pitch>
        <duration>2</duration>
        <voice>1</voice>
        <type>eighth</type>
        <stem default-y="-49">down</stem>
        <lyric default-y="-65" number="1">
          <syllabic>begin</syllabic>
          <text>ко</text>
        </lyric>
      </note>
      <note default-x="59">
        <pitch>
          <step>B</step>
          <octave>4</octave>
        </pitch>
        <duration>2</duration>
        <voice>1</voice>
        <type>eighth</type>
        <stem default-y="-49">down</stem>
        <lyric default-y="-65" number="1">
          <syllabic>middle</syllabic>
          <text>ва</text>
        </lyric>
      </note>
      <note default-x="103">
        <pitch>
          <step>B</step>
          <octave>4</octave>
        </pitch>
        <duration>2</duration>
        <voice>1</voice>
        <type>eighth</type>
        <stem default-y="-49">down</stem>
        <lyric default-y="-65" number="1">
          <syllabic>middle</syllabic>
          <text>ли</text>
        </lyric>
      </note>
      <note default-x="147">
        <pitch>
          <step>G</step>
          <octave>4</octave>
        </pitch>
        <duration>2</duration>
        <voice>1</voice>
        <type>eighth</type>
        <stem default-y="0">up</stem>
        <lyric default-y="-65" number="1">
          <syllabic>end</syllabic>
          <text>ку</text>
        </lyric>
      </note>
      <note default-x="191">
        <pitch>
          <step>A</step>
          <octave>4</octave>
        </pitch>
        <duration>4</duration>
        <voice>1</voice>
        <type>quarter</type>
        <stem default-y="5">up</stem>
        <lyric default-y="-65" number="1">
          <syllabic>begin</syllabic>
          <text>Ма</text>
        </lyric>
      </note>
      <note default-x="263">
        <pitch>
          <step>G</step>
          <octave>4</octave>
        </pitch>
        <duration>1</duration>
        <voice>1</voice>
        <type>16th</type>
        <stem default-y="5">up</stem>
        <beam number="1">begin</beam>
        <beam number="2">begin</beam>
        <notations>
          <slur bezier-x="14" bezier-y="-15" default-x="7" default-y="-43" number="1" placement="below" type="start"/>
        </notations>
        <lyric default-y="-65" number="1" relative-x="13">
          <syllabic>end</syllabic>
          <text>рку,/</text>
        </lyric>
      </note>
      <note default-x="290">
        <pitch>
          <step>F</step>
          <alter>1</alter>
          <octave>4</octave>
        </pitch>
        <duration>1</duration>
        <voice>1</voice>
        <type>16th</type>
        <stem default-y="4">up</stem>
        <beam number="1">continue</beam>
        <beam number="2">end</beam>
      </note>
      <note default-x="317">
        <pitch>
          <step>E</step>
          <octave>4</octave>
        </pitch>
        <duration>2</duration>
        <voice>1</voice>
        <type>eighth</type>
        <stem default-y="3">up</stem>
        <beam number="1">end</beam>
        <notations>
          <slur bezier-x="-17" bezier-y="-11" default-x="6" default-y="-50" number="1" type="stop"/>
        </notations>
      </note>
    </measure>
    <!--=======================================================-->
    <measure number="3" width="424">
      <print new-system="yes">
        <system-layout>
          <system-distance>36</system-distance>
        </system-layout>
      </print>
      <note default-x="80">
        <pitch>
          <step>A</step>
          <octave>4</octave>
        </pitch>
        <duration>2</duration>
        <voice>1</voice>
        <type>eighth</type>
        <stem default-y="5">up</stem>
        <notations>
          <slur bezier-x="13" bezier-y="-12" dash-length="7.5" default-x="6" default-y="-35" line-type="dashed" number="1" placement="below" space-length="7.5" type="start"/>
        </notations>
        <lyric default-y="-65" number="1">
          <syllabic>single</syllabic>
          <text>чом</text>
        </lyric>
      </note>
      <note default-x="128">
        <pitch>
          <step>A</step>
          <octave>4</octave>
        </pitch>
        <duration>2</duration>
        <voice>1</voice>
        <type>eighth</type>
        <stem default-y="5">up</stem>
        <notations>
          <slur bezier-x="-13" bezier-y="-12" default-x="6" default-y="-35" number="1" type="stop"/>
        </notations>
      </note>
      <note default-x="175">
        <pitch>
          <step>A</step>
          <octave>4</octave>
        </pitch>
        <duration>2</duration>
        <voice>1</voice>
        <type>eighth</type>
        <stem default-y="5">up</stem>
        <lyric default-y="-65" number="1">
          <syllabic>single</syllabic>
          <text>ти</text>
        </lyric>
      </note>
      <note default-x="222">
        <pitch>
          <step>G</step>
          <octave>4</octave>
        </pitch>
        <duration>2</duration>
        <voice>1</voice>
        <type>eighth</type>
        <stem default-y="0">up</stem>
        <lyric default-y="-65" number="1">
          <syllabic>single</syllabic>
          <text>не</text>
        </lyric>
      </note>
      <note default-x="270">
        <pitch>
          <step>F</step>
          <alter>1</alter>
          <octave>4</octave>
        </pitch>
        <duration>4</duration>
        <voice>1</voice>
        <type>quarter</type>
        <stem default-y="-5">up</stem>
        <lyric default-y="-65" number="1">
          <syllabic>begin</syllabic>
          <text>ку</text>
        </lyric>
      </note>
      <note default-x="346">
        <pitch>
          <step>E</step>
          <octave>4</octave>
        </pitch>
        <duration>4</duration>
        <voice>1</voice>
        <type>quarter</type>
        <stem default-y="-10">up</stem>
        <lyric default-y="-65" number="1">
          <syllabic>end</syllabic>
          <text>єш/</text>
        </lyric>
      </note>
    </measure>
    <!--=======================================================-->
    <measure number="4" width="419">
      <note default-x="22">
        <pitch>
          <step>E</step>
          <octave>4</octave>
        </pitch>
        <duration>2</duration>
        <voice>1</voice>
        <type>eighth</type>
        <stem default-y="-9">up</stem>
        <lyric default-y="-65" number="1">
          <syllabic>begin</syllabic>
          <text>зве</text>
        </lyric>
      </note>
      <note default-x="75">
        <pitch>
          <step>F</step>
          <alter>1</alter>
          <octave>4</octave>
        </pitch>
        <duration>2</duration>
        <voice>1</voice>
        <type>eighth</type>
        <stem default-y="-4">up</stem>
        <lyric default-y="-65" number="1">
          <syllabic>middle</syllabic>
          <text>чо</text>
        </lyric>
      </note>
      <note default-x="129">
        <pitch>
          <step>G</step>
          <octave>4</octave>
        </pitch>
        <duration>2</duration>
        <voice>1</voice>
        <type>eighth</type>
        <stem default-y="1">up</stem>
        <lyric default-y="-65" number="1">
          <syllabic>end</syllabic>
          <text>ра</text>
        </lyric>
      </note>
      <note default-x="182">
        <pitch>
          <step>G</step>
          <octave>4</octave>
        </pitch>
        <duration>2</duration>
        <voice>1</voice>
        <type>eighth</type>
        <stem default-y="1">up</stem>
        <lyric default-y="-65" number="1">
          <syllabic>single</syllabic>
          <text>до</text>
        </lyric>
      </note>
      <note default-x="236">
        <pitch>
          <step>F</step>
          <alter>1</alter>
          <octave>4</octave>
        </pitch>
        <duration>4</duration>
        <voice>1</voice>
        <type>quarter</type>
        <stem default-y="-4">up</stem>
        <lyric default-y="-65" number="1">
          <syllabic>begin</syllabic>
          <text>ра</text>
        </lyric>
      </note>
      <note default-x="322">
        <pitch>
          <step>E</step>
          <octave>4</octave>
        </pitch>
        <duration>4</duration>
        <voice>1</voice>
        <type>quarter</type>
        <stem default-y="-9">up</stem>
        <lyric default-y="-65" number="1">
          <syllabic>end</syllabic>
          <text>нку?</text>
        </lyric>
      </note>
      <barline location="right">
        <bar-style>light-heavy</bar-style>
      </barline>
    </measure>
  </part>
  <!--=========================================================-->
</score-partwise>
