<?xml version="1.0" encoding="UTF-8" standalone="no"?>
<!DOCTYPE score-partwise PUBLIC "-//Recordare//DTD MusicXML 4.0 Partwise//EN" "http://www.musicxml.org/dtds/partwise.dtd">
<score-partwise version="4.0">
  <identification>
    <encoding>
      <software>Finale v27.3 for Windows</software>
      <encoding-date>2024-10-02</encoding-date>
      <supports attribute="new-system" element="print" type="yes" value="yes"/>
      <supports attribute="new-page" element="print" type="yes" value="yes"/>
      <supports element="accidental" type="yes"/>
      <supports element="beam" type="yes"/>
      <supports element="stem" type="yes"/>
    </encoding>
  </identification>
  <defaults>
    <scaling>
      <millimeters>8.4667</millimeters>
      <tenths>40</tenths>
    </scaling>
    <page-layout>
      <page-height>1320</page-height>
      <page-width>1020</page-width>
      <page-margins type="both">
        <left-margin>60</left-margin>
        <right-margin>60</right-margin>
        <top-margin>60</top-margin>
        <bottom-margin>60</bottom-margin>
      </page-margins>
    </page-layout>
    <system-layout>
      <system-margins>
        <left-margin>0</left-margin>
        <right-margin>10</right-margin>
      </system-margins>
      <system-distance>98</system-distance>
      <top-system-distance>67</top-system-distance>
    </system-layout>
    <appearance>
      <line-width type="stem">0.7682</line-width>
      <line-width type="beam">5</line-width>
      <line-width type="staff">0.7682</line-width>
      <line-width type="light barline">0.7682</line-width>
      <line-width type="heavy barline">5</line-width>
      <line-width type="leger">0.7682</line-width>
      <line-width type="ending">0.7682</line-width>
      <line-width type="wedge">0.7682</line-width>
      <line-width type="enclosure">0.7682</line-width>
      <line-width type="tuplet bracket">0.7682</line-width>
      <note-size type="grace">50</note-size>
      <note-size type="cue">50</note-size>
      <distance type="hyphen">60</distance>
      <distance type="beam">7.5</distance>
    </appearance>
    <music-font font-family="Finale Maestro,engraved" font-size="24"/>
    <word-font font-family="Times New Roman" font-size="12"/>
    <lyric-font font-family="Times New Roman" font-size="12"/>
  </defaults>
  <credit page="1">
    <credit-words default-x="285" default-y="1285" font-size="19" valign="top">588. Червона калинонька (07-БК-09)</credit-words>
  </credit>
  <credit page="1">
    <credit-words default-x="244" default-y="1249" valign="top">Одна</credit-words>
  </credit>
  <credit page="1">
    <credit-words default-x="124" default-y="930" font-size="14" valign="top" xml:space="preserve">1. Червона калинонька 
Схилилася,
Молодая Галочка 
Журилася.*
2. Молодая Галочка 
Журилася,
Пішла в синє моречко, 
Втопилася. 
3. А за нею матінка 
Води брати,
Стала свою Галочку 
Рятувати. 
4. – Не рятуй, матінко, 
Жить не буду,
Кого вірно любила, 
Не забуду. 
5. Приїхав козаченько 
Із города
Та й прив’язав коника 
До явора. 
6. Та й прив’язав коника 
До явора, –
Чи не вийде Галочка 
Чорноброва. 
7. Ой не вийшла Галочка, 
Вийшла мати:
– Годі ж тобі, зятеньку, 
Заїжджати. 
</credit-words>
  </credit>
  <credit page="1">
    <credit-words default-x="338" default-y="1244" valign="top">Повільно</credit-words>
  </credit>
  <credit page="1">
    <credit-words default-x="106" default-y="66" valign="top">* Другу половину кожної строфи співають двічі (Л. Є.)</credit-words>
  </credit>
  <credit page="1">
    <credit-words default-x="529" default-y="46" valign="top">362</credit-words>
  </credit>
  <credit page="1">
    <credit-words default-x="423" default-y="923" font-size="14" valign="top" xml:space="preserve">8. Годі ж тобі, зятеньку, 
Заїжджати,
Бо вже твої Галочки 
Не видати. 
9. Бо вже твою Галочку 
Нарядили,
На тесову лавочку 
Положили. 
10. На тесову лавочку 
Положили,
Білим полотенечком 
Грудь накрили. 
11. Білим полотенечком 
Грудь накрили,
В кедровую труночку 
Положили. 
12. В кедровую труночку 
Положили,
В глибоку могилочку 
Опустили. 
13. В глибоку могилочку 
Опустили,
Червону калиноньку 
Посадили. 
14. Приїхав козаченько 
З України,
Прив’язав коника 
До калини. 
</credit-words>
  </credit>
  <credit page="1">
    <credit-words default-x="723" default-y="924" font-size="14" valign="top" xml:space="preserve">15. Та й прив’язав коника 
До калини,
А сам припав серденьком 
До могили. 
16. – Ти, сирая земле, 
Розступися,
Кедровая труночка 
Відчинися. 
17. Кедровая труночка 
Відчинися,
Молодая Галочко, 
Озовися. 
18. Молодая Галочко, 
Озовися,
Чи мені женитися, 
Чи втопитись?
19. – Не топись, казаченько, 
Душу згубиш,
Молодую Галочку 
Позабудеш. 
20. Но женись, козаченьку, 
Бери вдову
Та згадаєш Галочку 
Чорноброву. </credit-words>
  </credit>
  <credit page="1">
    <credit-words default-x="109" default-y="143" valign="top" xml:space="preserve">Зап. 1954 р. експ. ІМФЕ у с. Маньківка (мабуть, Маньківці) Барського р-ну Вінницької обл. від ді-
вочого гурту, заспівує Ставнічук Віра, виводить Козінська Зося. З слів Ставнічук Віри. – ІМФЕ, ф. 
14-5, од.зб. 171, арк. 41, № 4. Розшифр. Стьожка О.</credit-words>
  </credit>
  <part-list>
    <score-part id="P1">
      <part-name print-object="no">MusicXML Part</part-name>
      <group>score</group>
      <score-instrument id="P1-I1">
        <instrument-name>Èíñòðóìåíò 1</instrument-name>
      </score-instrument>
      <midi-instrument id="P1-I1">
        <midi-channel>1</midi-channel>
        <midi-program>1</midi-program>
        <volume>80</volume>
        <pan>0</pan>
      </midi-instrument>
    </score-part>
  </part-list>
  <!--=========================================================-->
  <part id="P1">
    <measure number="1" width="438">
      <print>
        <page-layout>
          <page-height>1320</page-height>
          <page-width>1020</page-width>
          <page-margins>
            <left-margin>116</left-margin>
            <right-margin>60</right-margin>
            <top-margin>60</top-margin>
            <bottom-margin>60</bottom-margin>
          </page-margins>
        </page-layout>
        <system-layout>
          <system-margins>
            <left-margin>54</left-margin>
            <right-margin>0</right-margin>
          </system-margins>
          <top-system-distance>33</top-system-distance>
        </system-layout>
        <measure-numbering>none</measure-numbering>
      </print>
      <attributes>
        <divisions>4</divisions>
        <key>
          <fifths>-3</fifths>
          <mode>major</mode>
        </key>
        <time symbol="common">
          <beats>4</beats>
          <beat-type>4</beat-type>
        </time>
        <clef>
          <sign>G</sign>
          <line>2</line>
        </clef>
      </attributes>
      <sound tempo="96">
        <swing>
          <straight/>
        </swing>
      </sound>
      <note default-x="130">
        <pitch>
          <step>C</step>
          <octave>4</octave>
        </pitch>
        <duration>2</duration>
        <voice>1</voice>
        <type>eighth</type>
        <stem default-y="-85">down</stem>
        <lyric default-y="-90" number="1" relative-x="-4">
          <syllabic>single</syllabic>
          <text>1.</text>
          <elision> </elision>
          <syllabic>begin</syllabic>
          <text>Че</text>
        </lyric>
      </note>
      <note default-x="172">
        <pitch>
          <step>E</step>
          <alter>-1</alter>
          <octave>4</octave>
        </pitch>
        <duration>2</duration>
        <voice>1</voice>
        <type>eighth</type>
        <stem default-y="-75">down</stem>
        <lyric default-y="-89" number="1">
          <syllabic>middle</syllabic>
          <text>рво</text>
        </lyric>
      </note>
      <note default-x="213">
        <pitch>
          <step>D</step>
          <octave>4</octave>
        </pitch>
        <duration>2</duration>
        <voice>1</voice>
        <type>eighth</type>
        <stem default-y="-80">down</stem>
        <lyric default-y="-89" number="1">
          <syllabic>end</syllabic>
          <text>на</text>
        </lyric>
      </note>
      <note default-x="253">
        <pitch>
          <step>C</step>
          <octave>4</octave>
        </pitch>
        <duration>2</duration>
        <voice>1</voice>
        <type>eighth</type>
        <stem default-y="-85">down</stem>
        <lyric default-y="-89" number="1">
          <syllabic>begin</syllabic>
          <text>ка</text>
        </lyric>
      </note>
      <note default-x="292">
        <pitch>
          <step>G</step>
          <octave>4</octave>
        </pitch>
        <duration>4</duration>
        <voice>1</voice>
        <type>quarter</type>
        <stem default-y="-58">down</stem>
        <lyric default-y="-89" number="1">
          <syllabic>middle</syllabic>
          <text>ли</text>
        </lyric>
      </note>
      <note default-x="354">
        <pitch>
          <step>G</step>
          <octave>4</octave>
        </pitch>
        <duration>2</duration>
        <voice>1</voice>
        <type>eighth</type>
        <stem default-y="-65">down</stem>
        <lyric default-y="-89" number="1">
          <syllabic>middle</syllabic>
          <text>но</text>
        </lyric>
      </note>
      <note default-x="396">
        <pitch>
          <step>G</step>
          <octave>4</octave>
        </pitch>
        <duration>2</duration>
        <voice>1</voice>
        <type>eighth</type>
        <stem default-y="-65">down</stem>
        <lyric default-y="-89" number="1">
          <syllabic>end</syllabic>
          <text>нька/</text>
        </lyric>
      </note>
    </measure>
    <!--=======================================================-->
    <measure number="2" width="352">
      <attributes>
        <time>
          <beats>6</beats>
          <beat-type>4</beat-type>
        </time>
      </attributes>
      <note default-x="46">
        <pitch>
          <step>C</step>
          <octave>5</octave>
        </pitch>
        <duration>4</duration>
        <voice>1</voice>
        <type>quarter</type>
        <stem default-y="-50">down</stem>
        <lyric default-y="-89" number="1">
          <syllabic>begin</syllabic>
          <text>схи</text>
        </lyric>
      </note>
      <note default-x="91">
        <pitch>
          <step>B</step>
          <alter>-1</alter>
          <octave>4</octave>
        </pitch>
        <duration>4</duration>
        <tie type="start"/>
        <voice>1</voice>
        <type>quarter</type>
        <stem default-y="-55">down</stem>
        <notations>
          <tied type="start"/>
          <slur bezier-x="15" bezier-y="-24" default-x="6" default-y="-45" number="1" placement="below" type="start"/>
        </notations>
        <lyric default-y="-89" number="1">
          <syllabic>middle</syllabic>
          <text>ли</text>
        </lyric>
      </note>
      <note default-x="137">
        <pitch>
          <step>B</step>
          <alter>-1</alter>
          <octave>4</octave>
        </pitch>
        <duration>1</duration>
        <tie type="stop"/>
        <voice>1</voice>
        <type>16th</type>
        <stem default-y="-60">down</stem>
        <beam number="1">begin</beam>
        <beam number="2">begin</beam>
        <notations>
          <tied type="stop"/>
        </notations>
      </note>
      <note default-x="155">
        <pitch>
          <step>A</step>
          <alter>-1</alter>
          <octave>4</octave>
        </pitch>
        <duration>1</duration>
        <voice>1</voice>
        <type>16th</type>
        <stem default-y="-62">down</stem>
        <beam number="1">continue</beam>
        <beam number="2">end</beam>
      </note>
      <note default-x="173">
        <pitch>
          <step>G</step>
          <octave>4</octave>
        </pitch>
        <duration>2</duration>
        <voice>1</voice>
        <type>eighth</type>
        <stem default-y="-65">down</stem>
        <beam number="1">end</beam>
        <notations>
          <slur bezier-x="-26" bezier-y="-10" default-x="0" default-y="-70" number="1" type="stop"/>
        </notations>
      </note>
      <note default-x="201">
        <pitch>
          <step>C</step>
          <octave>5</octave>
        </pitch>
        <duration>4</duration>
        <voice>1</voice>
        <type>quarter</type>
        <stem default-y="-50">down</stem>
        <lyric default-y="-89" number="1">
          <syllabic>middle</syllabic>
          <text>ла</text>
        </lyric>
      </note>
      <note default-x="246">
        <pitch>
          <step>G</step>
          <octave>4</octave>
        </pitch>
        <duration>8</duration>
        <voice>1</voice>
        <type>half</type>
        <stem default-y="-58">down</stem>
        <lyric default-y="-89" number="1">
          <syllabic>end</syllabic>
          <text>ся,/</text>
        </lyric>
      </note>
    </measure>
    <!--=======================================================-->
    <measure number="3" width="327">
      <print new-system="yes">
        <system-layout>
          <system-margins>
            <left-margin>0</left-margin>
            <right-margin>0</right-margin>
          </system-margins>
          <system-distance>64</system-distance>
        </system-layout>
      </print>
      <attributes>
        <time symbol="common">
          <beats>4</beats>
          <beat-type>4</beat-type>
        </time>
      </attributes>
      <direction placement="above">
        <direction-type>
          <words default-y="6" relative-x="-20">Дві</words>
        </direction-type>
      </direction>
      <note default-x="128">
        <pitch>
          <step>A</step>
          <alter>-1</alter>
          <octave>4</octave>
        </pitch>
        <duration>2</duration>
        <voice>1</voice>
        <type>eighth</type>
        <stem default-y="-60">down</stem>
        <lyric default-y="-89" number="1">
          <syllabic>begin</syllabic>
          <text>мо</text>
        </lyric>
      </note>
      <note default-x="158">
        <pitch>
          <step>G</step>
          <octave>4</octave>
        </pitch>
        <duration>2</duration>
        <voice>1</voice>
        <type>eighth</type>
        <stem default-y="-65">down</stem>
        <lyric default-y="-89" number="1">
          <syllabic>middle</syllabic>
          <text>ло</text>
        </lyric>
      </note>
      <note default-x="185">
        <pitch>
          <step>F</step>
          <octave>4</octave>
        </pitch>
        <duration>2</duration>
        <voice>1</voice>
        <type>eighth</type>
        <stem default-y="-70">down</stem>
        <lyric default-y="-89" number="1">
          <syllabic>middle</syllabic>
          <text>да</text>
        </lyric>
      </note>
      <note default-x="208">
        <pitch>
          <step>E</step>
          <alter>-1</alter>
          <octave>4</octave>
        </pitch>
        <duration>2</duration>
        <voice>1</voice>
        <type>eighth</type>
        <stem default-y="-75">down</stem>
        <lyric default-y="-89" number="1">
          <syllabic>end</syllabic>
          <text>я</text>
        </lyric>
      </note>
      <note default-x="232">
        <pitch>
          <step>D</step>
          <octave>4</octave>
        </pitch>
        <duration>4</duration>
        <voice>1</voice>
        <type>quarter</type>
        <stem default-y="-73">down</stem>
        <lyric default-y="-89" number="1">
          <syllabic>begin</syllabic>
          <text>Га</text>
        </lyric>
      </note>
      <note default-x="265">
        <pitch>
          <step>C</step>
          <octave>4</octave>
        </pitch>
        <duration>2</duration>
        <voice>1</voice>
        <type>eighth</type>
        <stem default-y="-85">down</stem>
        <lyric default-y="-89" number="1">
          <syllabic>middle</syllabic>
          <text>лоч</text>
        </lyric>
      </note>
      <note default-x="299">
        <pitch>
          <step>C</step>
          <octave>4</octave>
        </pitch>
        <duration>2</duration>
        <voice>1</voice>
        <type>eighth</type>
        <stem default-y="-85">down</stem>
        <lyric default-y="-89" number="1">
          <syllabic>end</syllabic>
          <text>ка/</text>
        </lyric>
      </note>
    </measure>
    <!--=======================================================-->
    <measure number="4" width="241">
      <attributes>
        <time>
          <beats>6</beats>
          <beat-type>4</beat-type>
        </time>
      </attributes>
      <note default-x="46">
        <pitch>
          <step>E</step>
          <alter>-1</alter>
          <octave>4</octave>
        </pitch>
        <duration>4</duration>
        <voice>1</voice>
        <type>quarter</type>
        <stem default-y="-68">down</stem>
        <lyric default-y="-89" number="1">
          <syllabic>begin</syllabic>
          <text>жу</text>
        </lyric>
      </note>
      <note default-x="80">
        <pitch>
          <step>G</step>
          <octave>4</octave>
        </pitch>
        <duration>4</duration>
        <voice>1</voice>
        <type>quarter</type>
        <stem default-y="-58">down</stem>
        <notations>
          <slur bezier-x="5" bezier-y="-20" default-x="6" default-y="-48" number="1" placement="below" type="start"/>
        </notations>
        <lyric default-y="-89" number="1" relative-x="4">
          <syllabic>middle</syllabic>
          <text>ри</text>
        </lyric>
      </note>
      <note default-x="111">
        <pitch>
          <step>F</step>
          <octave>4</octave>
        </pitch>
        <duration>2</duration>
        <voice>1</voice>
        <type>eighth</type>
        <stem default-y="-70">down</stem>
        <beam number="1">begin</beam>
      </note>
      <note default-x="132">
        <pitch>
          <step>E</step>
          <alter>-1</alter>
          <octave>4</octave>
        </pitch>
        <duration>2</duration>
        <voice>1</voice>
        <type>eighth</type>
        <stem default-y="-75">down</stem>
        <beam number="1">end</beam>
        <notations>
          <slur bezier-x="-21" bezier-y="-3" default-x="0" default-y="-80" number="1" type="stop"/>
        </notations>
      </note>
      <note default-x="154">
        <pitch>
          <step>D</step>
          <octave>4</octave>
        </pitch>
        <duration>4</duration>
        <voice>1</voice>
        <type>quarter</type>
        <stem default-y="-73">down</stem>
        <lyric default-y="-89" number="1">
          <syllabic>middle</syllabic>
          <text>ла</text>
        </lyric>
      </note>
      <note default-x="188">
        <pitch>
          <step>C</step>
          <octave>4</octave>
        </pitch>
        <duration>8</duration>
        <voice>1</voice>
        <type>half</type>
        <stem default-y="-78">down</stem>
        <lyric default-y="-89" number="1">
          <syllabic>end</syllabic>
          <text>ся,/</text>
        </lyric>
      </note>
    </measure>
    <!--=======================================================-->
    <measure number="5" width="277">
      <attributes>
        <time symbol="common">
          <beats>4</beats>
          <beat-type>4</beat-type>
        </time>
      </attributes>
      <direction placement="above">
        <direction-type>
          <words default-y="7" relative-x="8">Гурт</words>
        </direction-type>
      </direction>
      <note default-x="47">
        <pitch>
          <step>A</step>
          <alter>-1</alter>
          <octave>4</octave>
        </pitch>
        <duration>2</duration>
        <voice>1</voice>
        <type>eighth</type>
        <stem default-y="-60">down</stem>
        <lyric default-y="-89" number="1">
          <syllabic>begin</syllabic>
          <text>мо</text>
        </lyric>
      </note>
      <note default-x="77">
        <pitch>
          <step>G</step>
          <octave>4</octave>
        </pitch>
        <duration>2</duration>
        <voice>1</voice>
        <type>eighth</type>
        <stem default-y="-65">down</stem>
        <lyric default-y="-89" number="1">
          <syllabic>middle</syllabic>
          <text>ло</text>
        </lyric>
      </note>
      <note default-x="104">
        <pitch>
          <step>F</step>
          <octave>4</octave>
        </pitch>
        <duration>2</duration>
        <voice>1</voice>
        <type>eighth</type>
        <stem default-y="-70">down</stem>
        <lyric default-y="-89" number="1">
          <syllabic>middle</syllabic>
          <text>да</text>
        </lyric>
      </note>
      <note default-x="127">
        <pitch>
          <step>E</step>
          <alter>-1</alter>
          <octave>4</octave>
        </pitch>
        <duration>2</duration>
        <voice>1</voice>
        <type>eighth</type>
        <stem default-y="-75">down</stem>
        <lyric default-y="-89" number="1">
          <syllabic>end</syllabic>
          <text>я</text>
        </lyric>
      </note>
      <note default-x="150">
        <pitch>
          <step>D</step>
          <octave>5</octave>
        </pitch>
        <duration>4</duration>
        <voice>1</voice>
        <type>quarter</type>
        <stem default-y="18.5">up</stem>
        <lyric default-y="-89" number="1">
          <syllabic>begin</syllabic>
          <text>Га</text>
        </lyric>
      </note>
      <note default-x="183">
        <pitch>
          <step>C</step>
          <octave>5</octave>
        </pitch>
        <duration>2</duration>
        <voice>1</voice>
        <type>eighth</type>
        <stem default-y="20">up</stem>
        <lyric default-y="-89" number="1">
          <syllabic>middle</syllabic>
          <text>лоч</text>
        </lyric>
      </note>
      <note default-x="218">
        <pitch>
          <step>C</step>
          <octave>5</octave>
        </pitch>
        <duration>2</duration>
        <voice>1</voice>
        <type>eighth</type>
        <stem default-y="20">up</stem>
        <lyric default-y="-89" number="1">
          <syllabic>end</syllabic>
          <text>ка/</text>
        </lyric>
      </note>
      <backup>
        <duration>16</duration>
      </backup>
      <forward>
        <duration>8</duration>
        <voice>2</voice>
      </forward>
      <note default-x="150">
        <pitch>
          <step>D</step>
          <octave>4</octave>
        </pitch>
        <duration>4</duration>
        <voice>2</voice>
        <type>quarter</type>
        <stem default-y="-73">down</stem>
      </note>
      <note default-x="183">
        <pitch>
          <step>C</step>
          <octave>4</octave>
        </pitch>
        <duration>2</duration>
        <voice>2</voice>
        <type>eighth</type>
        <stem default-y="-85">down</stem>
      </note>
      <note default-x="218">
        <pitch>
          <step>C</step>
          <octave>4</octave>
        </pitch>
        <duration>2</duration>
        <voice>2</voice>
        <type>eighth</type>
        <stem default-y="-85">down</stem>
      </note>
    </measure>
    <!--=======================================================-->
    <measure number="6" width="844">
      <print new-system="yes">
        <system-layout>
          <system-margins>
            <left-margin>0</left-margin>
            <right-margin>0</right-margin>
          </system-margins>
          <system-distance>69</system-distance>
        </system-layout>
      </print>
      <attributes>
        <time>
          <beats>6</beats>
          <beat-type>4</beat-type>
        </time>
      </attributes>
      <note default-x="129">
        <pitch>
          <step>G</step>
          <octave>4</octave>
        </pitch>
        <duration>4</duration>
        <voice>1</voice>
        <type>quarter</type>
        <stem default-y="5">up</stem>
        <lyric default-y="-80" number="1">
          <syllabic>begin</syllabic>
          <text>жу</text>
        </lyric>
      </note>
      <note default-x="249">
        <pitch>
          <step>B</step>
          <alter>-1</alter>
          <octave>4</octave>
        </pitch>
        <duration>4</duration>
        <voice>1</voice>
        <type>quarter</type>
        <stem default-y="15">up</stem>
        <notations>
          <slur bezier-x="43" bezier-y="30" default-x="18" default-y="5" number="1" orientation="over" type="start"/>
        </notations>
        <lyric default-y="-80" number="1" relative-x="4">
          <syllabic>middle</syllabic>
          <text>ри</text>
        </lyric>
      </note>
      <note default-x="370">
        <pitch>
          <step>C</step>
          <octave>5</octave>
        </pitch>
        <duration>2</duration>
        <voice>1</voice>
        <type>eighth</type>
        <stem default-y="20">up</stem>
        <beam number="1">begin</beam>
      </note>
      <note default-x="444">
        <pitch>
          <step>G</step>
          <octave>4</octave>
        </pitch>
        <duration>2</duration>
        <voice>1</voice>
        <type>eighth</type>
        <stem default-y="15">up</stem>
        <beam number="1">end</beam>
        <notations>
          <slur bezier-x="-47" bezier-y="23" default-x="12" default-y="20" number="1" type="stop"/>
        </notations>
      </note>
      <note default-x="519">
        <pitch>
          <step>F</step>
          <octave>4</octave>
        </pitch>
        <duration>4</duration>
        <voice>1</voice>
        <type>quarter</type>
        <stem default-y="0">up</stem>
        <lyric default-y="-80" number="1">
          <syllabic>middle</syllabic>
          <text>ла</text>
        </lyric>
      </note>
      <note default-x="639">
        <pitch>
          <step>C</step>
          <octave>5</octave>
        </pitch>
        <duration>8</duration>
        <voice>1</voice>
        <type>half</type>
        <stem default-y="13.5">up</stem>
        <notations>
          <fermata default-x="-7" default-y="19" type="upright"/>
        </notations>
        <lyric default-y="-80" number="1">
          <syllabic>end</syllabic>
          <text>ся.</text>
        </lyric>
      </note>
      <backup>
        <duration>24</duration>
      </backup>
      <note default-x="129">
        <pitch>
          <step>E</step>
          <alter>-1</alter>
          <octave>4</octave>
        </pitch>
        <duration>4</duration>
        <voice>2</voice>
        <type>quarter</type>
        <stem default-y="-68">down</stem>
      </note>
      <note default-x="249">
        <pitch>
          <step>G</step>
          <octave>4</octave>
        </pitch>
        <duration>4</duration>
        <voice>2</voice>
        <type>quarter</type>
        <stem default-y="-58">down</stem>
        <notations>
          <slur bezier-x="40" bezier-y="-34" default-x="6" default-y="-48" number="1" placement="below" type="start"/>
        </notations>
      </note>
      <note default-x="370">
        <pitch>
          <step>F</step>
          <octave>4</octave>
        </pitch>
        <duration>2</duration>
        <voice>2</voice>
        <type>eighth</type>
        <stem default-y="-70">down</stem>
        <beam number="1">begin</beam>
      </note>
      <note default-x="444">
        <pitch>
          <step>E</step>
          <alter>-1</alter>
          <octave>4</octave>
        </pitch>
        <duration>2</duration>
        <voice>2</voice>
        <type>eighth</type>
        <stem default-y="-75">down</stem>
        <beam number="1">end</beam>
        <notations>
          <slur bezier-x="-49" bezier-y="-19" default-x="0" default-y="-80" number="1" type="stop"/>
        </notations>
      </note>
      <note default-x="519">
        <pitch>
          <step>D</step>
          <octave>4</octave>
        </pitch>
        <duration>4</duration>
        <voice>2</voice>
        <type>quarter</type>
        <stem default-y="-73">down</stem>
      </note>
      <note default-x="639">
        <pitch>
          <step>C</step>
          <octave>4</octave>
        </pitch>
        <duration>8</duration>
        <voice>2</voice>
        <type>half</type>
        <stem default-y="-78">down</stem>
      </note>
      <barline location="right">
        <bar-style>light-heavy</bar-style>
      </barline>
    </measure>
  </part>
  <!--=========================================================-->
</score-partwise>
