<?xml version="1.0" encoding="UTF-8" standalone="no"?>
<!DOCTYPE score-partwise PUBLIC "-//Recordare//DTD MusicXML 4.0 Partwise//EN" "http://www.musicxml.org/dtds/partwise.dtd">
<score-partwise version="4.0">
  <identification>
    <encoding>
      <software>Finale v27.3 for Windows</software>
      <encoding-date>2024-10-02</encoding-date>
      <supports attribute="new-system" element="print" type="yes" value="yes"/>
      <supports attribute="new-page" element="print" type="yes" value="yes"/>
      <supports element="accidental" type="yes"/>
      <supports element="beam" type="yes"/>
      <supports element="stem" type="yes"/>
    </encoding>
  </identification>
  <defaults>
    <scaling>
      <millimeters>8.4667</millimeters>
      <tenths>40</tenths>
    </scaling>
    <page-layout>
      <page-height>1320</page-height>
      <page-width>1020</page-width>
      <page-margins type="both">
        <left-margin>60</left-margin>
        <right-margin>60</right-margin>
        <top-margin>60</top-margin>
        <bottom-margin>60</bottom-margin>
      </page-margins>
    </page-layout>
    <system-layout>
      <system-margins>
        <left-margin>0</left-margin>
        <right-margin>0</right-margin>
      </system-margins>
      <system-distance>110</system-distance>
      <top-system-distance>67</top-system-distance>
    </system-layout>
    <appearance>
      <line-width type="stem">0.7682</line-width>
      <line-width type="beam">5</line-width>
      <line-width type="staff">0.7682</line-width>
      <line-width type="light barline">0.7682</line-width>
      <line-width type="heavy barline">5</line-width>
      <line-width type="leger">0.7682</line-width>
      <line-width type="ending">0.7682</line-width>
      <line-width type="wedge">0.7682</line-width>
      <line-width type="enclosure">0.7682</line-width>
      <line-width type="tuplet bracket">0.7682</line-width>
      <note-size type="grace">50</note-size>
      <note-size type="cue">50</note-size>
      <distance type="hyphen">60</distance>
      <distance type="beam">7.5</distance>
    </appearance>
    <music-font font-family="Finale Maestro,engraved" font-size="24"/>
    <word-font font-family="Times New Roman" font-size="12"/>
    <lyric-font font-family="Times New Roman" font-size="12"/>
  </defaults>
  <credit page="1">
    <credit-words default-x="364" default-y="1261" valign="top">60 Помірно</credit-words>
  </credit>
  <credit page="1">
    <credit-words default-x="295" default-y="1251" valign="top">Одна</credit-words>
  </credit>
  <credit page="1">
    <credit-words default-x="801" default-y="1250" valign="top">Усі</credit-words>
  </credit>
  <credit page="1">
    <credit-words default-x="149" default-y="836" font-size="17" valign="top" xml:space="preserve">1. Ой сяду я край стола, (2)
Пове... повечеряю й сама.
2. Повечеряю й сама, (2)
Бо й ми... бо й милого ще нема.
3. А мій мілий на Дону, (2)
Я до... я до нього полину.
4. Кругом Дону обійшла, (2)
Миленького не знайшла.
5. Тільки знайшла калину, (2)
В чистім полі могилу.</credit-words>
  </credit>
  <credit page="1">
    <credit-words default-x="584" default-y="835" font-size="17" valign="top" xml:space="preserve">6. До могили припала, (2)
Гірко плакать начала:
7. – Вставай, милий, не лежи,
Шлях додому покажи.
8. – З ким ти, мила, сюда йшла,
Що ти мене тут знайшла?
9. Чи з хмарою, чи з дощем,
Чи з хорошим молодцем?
10. – Ні з хмарою, ні з дощем,
Тільки з болем та плачем.</credit-words>
  </credit>
  <credit page="1">
    <credit-words default-x="128" default-y="394" valign="top" xml:space="preserve">Зап. 11.05 2009 р. Матіяш Д., Кушка Т. у с. Івашківці Шаргородського р-ну Вінницької обл. від гу-
рту. Розшифр. Єфремова Л. О., № 17 (117). Вар. зап. 1950 р. Ященко Л. І. у с. Миронівка Ямпіль-
ського р-ну Вінницької обл. від Костюк Федосії, 57 р. – ІМФЕ, ф. 14-5, од. зб. 158, арк. 7 (текст), 
арк. 49 (мел.). Вар. 1 зап. у 10.06 2008 р. Кушка Т. Я., Матіяш Д. В. у с. Іванів Калинівського р-ну 
Вінницької обл. від Кисляк Л. М., Висоцької Г. М., Пашкевич Г. Д., Гончарук Н. П., Дишкант М. 
К., Воронюк Г. М. Розшифр. Єфремова Л. О. № 3 (458). Вар. 2 зап Кушка Т. Я., Матіяш Д. В. у с. 
Талалаї Погребищенського р-ну Вінницької обл. від гурту. Розшифр. Єфремова Л. О. № 9 (368).</credit-words>
  </credit>
  <credit page="1">
    <credit-words default-x="523" default-y="46" valign="top">365</credit-words>
  </credit>
  <credit page="1">
    <credit-words default-x="404" default-y="1289" font-size="19" valign="top">591. Ой сяду я край стола (07-БР-03)</credit-words>
  </credit>
  <part-list>
    <score-part id="P1">
      <part-name print-object="no">MusicXML Part</part-name>
      <group>score</group>
      <score-instrument id="P1-I1">
        <instrument-name>Èíñòðóìåíò 1</instrument-name>
      </score-instrument>
      <midi-instrument id="P1-I1">
        <midi-channel>1</midi-channel>
        <midi-program>1</midi-program>
        <volume>80</volume>
        <pan>0</pan>
      </midi-instrument>
    </score-part>
  </part-list>
  <!--=========================================================-->
  <part id="P1">
    <measure number="1" width="259">
      <print>
        <page-layout>
          <page-height>1320</page-height>
          <page-width>1020</page-width>
          <page-margins>
            <left-margin>120</left-margin>
            <right-margin>60</right-margin>
            <top-margin>60</top-margin>
            <bottom-margin>60</bottom-margin>
          </page-margins>
        </page-layout>
        <system-layout>
          <system-margins>
            <left-margin>59</left-margin>
            <right-margin>0</right-margin>
          </system-margins>
          <top-system-distance>34</top-system-distance>
        </system-layout>
        <measure-numbering>none</measure-numbering>
      </print>
      <attributes>
        <divisions>8</divisions>
        <key>
          <fifths>5</fifths>
          <mode>major</mode>
        </key>
        <time>
          <beats>2</beats>
          <beat-type>4</beat-type>
        </time>
        <clef>
          <sign>G</sign>
          <line>2</line>
          <clef-octave-change>-1</clef-octave-change>
        </clef>
      </attributes>
      <sound tempo="60">
        <swing>
          <straight/>
        </swing>
      </sound>
      <direction placement="above">
        <direction-type>
          <words default-y="23" relative-x="-127">quarter note equals</words>
        </direction-type>
      </direction>
      <direction placement="below">
        <direction-type>
          <words default-y="-32" relative-x="-208">Вар. 1</words>
        </direction-type>
      </direction>
      <note default-x="154">
        <pitch>
          <step>D</step>
          <alter>1</alter>
          <octave>4</octave>
        </pitch>
        <duration>12</duration>
        <voice>1</voice>
        <type>quarter</type>
        <dot/>
        <stem default-y="-45">down</stem>
        <lyric default-y="-62" number="1">
          <syllabic>single</syllabic>
          <text>Ой</text>
        </lyric>
      </note>
      <note default-x="225">
        <pitch>
          <step>G</step>
          <alter>1</alter>
          <octave>3</octave>
        </pitch>
        <duration>4</duration>
        <voice>1</voice>
        <type>eighth</type>
        <stem default-y="5">up</stem>
        <lyric default-y="-62" number="1">
          <syllabic>begin</syllabic>
          <text>ся</text>
        </lyric>
      </note>
    </measure>
    <!--=======================================================-->
    <measure number="2" width="346">
      <attributes>
        <time>
          <beats>3</beats>
          <beat-type>4</beat-type>
        </time>
      </attributes>
      <note default-x="46">
        <pitch>
          <step>F</step>
          <alter>1</alter>
          <octave>4</octave>
        </pitch>
        <duration>1</duration>
        <voice>1</voice>
        <type>32nd</type>
        <stem default-y="-42">down</stem>
        <beam number="1">begin</beam>
        <beam number="2">begin</beam>
        <beam number="3">forward hook</beam>
        <notations>
          <slur bezier-x="7" bezier-y="6" default-x="6" default-y="10" number="1" placement="above" type="start"/>
        </notations>
        <lyric default-y="-62" number="1">
          <syllabic>end</syllabic>
          <text>ду</text>
        </lyric>
      </note>
      <note default-x="64">
        <pitch>
          <step>E</step>
          <octave>4</octave>
        </pitch>
        <duration>3</duration>
        <voice>1</voice>
        <type>16th</type>
        <dot/>
        <stem default-y="-47">down</stem>
        <beam number="1">end</beam>
        <beam number="2">end</beam>
        <notations>
          <slur bezier-x="-3" bezier-y="9" default-x="6" default-y="5" number="1" type="stop"/>
        </notations>
      </note>
      <note default-x="102">
        <pitch>
          <step>E</step>
          <octave>4</octave>
        </pitch>
        <duration>4</duration>
        <voice>1</voice>
        <type>eighth</type>
        <stem default-y="-40">down</stem>
        <lyric default-y="-62" number="1">
          <syllabic>single</syllabic>
          <text>я</text>
        </lyric>
      </note>
      <note default-x="148">
        <pitch>
          <step>D</step>
          <alter>1</alter>
          <octave>4</octave>
        </pitch>
        <duration>4</duration>
        <voice>1</voice>
        <type>eighth</type>
        <stem default-y="-45">down</stem>
        <lyric default-y="-62" number="1">
          <syllabic>single</syllabic>
          <text>край</text>
        </lyric>
      </note>
      <note default-x="195">
        <pitch>
          <step>C</step>
          <alter>1</alter>
          <octave>4</octave>
        </pitch>
        <duration>4</duration>
        <voice>1</voice>
        <type>eighth</type>
        <stem default-y="-50">down</stem>
        <lyric default-y="-62" number="1">
          <syllabic>begin</syllabic>
          <text>сто</text>
        </lyric>
      </note>
      <note default-x="241">
        <pitch>
          <step>G</step>
          <alter>1</alter>
          <octave>3</octave>
        </pitch>
        <duration>4</duration>
        <voice>1</voice>
        <type>eighth</type>
        <stem default-y="5">up</stem>
        <lyric default-y="-62" number="1">
          <syllabic>end</syllabic>
          <text>ла,</text>
        </lyric>
      </note>
      <note default-x="288">
        <pitch>
          <step>B</step>
          <octave>3</octave>
        </pitch>
        <duration>2</duration>
        <voice>1</voice>
        <type>16th</type>
        <stem default-y="-55">down</stem>
        <lyric default-y="-62" number="1" relative-x="6">
          <syllabic>single</syllabic>
          <text>да/</text>
        </lyric>
      </note>
      <direction placement="below">
        <direction-type>
          <words default-y="-22">( )</words>
        </direction-type>
      </direction>
      <note default-x="316">
        <rest/>
        <duration>2</duration>
        <voice>1</voice>
        <type>16th</type>
      </note>
    </measure>
    <!--=======================================================-->
    <measure number="3" width="176">
      <attributes>
        <time>
          <beats>2</beats>
          <beat-type>4</beat-type>
        </time>
      </attributes>
      <note default-x="46">
        <pitch>
          <step>F</step>
          <alter>1</alter>
          <octave>4</octave>
        </pitch>
        <duration>8</duration>
        <voice>1</voice>
        <type>quarter</type>
        <stem default-y="28.5">up</stem>
        <lyric default-y="-62" number="1">
          <syllabic>single</syllabic>
          <text>єй,</text>
        </lyric>
      </note>
      <note default-x="104">
        <pitch>
          <step>G</step>
          <alter>1</alter>
          <octave>4</octave>
        </pitch>
        <duration>4</duration>
        <voice>1</voice>
        <type>eighth</type>
        <stem default-y="40">up</stem>
        <lyric default-y="-62" number="1">
          <syllabic>single</syllabic>
          <text>ой</text>
        </lyric>
      </note>
      <note default-x="140">
        <pitch>
          <step>F</step>
          <alter>1</alter>
          <octave>4</octave>
        </pitch>
        <duration>4</duration>
        <voice>1</voice>
        <type>eighth</type>
        <stem default-y="35">up</stem>
        <lyric default-y="-62" number="1">
          <syllabic>begin</syllabic>
          <text>ся</text>
        </lyric>
      </note>
      <backup>
        <duration>16</duration>
      </backup>
      <note default-x="46">
        <pitch>
          <step>D</step>
          <alter>1</alter>
          <octave>4</octave>
        </pitch>
        <duration>8</duration>
        <voice>2</voice>
        <type>quarter</type>
        <stem default-y="-45">down</stem>
      </note>
      <note default-x="104">
        <pitch>
          <step>C</step>
          <alter>1</alter>
          <octave>4</octave>
        </pitch>
        <duration>4</duration>
        <voice>2</voice>
        <type>eighth</type>
        <stem default-y="-50">down</stem>
      </note>
      <note default-x="104">
        <chord/>
        <pitch>
          <step>E</step>
          <octave>4</octave>
        </pitch>
        <duration>4</duration>
        <voice>2</voice>
        <type>eighth</type>
        <stem>down</stem>
      </note>
      <note default-x="140">
        <pitch>
          <step>B</step>
          <octave>3</octave>
        </pitch>
        <duration>4</duration>
        <voice>2</voice>
        <type>eighth</type>
        <stem default-y="-55">down</stem>
      </note>
      <note default-x="140">
        <chord/>
        <pitch>
          <step>D</step>
          <alter>1</alter>
          <octave>4</octave>
        </pitch>
        <duration>4</duration>
        <voice>2</voice>
        <type>eighth</type>
        <stem>down</stem>
      </note>
    </measure>
    <!--=======================================================-->
    <measure number="4" width="249">
      <print new-system="yes">
        <system-layout>
          <system-distance>64</system-distance>
        </system-layout>
      </print>
      <note default-x="125">
        <pitch>
          <step>A</step>
          <alter>1</alter>
          <octave>4</octave>
        </pitch>
        <duration>8</duration>
        <voice>1</voice>
        <type>quarter</type>
        <stem default-y="38.5">up</stem>
        <notations>
          <slur bezier-x="10" bezier-y="15" default-x="18" default-y="28" number="1" orientation="over" type="start"/>
        </notations>
        <lyric default-y="-69" number="1">
          <syllabic>end</syllabic>
          <text>ду</text>
        </lyric>
      </note>
      <note default-x="180">
        <pitch>
          <step>B</step>
          <octave>4</octave>
        </pitch>
        <duration>4</duration>
        <voice>1</voice>
        <type>eighth</type>
        <stem default-y="50">up</stem>
        <notations>
          <slur bezier-x="-15" bezier-y="8" default-x="7" default-y="40" number="1" type="stop"/>
        </notations>
      </note>
      <note default-x="214">
        <pitch>
          <step>A</step>
          <alter>1</alter>
          <octave>4</octave>
        </pitch>
        <duration>4</duration>
        <voice>1</voice>
        <type>eighth</type>
        <stem default-y="45">up</stem>
        <lyric default-y="-69" number="1">
          <syllabic>single</syllabic>
          <text>я</text>
        </lyric>
      </note>
      <backup>
        <duration>16</duration>
      </backup>
      <note default-x="125">
        <pitch>
          <step>A</step>
          <alter>1</alter>
          <octave>3</octave>
        </pitch>
        <duration>8</duration>
        <voice>2</voice>
        <type>quarter</type>
        <stem default-y="-53">down</stem>
        <notations>
          <slur bezier-x="12" bezier-y="-12" default-x="6" default-y="-43" number="1" orientation="under" type="start"/>
        </notations>
      </note>
      <note default-x="125">
        <chord/>
        <pitch>
          <step>C</step>
          <alter>1</alter>
          <octave>4</octave>
        </pitch>
        <duration>8</duration>
        <voice>2</voice>
        <type>quarter</type>
        <stem>down</stem>
      </note>
      <note default-x="180">
        <pitch>
          <step>B</step>
          <octave>3</octave>
        </pitch>
        <duration>4</duration>
        <voice>2</voice>
        <type>eighth</type>
        <stem default-y="-55">down</stem>
        <notations>
          <slur bezier-x="-13" bezier-y="-11" default-x="-5" default-y="-45" number="1" type="stop"/>
        </notations>
      </note>
      <note default-x="180">
        <chord/>
        <pitch>
          <step>D</step>
          <alter>1</alter>
          <octave>4</octave>
        </pitch>
        <duration>4</duration>
        <voice>2</voice>
        <type>eighth</type>
        <stem>down</stem>
      </note>
      <note default-x="214">
        <pitch>
          <step>A</step>
          <alter>1</alter>
          <octave>3</octave>
        </pitch>
        <duration>4</duration>
        <voice>2</voice>
        <type>eighth</type>
        <stem default-y="-60">down</stem>
      </note>
      <note default-x="214">
        <chord/>
        <pitch>
          <step>C</step>
          <alter>1</alter>
          <octave>4</octave>
        </pitch>
        <duration>4</duration>
        <voice>2</voice>
        <type>eighth</type>
        <stem>down</stem>
      </note>
    </measure>
    <!--=======================================================-->
    <measure number="5" width="166">
      <note default-x="13">
        <pitch>
          <step>G</step>
          <alter>1</alter>
          <octave>4</octave>
        </pitch>
        <duration>4</duration>
        <voice>1</voice>
        <type>eighth</type>
        <stem default-y="40">up</stem>
        <lyric default-y="-69" number="1">
          <syllabic>single</syllabic>
          <text>край</text>
        </lyric>
      </note>
      <direction placement="above">
        <direction-type>
          <words default-y="27">1</words>
        </direction-type>
      </direction>
      <note default-x="57">
        <pitch>
          <step>F</step>
          <alter>1</alter>
          <octave>4</octave>
        </pitch>
        <duration>4</duration>
        <voice>1</voice>
        <type>eighth</type>
        <stem default-y="35">up</stem>
        <lyric default-y="-69" number="1">
          <syllabic>begin</syllabic>
          <text>сто</text>
        </lyric>
      </note>
      <note default-x="100">
        <pitch>
          <step>G</step>
          <alter>1</alter>
          <octave>4</octave>
        </pitch>
        <duration>8</duration>
        <voice>1</voice>
        <type>quarter</type>
        <stem default-y="33.5">up</stem>
        <lyric default-y="-67" number="1">
          <syllabic>end</syllabic>
          <text>ла,/</text>
        </lyric>
      </note>
      <backup>
        <duration>16</duration>
      </backup>
      <note default-x="13">
        <pitch>
          <step>G</step>
          <alter>1</alter>
          <octave>3</octave>
        </pitch>
        <duration>4</duration>
        <voice>2</voice>
        <type>eighth</type>
        <stem default-y="-65">down</stem>
      </note>
      <note default-x="57">
        <pitch>
          <step>F</step>
          <alter>1</alter>
          <octave>3</octave>
        </pitch>
        <duration>4</duration>
        <voice>2</voice>
        <type>eighth</type>
        <stem default-y="-70">down</stem>
      </note>
      <note default-x="100">
        <pitch>
          <step>G</step>
          <alter>1</alter>
          <octave>3</octave>
        </pitch>
        <duration>8</duration>
        <voice>2</voice>
        <type>quarter</type>
        <stem default-y="-58">down</stem>
      </note>
    </measure>
    <!--=======================================================-->
    <measure number="6" width="172">
      <note default-x="13">
        <pitch>
          <step>D</step>
          <alter>1</alter>
          <octave>4</octave>
        </pitch>
        <duration>4</duration>
        <voice>1</voice>
        <type>eighth</type>
        <stem default-y="25">up</stem>
        <lyric default-y="-69" number="1">
          <syllabic>begin</syllabic>
          <text>по</text>
        </lyric>
      </note>
      <note default-x="53">
        <pitch>
          <step>C</step>
          <alter>1</alter>
          <octave>4</octave>
        </pitch>
        <duration>4</duration>
        <voice>1</voice>
        <type>eighth</type>
        <stem default-y="20">up</stem>
        <lyric default-y="-69" number="1">
          <syllabic>middle</syllabic>
          <text>ве</text>
        </lyric>
      </note>
      <note default-x="92">
        <pitch>
          <step>D</step>
          <alter>1</alter>
          <octave>4</octave>
        </pitch>
        <duration>4</duration>
        <voice>1</voice>
        <type>eighth</type>
        <stem default-y="25">up</stem>
        <lyric default-y="-69" number="1">
          <syllabic>middle</syllabic>
          <text>че</text>
        </lyric>
      </note>
      <note default-x="132">
        <pitch>
          <step>C</step>
          <alter>1</alter>
          <octave>4</octave>
        </pitch>
        <duration>4</duration>
        <voice>1</voice>
        <type>eighth</type>
        <stem default-y="20">up</stem>
        <lyric default-y="-69" number="1">
          <syllabic>middle</syllabic>
          <text>ра</text>
        </lyric>
      </note>
      <backup>
        <duration>16</duration>
      </backup>
      <note default-x="13">
        <pitch>
          <step>B</step>
          <octave>3</octave>
        </pitch>
        <duration>4</duration>
        <voice>2</voice>
        <type>eighth</type>
        <stem default-y="-55">down</stem>
      </note>
      <note default-x="53">
        <pitch>
          <step>A</step>
          <alter>1</alter>
          <octave>3</octave>
        </pitch>
        <duration>4</duration>
        <voice>2</voice>
        <type>eighth</type>
        <stem default-y="-60">down</stem>
      </note>
      <note default-x="92">
        <pitch>
          <step>B</step>
          <octave>3</octave>
        </pitch>
        <duration>4</duration>
        <voice>2</voice>
        <type>eighth</type>
        <stem default-y="-55">down</stem>
      </note>
      <note default-x="132">
        <pitch>
          <step>C</step>
          <alter>1</alter>
          <octave>4</octave>
        </pitch>
        <duration>4</duration>
        <voice>2</voice>
        <type>eighth</type>
        <stem default-y="-50">down</stem>
      </note>
    </measure>
    <!--=======================================================-->
    <measure number="7" width="156">
      <note default-x="13">
        <pitch>
          <step>F</step>
          <alter>1</alter>
          <octave>4</octave>
        </pitch>
        <duration>4</duration>
        <voice>1</voice>
        <type>eighth</type>
        <stem default-y="40">up</stem>
        <beam number="1">begin</beam>
        <notations>
          <slur bezier-x="17" bezier-y="15" default-x="13" default-y="45" number="1" placement="above" type="start"/>
        </notations>
        <lyric default-y="-69" number="1">
          <syllabic>end</syllabic>
          <text>ю</text>
        </lyric>
      </note>
      <note default-x="45">
        <pitch>
          <step>G</step>
          <alter>1</alter>
          <octave>4</octave>
        </pitch>
        <duration>4</duration>
        <voice>1</voice>
        <type>eighth</type>
        <stem default-y="40">up</stem>
        <beam number="1">continue</beam>
      </note>
      <note default-x="75">
        <pitch>
          <step>F</step>
          <alter>1</alter>
          <octave>4</octave>
        </pitch>
        <duration>4</duration>
        <voice>1</voice>
        <type>eighth</type>
        <stem default-y="40">up</stem>
        <beam number="1">end</beam>
        <notations>
          <slur bezier-x="-17" bezier-y="15" default-x="12" default-y="45" number="1" type="stop"/>
        </notations>
      </note>
      <note default-x="107">
        <pitch>
          <step>A</step>
          <alter>1</alter>
          <octave>4</octave>
        </pitch>
        <duration>3</duration>
        <voice>1</voice>
        <type>16th</type>
        <dot/>
        <stem default-y="53">up</stem>
        <beam number="1">begin</beam>
        <beam number="2">begin</beam>
        <notations>
          <slur bezier-x="10" bezier-y="8" default-x="13" default-y="58" number="1" placement="above" type="start"/>
        </notations>
        <lyric default-y="-69" number="1">
          <syllabic>begin</syllabic>
          <text>са</text>
        </lyric>
      </note>
      <note default-x="138">
        <pitch>
          <step>G</step>
          <alter>1</alter>
          <octave>4</octave>
        </pitch>
        <duration>1</duration>
        <voice>1</voice>
        <type>32nd</type>
        <stem default-y="48">up</stem>
        <beam number="1">end</beam>
        <beam number="2">end</beam>
        <beam number="3">backward hook</beam>
        <notations>
          <slur bezier-x="-7" bezier-y="10" default-x="12" default-y="53" number="1" type="stop"/>
        </notations>
      </note>
      <backup>
        <duration>16</duration>
      </backup>
      <note default-x="13">
        <pitch>
          <step>D</step>
          <alter>1</alter>
          <octave>4</octave>
        </pitch>
        <duration>4</duration>
        <voice>2</voice>
        <type>eighth</type>
        <stem default-y="-50">down</stem>
        <beam number="1">begin</beam>
        <notations>
          <slur bezier-x="16" bezier-y="-16" default-x="1" default-y="-55" number="1" placement="below" type="start"/>
        </notations>
      </note>
      <note default-x="45">
        <pitch>
          <step>C</step>
          <alter>1</alter>
          <octave>4</octave>
        </pitch>
        <duration>4</duration>
        <voice>2</voice>
        <type>eighth</type>
        <stem default-y="-52">down</stem>
        <beam number="1">continue</beam>
      </note>
      <note default-x="75">
        <pitch>
          <step>B</step>
          <octave>3</octave>
        </pitch>
        <duration>4</duration>
        <voice>2</voice>
        <type>eighth</type>
        <stem default-y="-55">down</stem>
        <beam number="1">end</beam>
        <notations>
          <slur bezier-x="-18" bezier-y="-13" default-x="0" default-y="-60" number="1" type="stop"/>
        </notations>
      </note>
      <note default-x="107">
        <pitch>
          <step>A</step>
          <alter>1</alter>
          <octave>3</octave>
        </pitch>
        <duration>4</duration>
        <voice>2</voice>
        <type>eighth</type>
        <stem default-y="-60">down</stem>
      </note>
    </measure>
    <!--=======================================================-->
    <measure number="8" width="98">
      <note default-x="13">
        <pitch>
          <step>G</step>
          <alter>1</alter>
          <octave>4</octave>
        </pitch>
        <duration>16</duration>
        <voice>1</voice>
        <type>half</type>
        <stem default-y="33.5">up</stem>
        <lyric default-y="-69" number="1">
          <syllabic>end</syllabic>
          <text>ма.</text>
        </lyric>
      </note>
      <backup>
        <duration>16</duration>
      </backup>
      <note default-x="13">
        <pitch>
          <step>G</step>
          <alter>1</alter>
          <octave>3</octave>
        </pitch>
        <duration>16</duration>
        <voice>2</voice>
        <type>half</type>
        <stem default-y="-58">down</stem>
        <notations>
          <fermata default-x="-7" default-y="-64" type="inverted"/>
        </notations>
      </note>
      <barline location="right">
        <bar-style>light-heavy</bar-style>
      </barline>
    </measure>
  </part>
  <!--=========================================================-->
</score-partwise>
