<?xml version="1.0" encoding="UTF-8" standalone="no"?>
<!DOCTYPE score-partwise PUBLIC "-//Recordare//DTD MusicXML 4.0 Partwise//EN" "http://www.musicxml.org/dtds/partwise.dtd">
<score-partwise version="4.0">
  <identification>
    <encoding>
      <software>Finale v27.3 for Windows</software>
      <encoding-date>2024-08-09</encoding-date>
      <supports attribute="new-system" element="print" type="yes" value="yes"/>
      <supports attribute="new-page" element="print" type="yes" value="yes"/>
      <supports element="accidental" type="yes"/>
      <supports element="beam" type="yes"/>
      <supports element="stem" type="yes"/>
    </encoding>
  </identification>
  <defaults>
    <scaling>
      <millimeters>8.4667</millimeters>
      <tenths>40</tenths>
    </scaling>
    <page-layout>
      <page-height>1320</page-height>
      <page-width>1020</page-width>
      <page-margins type="both">
        <left-margin>60</left-margin>
        <right-margin>60</right-margin>
        <top-margin>60</top-margin>
        <bottom-margin>60</bottom-margin>
      </page-margins>
    </page-layout>
    <system-layout>
      <system-margins>
        <left-margin>0</left-margin>
        <right-margin>0</right-margin>
      </system-margins>
      <system-distance>110</system-distance>
      <top-system-distance>67</top-system-distance>
    </system-layout>
    <appearance>
      <line-width type="stem">0.7682</line-width>
      <line-width type="beam">5</line-width>
      <line-width type="staff">0.7682</line-width>
      <line-width type="light barline">0.7682</line-width>
      <line-width type="heavy barline">5</line-width>
      <line-width type="leger">0.7682</line-width>
      <line-width type="ending">0.7682</line-width>
      <line-width type="wedge">0.7682</line-width>
      <line-width type="enclosure">0.7682</line-width>
      <line-width type="tuplet bracket">0.7682</line-width>
      <note-size type="grace">50</note-size>
      <note-size type="cue">50</note-size>
      <distance type="hyphen">60</distance>
      <distance type="beam">7.5</distance>
    </appearance>
    <music-font font-family="Finale Maestro,engraved" font-size="24"/>
    <word-font font-family="Times New Roman" font-size="12"/>
    <lyric-font font-family="Times New Roman" font-size="12"/>
  </defaults>
  <credit page="1">
    <credit-words default-x="360" default-y="1269" font-size="19" valign="top">583. Ой на сплаву (07-БК-05)</credit-words>
  </credit>
  <credit page="1">
    <credit-words default-x="279" default-y="1229" valign="top">Швидко</credit-words>
  </credit>
  <credit page="1">
    <credit-words default-x="524" default-y="44" valign="top">357</credit-words>
  </credit>
  <credit page="1">
    <credit-words default-x="108" default-y="1029" font-size="17" valign="top" xml:space="preserve">1. Ой на сплаву, 
На сплавочку, 
На воді,*
Там плаває 
Гарний хлопець 
На човні,*
2. А дівчина 
Бере воду 
Відерцем, 
Називає 
Козаченька 
Сокільцем: 
3. – Ой козаче, 
Козаченьку, 
Соколю, 
Візьми ж мене 
На човничок 
З собою. </credit-words>
  </credit>
  <credit page="1">
    <credit-words default-x="330" default-y="1033" font-size="17" valign="top" xml:space="preserve">4. – Ой рад би я, 
Дівчинонько, 
Тебе взять, 
А хто ж буде 
Лебедята 
Заганять?
5. Десь узявся 
Гарний хлопець 
Ще й стрілець, 
Забив, забив 
Щонайкращий 
Лебедець.
6. Розсипалось 
Біле пір’я 
По кустах, 
Розіллялась 
Кров червона 
По річках. </credit-words>
  </credit>
  <credit page="1">
    <credit-words default-x="551" default-y="1033" font-size="17" valign="top" xml:space="preserve">7. Ой то не кров, 
То дівоцькая 
Краса. 
Чом у дівки 
Не розчесана 
Коса? 
8. – Три неділі 
Я не в тузі** 
Лежала, 
На четверту 
Поздоровшати 
Стала. 
9. А на п’ятій 
В сад 
   вишневенький 
Пішла, 
А на шостій 
Всі доріженьки 
Пройшла.</credit-words>
  </credit>
  <credit page="1">
    <credit-words default-x="791" default-y="1031" font-size="17" valign="top" xml:space="preserve">7. Ой то не кров, 
То дівоцькая 
Краса. 
Чом у дівки 
Не розчесана 
Коса? 
8. – Три неділі 
Я не в тузі** 
Лежала, 
На четверту 
Поздоровшати 
Стала. 
9. А на п’ятій 
В сад 
   вишневенький 
Пішла, 
А на шостій 
Всі доріженьки 
Пройшла.</credit-words>
  </credit>
  <credit page="1">
    <credit-words default-x="103" default-y="299" valign="top" xml:space="preserve">Зап. 1922 р. Кудрицька А. М. у с. Овечаче Бердичівського пов. на Київщині (нині с. Дружне Кали-
нівського р-ну Вінницької обл.) від Дарки Нагірної, 46 р. – ІМФЕ, ф. 6-4, од. зб. 110, арк. 37-38 
(текст), арк. 139 (мел.). Вар. зап. 1998 р. Бідюк Л. М. у с. Сиваківці  Липовецького р-ну Вінниць-
кої обл. від гурту. Розшифр. Єфремова Л. О., № 42 (307). Вар. 1 зап. 2007 р. та 03.04 2008 р. Ку-
шка Т. Я., Матіяш Д. В. у с. Гущинці Калинівського р-ну Вінницької обл. від Майданюк Л. В., 
Яцюк Л. А. (вивід), Мартинюк  В. П., Богомолець О. П., (кер.), Романюк Г. Ю. Розшифр. Єфремо-
ва Л. О. № 9 (621).</credit-words>
  </credit>
  <credit page="1">
    <credit-words default-x="105" default-y="103" valign="top" xml:space="preserve">* Половини строф співають двічі. (Л. Є.)
** В недузі. (А. К.)</credit-words>
  </credit>
  <part-list>
    <score-part id="P1">
      <part-name print-object="no">MusicXML Part</part-name>
      <group>score</group>
      <score-instrument id="P1-I1">
        <instrument-name>Èíñòðóìåíò 1</instrument-name>
      </score-instrument>
      <midi-instrument id="P1-I1">
        <midi-channel>1</midi-channel>
        <midi-program>1</midi-program>
        <volume>80</volume>
        <pan>0</pan>
      </midi-instrument>
    </score-part>
  </part-list>
  <!--=========================================================-->
  <part id="P1">
    <measure number="1" width="354">
      <print>
        <page-layout>
          <page-height>1320</page-height>
          <page-width>1020</page-width>
          <page-margins>
            <left-margin>121</left-margin>
            <right-margin>60</right-margin>
            <top-margin>60</top-margin>
            <bottom-margin>60</bottom-margin>
          </page-margins>
        </page-layout>
        <system-layout>
          <system-margins>
            <left-margin>56</left-margin>
            <right-margin>0</right-margin>
          </system-margins>
          <top-system-distance>57</top-system-distance>
        </system-layout>
        <measure-numbering>none</measure-numbering>
      </print>
      <attributes>
        <divisions>2</divisions>
        <key>
          <fifths>1</fifths>
          <mode>major</mode>
        </key>
        <time>
          <beats>2</beats>
          <beat-type>4</beat-type>
        </time>
        <clef>
          <sign>G</sign>
          <line>2</line>
        </clef>
      </attributes>
      <sound tempo="80">
        <swing>
          <straight/>
        </swing>
      </sound>
      <note default-x="109">
        <pitch>
          <step>D</step>
          <octave>4</octave>
        </pitch>
        <duration>1</duration>
        <voice>1</voice>
        <type>eighth</type>
        <stem default-y="-10">up</stem>
        <lyric default-y="-69" number="2">
          <syllabic>single</syllabic>
          <text>1.</text>
          <elision> </elision>
          <syllabic>single</syllabic>
          <text>Ой</text>
        </lyric>
      </note>
      <note default-x="170">
        <pitch>
          <step>D</step>
          <octave>4</octave>
        </pitch>
        <duration>1</duration>
        <voice>1</voice>
        <type>eighth</type>
        <stem default-y="-10">up</stem>
        <lyric default-y="-68" number="2">
          <syllabic>single</syllabic>
          <text>на</text>
        </lyric>
      </note>
      <note default-x="231">
        <pitch>
          <step>E</step>
          <octave>4</octave>
        </pitch>
        <duration>1</duration>
        <voice>1</voice>
        <type>eighth</type>
        <stem default-y="-5">up</stem>
        <lyric default-y="-68" number="2">
          <syllabic>begin</syllabic>
          <text>спла</text>
        </lyric>
      </note>
      <note default-x="293">
        <pitch>
          <step>F</step>
          <alter>1</alter>
          <octave>4</octave>
        </pitch>
        <duration>1</duration>
        <voice>1</voice>
        <type>eighth</type>
        <stem default-y="0">up</stem>
        <lyric default-y="-68" number="2">
          <syllabic>end</syllabic>
          <text>ву,/</text>
        </lyric>
      </note>
    </measure>
    <!--=======================================================-->
    <measure number="2" width="254">
      <note default-x="13">
        <pitch>
          <step>G</step>
          <octave>4</octave>
        </pitch>
        <duration>1</duration>
        <voice>1</voice>
        <type>eighth</type>
        <stem default-y="5">up</stem>
        <lyric default-y="-68" number="2">
          <syllabic>single</syllabic>
          <text>на</text>
        </lyric>
      </note>
      <note default-x="73">
        <pitch>
          <step>G</step>
          <octave>4</octave>
        </pitch>
        <duration>1</duration>
        <voice>1</voice>
        <type>eighth</type>
        <stem default-y="5">up</stem>
        <lyric default-y="-68" number="2">
          <syllabic>begin</syllabic>
          <text>спла</text>
        </lyric>
      </note>
      <note default-x="133">
        <pitch>
          <step>F</step>
          <alter>1</alter>
          <octave>4</octave>
        </pitch>
        <duration>1</duration>
        <voice>1</voice>
        <type>eighth</type>
        <stem default-y="0">up</stem>
        <lyric default-y="-68" number="2">
          <syllabic>middle</syllabic>
          <text>воч</text>
        </lyric>
      </note>
      <note default-x="193">
        <pitch>
          <step>E</step>
          <octave>4</octave>
        </pitch>
        <duration>1</duration>
        <voice>1</voice>
        <type>eighth</type>
        <stem default-y="-5">up</stem>
        <lyric default-y="-68" number="2">
          <syllabic>end</syllabic>
          <text>ку,/</text>
        </lyric>
      </note>
    </measure>
    <!--=======================================================-->
    <measure number="3" width="175">
      <note default-x="13">
        <pitch>
          <step>D</step>
          <octave>4</octave>
        </pitch>
        <duration>1</duration>
        <voice>1</voice>
        <type>eighth</type>
        <stem default-y="-10">up</stem>
        <lyric default-y="-68" number="2">
          <syllabic>single</syllabic>
          <text>на</text>
        </lyric>
      </note>
      <note default-x="58">
        <pitch>
          <step>E</step>
          <octave>4</octave>
        </pitch>
        <duration>1</duration>
        <voice>1</voice>
        <type>eighth</type>
        <stem default-y="-5">up</stem>
        <lyric default-y="-68" number="2">
          <syllabic>begin</syllabic>
          <text>во</text>
        </lyric>
      </note>
      <note default-x="103">
        <pitch>
          <step>F</step>
          <alter>1</alter>
          <octave>4</octave>
        </pitch>
        <duration>2</duration>
        <voice>1</voice>
        <type>quarter</type>
        <stem default-y="0">up</stem>
        <lyric default-y="-68" number="2">
          <syllabic>end</syllabic>
          <text>ді,/</text>
        </lyric>
      </note>
    </measure>
    <!--=======================================================-->
    <measure number="4" width="310">
      <print new-system="yes">
        <system-layout>
          <system-distance>37</system-distance>
        </system-layout>
      </print>
      <note default-x="78">
        <pitch>
          <step>D</step>
          <octave>4</octave>
        </pitch>
        <duration>1</duration>
        <voice>1</voice>
        <type>eighth</type>
        <stem default-y="-10">up</stem>
        <lyric default-y="-68" number="2">
          <syllabic>single</syllabic>
          <text>ой</text>
        </lyric>
      </note>
      <note default-x="135">
        <pitch>
          <step>D</step>
          <octave>4</octave>
        </pitch>
        <duration>1</duration>
        <voice>1</voice>
        <type>eighth</type>
        <stem default-y="-10">up</stem>
        <lyric default-y="-68" number="2">
          <syllabic>single</syllabic>
          <text>на</text>
        </lyric>
      </note>
      <note default-x="194">
        <pitch>
          <step>E</step>
          <octave>4</octave>
        </pitch>
        <duration>1</duration>
        <voice>1</voice>
        <type>eighth</type>
        <stem default-y="-5">up</stem>
        <lyric default-y="-68" number="2">
          <syllabic>begin</syllabic>
          <text>спла</text>
        </lyric>
      </note>
      <note default-x="252">
        <pitch>
          <step>F</step>
          <alter>1</alter>
          <octave>4</octave>
        </pitch>
        <duration>1</duration>
        <voice>1</voice>
        <type>eighth</type>
        <stem default-y="0">up</stem>
        <lyric default-y="-68" number="2">
          <syllabic>end</syllabic>
          <text>ву,/</text>
        </lyric>
      </note>
    </measure>
    <!--=======================================================-->
    <measure number="5" width="148">
      <note default-x="13">
        <pitch>
          <step>G</step>
          <octave>4</octave>
        </pitch>
        <duration>3</duration>
        <voice>1</voice>
        <type>quarter</type>
        <dot/>
        <stem default-y="5">up</stem>
        <lyric default-y="-68" number="2">
          <syllabic>single</syllabic>
          <text>на</text>
        </lyric>
      </note>
      <note default-x="105">
        <pitch>
          <step>G</step>
          <octave>4</octave>
        </pitch>
        <duration>1</duration>
        <voice>1</voice>
        <type>eighth</type>
        <stem default-y="5">up</stem>
        <lyric default-y="-68" number="2">
          <syllabic>begin</syllabic>
          <text>спла</text>
        </lyric>
      </note>
    </measure>
    <!--=======================================================-->
    <measure number="6" width="135">
      <note default-x="13">
        <pitch>
          <step>F</step>
          <alter>1</alter>
          <octave>4</octave>
        </pitch>
        <duration>2</duration>
        <voice>1</voice>
        <type>quarter</type>
        <stem default-y="0">up</stem>
        <lyric default-y="-68" number="2">
          <syllabic>middle</syllabic>
          <text>воч</text>
        </lyric>
      </note>
      <note default-x="74">
        <pitch>
          <step>F</step>
          <alter>1</alter>
          <octave>4</octave>
        </pitch>
        <duration>2</duration>
        <voice>1</voice>
        <type>quarter</type>
        <stem default-y="0">up</stem>
        <lyric default-y="-68" number="2">
          <syllabic>end</syllabic>
          <text>ку,/</text>
        </lyric>
      </note>
    </measure>
    <!--=======================================================-->
    <measure number="7" width="129">
      <note default-x="13">
        <pitch>
          <step>E</step>
          <octave>4</octave>
        </pitch>
        <duration>2</duration>
        <voice>1</voice>
        <type>quarter</type>
        <stem default-y="-5">up</stem>
        <lyric default-y="-68" number="2">
          <syllabic>single</syllabic>
          <text>на</text>
        </lyric>
      </note>
      <note default-x="71">
        <pitch>
          <step>E</step>
          <octave>4</octave>
        </pitch>
        <duration>2</duration>
        <voice>1</voice>
        <type>quarter</type>
        <stem default-y="-5">up</stem>
        <lyric default-y="-68" number="2">
          <syllabic>begin</syllabic>
          <text>во</text>
        </lyric>
      </note>
    </measure>
    <!--=======================================================-->
    <measure number="8" width="117">
      <note default-x="13">
        <pitch>
          <step>D</step>
          <octave>4</octave>
        </pitch>
        <duration>4</duration>
        <voice>1</voice>
        <type>half</type>
        <stem default-y="-10">up</stem>
        <lyric default-y="-68" number="2">
          <syllabic>end</syllabic>
          <text>ді.</text>
        </lyric>
      </note>
      <barline location="right">
        <bar-style>light-heavy</bar-style>
      </barline>
    </measure>
  </part>
  <!--=========================================================-->
</score-partwise>
