<?xml version="1.0" encoding="UTF-8" standalone="no"?>
<!DOCTYPE score-partwise PUBLIC "-//Recordare//DTD MusicXML 4.0 Partwise//EN" "http://www.musicxml.org/dtds/partwise.dtd">
<score-partwise version="4.0">
  <identification>
    <encoding>
      <software>Finale v27.3 for Windows</software>
      <encoding-date>2024-10-02</encoding-date>
      <supports attribute="new-system" element="print" type="yes" value="yes"/>
      <supports attribute="new-page" element="print" type="yes" value="yes"/>
      <supports element="accidental" type="yes"/>
      <supports element="beam" type="yes"/>
      <supports element="stem" type="yes"/>
    </encoding>
  </identification>
  <defaults>
    <scaling>
      <millimeters>8.4667</millimeters>
      <tenths>40</tenths>
    </scaling>
    <page-layout>
      <page-height>1320</page-height>
      <page-width>1020</page-width>
      <page-margins type="both">
        <left-margin>60</left-margin>
        <right-margin>60</right-margin>
        <top-margin>60</top-margin>
        <bottom-margin>60</bottom-margin>
      </page-margins>
    </page-layout>
    <system-layout>
      <system-margins>
        <left-margin>0</left-margin>
        <right-margin>0</right-margin>
      </system-margins>
      <system-distance>110</system-distance>
      <top-system-distance>67</top-system-distance>
    </system-layout>
    <appearance>
      <line-width type="stem">0.7682</line-width>
      <line-width type="beam">5</line-width>
      <line-width type="staff">0.7682</line-width>
      <line-width type="light barline">0.7682</line-width>
      <line-width type="heavy barline">5</line-width>
      <line-width type="leger">0.7682</line-width>
      <line-width type="ending">0.7682</line-width>
      <line-width type="wedge">0.7682</line-width>
      <line-width type="enclosure">0.7682</line-width>
      <line-width type="tuplet bracket">0.7682</line-width>
      <note-size type="grace">50</note-size>
      <note-size type="cue">50</note-size>
      <distance type="hyphen">60</distance>
      <distance type="beam">7.5</distance>
    </appearance>
    <music-font font-family="Finale Maestro,engraved" font-size="24"/>
    <word-font font-family="Times New Roman" font-size="12"/>
    <lyric-font font-family="Times New Roman" font-size="12"/>
  </defaults>
  <credit page="1">
    <credit-words default-x="369" default-y="1260" valign="top">65 Протяжно</credit-words>
  </credit>
  <credit page="1">
    <credit-words default-x="130" default-y="953" font-size="17" valign="top" xml:space="preserve">1. – Калина-малина,
Чого в лузі стоїш,
Чого в лузі стоїш,
Чом не процвітаєш?
2. Чого в лузі стоїш,
Чом не процвітаєш?
Чи сонця боїсся,
Чи дощу бажаєш?
3. – Сонця не боюся,
Дощу не бажаю,
Кого вірно люблю,
За тим помираю.</credit-words>
  </credit>
  <credit page="1">
    <credit-words default-x="731" default-y="946" font-size="17" valign="top" xml:space="preserve">7. Твої білі кості
Та й повибираю,
У синьому морі
Та й пови(і)миваю.
8. У синьому морі
Та й повимиваю,
Чорною китайкою 
Та й повитираю.</credit-words>
  </credit>
  <credit page="1">
    <credit-words default-x="136" default-y="464" valign="top" xml:space="preserve">Зап. 2007 р. та 03.04 2008 р. Кушка Т. Я., Матіяш Д. В. у с. Гущинці Калинівського р-ну Вінниць-
кої обл. від Майданюк Л. В., Яцюк Л. А. (вивід), Мартинюк В. П., Богомолець О. П. (кер.), Рома-
нюк Г. Ю. Розшифр. Єфремова Л. О. № 31 (641). Вар. зап. 2 квітня 2008 р. Матіяш Д., Кушка Т. у 
с. Переорки Вінницького р-ну Вінницької обл. від Діденко М. Ф., Діденко Н. С. (заспівує), Штер-
бави А. А., Кучер К. Г., Новак Н. П., Проніної Г. (виводить). Розшифр. Єфремова Л. О., № 25 
(235). </credit-words>
  </credit>
  <credit page="1">
    <credit-words default-x="433" default-y="953" font-size="17" valign="top" xml:space="preserve">4. – Як умру я, мила,
А ти будеш жива,
Чи згадаєш, мила,
Де моя могила?
5. А моя могила
Край синього моря,
Край синього моря,
Де трава шовкова.
6. – Я твою могилу
В заступ поскопаю,
Твої білі кості
Та й пови(і)бираю.</credit-words>
  </credit>
  <credit page="1">
    <credit-words default-x="524" default-y="49" valign="top">366</credit-words>
  </credit>
  <credit page="1">
    <credit-words default-x="440" default-y="1288" font-size="19" valign="top">592. Калина-малина (07-БР-04)</credit-words>
  </credit>
  <part-list>
    <score-part id="P1">
      <part-name print-object="no">MusicXML Part</part-name>
      <group>score</group>
      <score-instrument id="P1-I1">
        <instrument-name>Èíñòðóìåíò 1</instrument-name>
      </score-instrument>
      <midi-instrument id="P1-I1">
        <midi-channel>1</midi-channel>
        <midi-program>1</midi-program>
        <volume>80</volume>
        <pan>0</pan>
      </midi-instrument>
    </score-part>
  </part-list>
  <!--=========================================================-->
  <part id="P1">
    <measure number="1" width="507">
      <print>
        <page-layout>
          <page-height>1320</page-height>
          <page-width>1020</page-width>
          <page-margins>
            <left-margin>122</left-margin>
            <right-margin>60</right-margin>
            <top-margin>60</top-margin>
            <bottom-margin>60</bottom-margin>
          </page-margins>
        </page-layout>
        <system-layout>
          <system-margins>
            <left-margin>58</left-margin>
            <right-margin>0</right-margin>
          </system-margins>
          <top-system-distance>30</top-system-distance>
        </system-layout>
        <measure-numbering>none</measure-numbering>
      </print>
      <attributes>
        <divisions>4</divisions>
        <key>
          <fifths>5</fifths>
          <mode>major</mode>
        </key>
        <time>
          <beats>6</beats>
          <beat-type>4</beat-type>
        </time>
        <clef>
          <sign>G</sign>
          <line>2</line>
          <clef-octave-change>-1</clef-octave-change>
        </clef>
      </attributes>
      <sound tempo="65">
        <swing>
          <straight/>
        </swing>
      </sound>
      <direction placement="above">
        <direction-type>
          <words default-y="20" relative-x="-126">quarter note equals</words>
        </direction-type>
      </direction>
      <direction placement="below">
        <direction-type>
          <words default-y="-23" relative-x="-207">Вар.</words>
        </direction-type>
      </direction>
      <note default-x="155">
        <pitch>
          <step>G</step>
          <alter>1</alter>
          <octave>3</octave>
        </pitch>
        <duration>2</duration>
        <voice>1</voice>
        <type>eighth</type>
        <stem default-y="5">up</stem>
        <lyric default-y="-66" number="1">
          <syllabic>single</syllabic>
          <text>1.</text>
          <elision> </elision>
          <syllabic>begin</syllabic>
          <text>Ка</text>
        </lyric>
      </note>
      <note default-x="196">
        <pitch>
          <step>B</step>
          <octave>3</octave>
        </pitch>
        <duration>2</duration>
        <voice>1</voice>
        <type>eighth</type>
        <stem default-y="-55">down</stem>
        <lyric default-y="-66" number="1">
          <syllabic>middle</syllabic>
          <text>ли</text>
        </lyric>
      </note>
      <note default-x="230">
        <pitch>
          <step>G</step>
          <alter>1</alter>
          <octave>3</octave>
        </pitch>
        <duration>2</duration>
        <voice>1</voice>
        <type>eighth</type>
        <stem default-y="5">up</stem>
        <lyric default-y="-66" number="1">
          <syllabic>middle</syllabic>
          <text>на</text>
        </lyric>
      </note>
      <note default-x="267">
        <pitch>
          <step>A</step>
          <alter>1</alter>
          <octave>3</octave>
        </pitch>
        <duration>2</duration>
        <voice>1</voice>
        <type>eighth</type>
        <stem default-y="10">up</stem>
        <lyric default-y="-66" number="1">
          <syllabic>middle</syllabic>
          <text>ма</text>
        </lyric>
      </note>
      <note default-x="302">
        <pitch>
          <step>B</step>
          <octave>3</octave>
        </pitch>
        <duration>4</duration>
        <voice>1</voice>
        <type>quarter</type>
        <stem default-y="15">up</stem>
        <notations>
          <slur bezier-x="10" bezier-y="11" default-x="18" default-y="5" number="1" orientation="over" type="start"/>
        </notations>
        <lyric default-y="-66" number="1">
          <syllabic>middle</syllabic>
          <text>ли</text>
        </lyric>
      </note>
      <note default-x="350">
        <pitch>
          <step>D</step>
          <alter>1</alter>
          <octave>4</octave>
        </pitch>
        <duration>4</duration>
        <voice>1</voice>
        <type>quarter</type>
        <stem default-y="18.5">up</stem>
        <notations>
          <slur bezier-x="-12" bezier-y="10" default-x="7" default-y="8" number="1" type="stop"/>
        </notations>
        <lyric default-y="-66" number="1">
          <syllabic>middle</syllabic>
          <text>(ги)</text>
        </lyric>
      </note>
      <note default-x="398">
        <pitch>
          <step>G</step>
          <alter>1</alter>
          <octave>3</octave>
        </pitch>
        <duration>4</duration>
        <voice>1</voice>
        <type>quarter</type>
        <stem default-y="5">up</stem>
        <notations>
          <slur bezier-x="8" bezier-y="13" default-x="18" default-y="-5" number="1" orientation="over" type="start"/>
        </notations>
        <lyric default-y="-66" number="1">
          <syllabic>middle</syllabic>
          <text>на</text>
        </lyric>
      </note>
      <note default-x="448">
        <pitch>
          <step>B</step>
          <octave>3</octave>
        </pitch>
        <duration>4</duration>
        <voice>1</voice>
        <type>quarter</type>
        <stem default-y="15">up</stem>
        <notations>
          <slur bezier-x="-14" bezier-y="8" default-x="7" default-y="5" number="1" type="stop"/>
        </notations>
        <lyric default-y="-66" number="1">
          <syllabic>end</syllabic>
          <text>(га)/</text>
        </lyric>
      </note>
      <backup>
        <duration>24</duration>
      </backup>
      <forward>
        <duration>4</duration>
        <voice>2</voice>
      </forward>
      <forward>
        <duration>4</duration>
        <voice>2</voice>
      </forward>
      <note default-x="302">
        <pitch>
          <step>B</step>
          <octave>3</octave>
        </pitch>
        <duration>4</duration>
        <voice>2</voice>
        <type>quarter</type>
        <stem default-y="-55">down</stem>
        <notations>
          <slur bezier-x="14" bezier-y="-7" default-x="6" default-y="-45" number="1" placement="below" type="start"/>
        </notations>
      </note>
      <note default-x="350">
        <pitch>
          <step>D</step>
          <alter>1</alter>
          <octave>4</octave>
        </pitch>
        <duration>4</duration>
        <voice>2</voice>
        <type>quarter</type>
        <stem default-y="-45">down</stem>
        <notations>
          <slur bezier-x="-8" bezier-y="-13" default-x="-5" default-y="-35" number="1" type="stop"/>
        </notations>
      </note>
      <note default-x="398">
        <pitch>
          <step>G</step>
          <alter>1</alter>
          <octave>3</octave>
        </pitch>
        <duration>4</duration>
        <voice>2</voice>
        <type>quarter</type>
        <stem default-y="-58">down</stem>
        <notations>
          <slur bezier-x="12" bezier-y="-10" default-x="6" default-y="-48" number="1" placement="below" type="start"/>
        </notations>
      </note>
      <note default-x="448">
        <pitch>
          <step>B</step>
          <octave>3</octave>
        </pitch>
        <duration>2</duration>
        <voice>2</voice>
        <type>eighth</type>
        <stem default-y="-55">down</stem>
        <notations>
          <slur bezier-x="-10" bezier-y="-12" default-x="-5" default-y="-45" number="1" type="stop"/>
        </notations>
      </note>
      <note default-x="477">
        <rest>
          <display-step>C</display-step>
          <display-octave>3</display-octave>
        </rest>
        <duration>2</duration>
        <voice>2</voice>
        <type>eighth</type>
      </note>
    </measure>
    <!--=======================================================-->
    <measure number="2" width="273">
      <attributes>
        <time symbol="common">
          <beats>4</beats>
          <beat-type>4</beat-type>
        </time>
      </attributes>
      <note default-x="45">
        <pitch>
          <step>G</step>
          <alter>1</alter>
          <octave>4</octave>
        </pitch>
        <duration>4</duration>
        <voice>1</voice>
        <type>quarter</type>
        <stem default-y="33.5">up</stem>
        <notations>
          <slur bezier-x="10" bezier-y="11" default-x="18" default-y="23" number="1" orientation="over" type="start"/>
        </notations>
        <lyric default-y="-66" number="1">
          <syllabic>single</syllabic>
          <text>над</text>
        </lyric>
      </note>
      <note default-x="93">
        <pitch>
          <step>F</step>
          <alter>1</alter>
          <octave>4</octave>
        </pitch>
        <duration>2</duration>
        <voice>1</voice>
        <type>eighth</type>
        <stem default-y="35">up</stem>
        <notations>
          <slur bezier-x="-11" bezier-y="10" default-x="7" default-y="25" number="1" type="stop"/>
        </notations>
      </note>
      <note default-x="125">
        <pitch>
          <step>F</step>
          <alter>1</alter>
          <octave>4</octave>
        </pitch>
        <duration>2</duration>
        <voice>1</voice>
        <type>eighth</type>
        <stem default-y="35">up</stem>
        <lyric default-y="-66" number="1">
          <syllabic>begin</syllabic>
          <text>я</text>
        </lyric>
      </note>
      <note default-x="163">
        <pitch>
          <step>E</step>
          <octave>4</octave>
        </pitch>
        <duration>4</duration>
        <voice>1</voice>
        <type>quarter</type>
        <stem default-y="23.5">up</stem>
        <lyric default-y="-66" number="1">
          <syllabic>end</syllabic>
          <text>ром</text>
        </lyric>
      </note>
      <note default-x="213">
        <pitch>
          <step>E</step>
          <octave>4</octave>
        </pitch>
        <duration>4</duration>
        <voice>1</voice>
        <type>quarter</type>
        <stem default-y="23.5">up</stem>
        <lyric default-y="-66" number="1">
          <syllabic>begin</syllabic>
          <text>сто</text>
        </lyric>
      </note>
      <backup>
        <duration>16</duration>
      </backup>
      <note default-x="45">
        <pitch>
          <step>E</step>
          <octave>4</octave>
        </pitch>
        <duration>4</duration>
        <voice>2</voice>
        <type>quarter</type>
        <stem default-y="-40">down</stem>
        <notations>
          <slur bezier-x="10" bezier-y="-11" default-x="6" default-y="-33" number="1" placement="below" type="start"/>
        </notations>
      </note>
      <note default-x="93">
        <pitch>
          <step>D</step>
          <alter>1</alter>
          <octave>4</octave>
        </pitch>
        <duration>2</duration>
        <voice>2</voice>
        <type>eighth</type>
        <stem default-y="-45">down</stem>
        <notations>
          <slur bezier-x="-11" bezier-y="-10" default-x="-5" default-y="-35" number="1" type="stop"/>
        </notations>
      </note>
      <note default-x="125">
        <pitch>
          <step>D</step>
          <alter>1</alter>
          <octave>4</octave>
        </pitch>
        <duration>2</duration>
        <voice>2</voice>
        <type>eighth</type>
        <stem default-y="-45">down</stem>
      </note>
      <note default-x="163">
        <pitch>
          <step>C</step>
          <alter>1</alter>
          <octave>4</octave>
        </pitch>
        <duration>4</duration>
        <voice>2</voice>
        <type>quarter</type>
        <stem default-y="-50">down</stem>
      </note>
      <note default-x="213">
        <pitch>
          <step>C</step>
          <alter>1</alter>
          <octave>4</octave>
        </pitch>
        <duration>2</duration>
        <voice>2</voice>
        <type>eighth</type>
        <stem default-y="-50">down</stem>
      </note>
      <note default-x="243">
        <rest>
          <display-step>C</display-step>
          <display-octave>3</display-octave>
        </rest>
        <duration>2</duration>
        <voice>2</voice>
        <type>eighth</type>
      </note>
    </measure>
    <!--=======================================================-->
    <measure number="3" width="360">
      <print new-system="yes">
        <system-layout>
          <system-distance>67</system-distance>
        </system-layout>
      </print>
      <note default-x="134">
        <pitch>
          <step>A</step>
          <octave>4</octave>
        </pitch>
        <duration>4</duration>
        <voice>1</voice>
        <type>quarter</type>
        <accidental>natural</accidental>
        <stem default-y="38.5">up</stem>
        <notations>
          <slur bezier-x="26" bezier-y="20" default-x="18" default-y="28" number="1" orientation="over" type="start"/>
        </notations>
        <lyric default-y="-66" number="1">
          <syllabic>middle</syllabic>
          <text>я</text>
        </lyric>
      </note>
      <note default-x="183">
        <pitch>
          <step>G</step>
          <alter>1</alter>
          <octave>4</octave>
        </pitch>
        <duration>4</duration>
        <voice>1</voice>
        <type>quarter</type>
        <stem default-y="33.5">up</stem>
        <lyric default-y="-66" number="1">
          <syllabic>middle</syllabic>
          <text>(га)</text>
        </lyric>
      </note>
      <note default-x="233">
        <pitch>
          <step>F</step>
          <alter>1</alter>
          <octave>4</octave>
        </pitch>
        <duration>4</duration>
        <voice>1</voice>
        <type>quarter</type>
        <stem default-y="28.5">up</stem>
        <notations>
          <slur bezier-x="-21" bezier-y="26" default-x="7" default-y="18" number="1" type="stop"/>
        </notations>
        <lyric default-y="-66" number="1">
          <syllabic>middle</syllabic>
          <text>(га)</text>
        </lyric>
      </note>
      <note default-x="282">
        <pitch>
          <step>C</step>
          <alter>1</alter>
          <octave>4</octave>
        </pitch>
        <duration>2</duration>
        <voice>1</voice>
        <type>eighth</type>
        <stem default-y="20">up</stem>
        <beam number="1">begin</beam>
        <notations>
          <slur bezier-x="13" bezier-y="9" default-x="13" default-y="25" number="1" placement="above" type="start"/>
        </notations>
        <lyric default-y="-66" number="1">
          <syllabic>middle</syllabic>
          <text>ла</text>
        </lyric>
      </note>
      <note default-x="321">
        <pitch>
          <step>B</step>
          <octave>3</octave>
        </pitch>
        <duration>2</duration>
        <voice>1</voice>
        <type>eighth</type>
        <stem default-y="15">up</stem>
        <beam number="1">end</beam>
        <notations>
          <slur bezier-x="-10" bezier-y="12" default-x="12" default-y="20" number="1" type="stop"/>
        </notations>
        <lyric default-y="-66" number="1">
          <syllabic>end</syllabic>
          <text>(га),/</text>
        </lyric>
      </note>
      <backup>
        <duration>16</duration>
      </backup>
      <note default-x="134">
        <pitch>
          <step>F</step>
          <alter>1</alter>
          <octave>4</octave>
        </pitch>
        <duration>4</duration>
        <voice>2</voice>
        <type>quarter</type>
        <stem default-y="-35">down</stem>
        <notations>
          <slur bezier-x="21" bezier-y="-26" default-x="6" default-y="-25" number="1" placement="below" type="start"/>
        </notations>
      </note>
      <note default-x="183">
        <pitch>
          <step>E</step>
          <octave>4</octave>
        </pitch>
        <duration>4</duration>
        <voice>2</voice>
        <type>quarter</type>
        <stem default-y="-40">down</stem>
      </note>
      <note default-x="233">
        <pitch>
          <step>D</step>
          <alter>1</alter>
          <octave>4</octave>
        </pitch>
        <duration>4</duration>
        <voice>2</voice>
        <type>quarter</type>
        <stem default-y="-45">down</stem>
        <notations>
          <slur bezier-x="-26" bezier-y="-20" default-x="-5" default-y="-35" number="1" type="stop"/>
        </notations>
      </note>
      <note default-x="282">
        <pitch>
          <step>C</step>
          <alter>1</alter>
          <octave>4</octave>
        </pitch>
        <duration>2</duration>
        <voice>2</voice>
        <type>eighth</type>
        <stem default-y="-50">down</stem>
        <beam number="1">begin</beam>
        <notations>
          <slur bezier-x="10" bezier-y="-12" default-x="1" default-y="-55" number="1" placement="below" type="start"/>
        </notations>
      </note>
      <note default-x="321">
        <pitch>
          <step>B</step>
          <octave>3</octave>
        </pitch>
        <duration>2</duration>
        <voice>2</voice>
        <type>eighth</type>
        <stem default-y="-55">down</stem>
        <beam number="1">end</beam>
        <notations>
          <slur bezier-x="-12" bezier-y="-9" default-x="0" default-y="-60" number="1" type="stop"/>
        </notations>
      </note>
    </measure>
    <!--=======================================================-->
    <measure number="4" width="259">
      <note default-x="13">
        <pitch>
          <step>G</step>
          <alter>1</alter>
          <octave>4</octave>
        </pitch>
        <duration>4</duration>
        <voice>1</voice>
        <type>quarter</type>
        <stem default-y="33.5">up</stem>
        <notations>
          <slur bezier-x="10" bezier-y="11" default-x="18" default-y="23" number="1" orientation="over" type="start"/>
          <fermata default-x="-7" default-y="39" type="upright"/>
        </notations>
        <lyric default-y="-66" number="1">
          <syllabic>single</syllabic>
          <text>над</text>
        </lyric>
      </note>
      <note default-x="60">
        <pitch>
          <step>F</step>
          <alter>1</alter>
          <octave>4</octave>
        </pitch>
        <duration>2</duration>
        <voice>1</voice>
        <type>eighth</type>
        <stem default-y="35">up</stem>
        <notations>
          <slur bezier-x="-11" bezier-y="10" default-x="7" default-y="25" number="1" type="stop"/>
        </notations>
      </note>
      <note default-x="100">
        <pitch>
          <step>A</step>
          <octave>4</octave>
        </pitch>
        <duration>2</duration>
        <voice>1</voice>
        <type>eighth</type>
        <accidental>natural</accidental>
        <stem default-y="45">up</stem>
        <lyric default-y="-66" number="1">
          <syllabic>begin</syllabic>
          <text>я</text>
        </lyric>
      </note>
      <note default-x="133">
        <pitch>
          <step>G</step>
          <alter>1</alter>
          <octave>4</octave>
        </pitch>
        <duration>2</duration>
        <voice>1</voice>
        <type>eighth</type>
        <stem default-y="40">up</stem>
        <lyric default-y="-66" number="1" relative-x="10">
          <syllabic>end</syllabic>
          <text>ром</text>
        </lyric>
      </note>
      <note default-x="166">
        <rest>
          <display-step>A</display-step>
          <display-octave>4</display-octave>
        </rest>
        <duration>2</duration>
        <voice>1</voice>
        <type>eighth</type>
      </note>
      <note default-x="195">
        <pitch>
          <step>F</step>
          <alter>1</alter>
          <octave>4</octave>
        </pitch>
        <duration>2</duration>
        <voice>1</voice>
        <type>eighth</type>
        <stem default-y="35">up</stem>
        <lyric default-y="-66" number="1" relative-x="7">
          <syllabic>begin</syllabic>
          <text>сто</text>
        </lyric>
      </note>
      <note default-x="229">
        <rest>
          <display-step>A</display-step>
          <display-octave>4</display-octave>
        </rest>
        <duration>2</duration>
        <voice>1</voice>
        <type>eighth</type>
      </note>
      <backup>
        <duration>16</duration>
      </backup>
      <note default-x="13">
        <pitch>
          <step>G</step>
          <alter>1</alter>
          <octave>3</octave>
        </pitch>
        <duration>4</duration>
        <voice>2</voice>
        <type>quarter</type>
        <stem default-y="-58">down</stem>
        <notations>
          <slur bezier-x="7" bezier-y="-14" default-x="6" default-y="-48" number="1" placement="below" type="start"/>
        </notations>
      </note>
      <note default-x="60">
        <pitch>
          <step>F</step>
          <alter>1</alter>
          <octave>3</octave>
        </pitch>
        <duration>2</duration>
        <voice>2</voice>
        <type>eighth</type>
        <stem default-y="-70">down</stem>
        <notations>
          <slur bezier-x="-14" bezier-y="-7" default-x="-5" default-y="-60" number="1" type="stop"/>
        </notations>
      </note>
      <note default-x="100">
        <pitch>
          <step>A</step>
          <octave>3</octave>
        </pitch>
        <duration>2</duration>
        <voice>2</voice>
        <type>eighth</type>
        <accidental>natural</accidental>
        <stem default-y="-60">down</stem>
      </note>
      <note default-x="133">
        <pitch>
          <step>G</step>
          <alter>1</alter>
          <octave>3</octave>
        </pitch>
        <duration>2</duration>
        <voice>2</voice>
        <type>eighth</type>
        <stem default-y="-65">down</stem>
      </note>
      <note default-x="166">
        <rest>
          <display-step>C</display-step>
          <display-octave>3</display-octave>
        </rest>
        <duration>2</duration>
        <voice>2</voice>
        <type>eighth</type>
      </note>
      <note default-x="195">
        <pitch>
          <step>F</step>
          <alter>1</alter>
          <octave>3</octave>
        </pitch>
        <duration>2</duration>
        <voice>2</voice>
        <type>eighth</type>
        <stem default-y="-70">down</stem>
      </note>
      <note default-x="229">
        <rest>
          <display-step>C</display-step>
          <display-octave>3</display-octave>
        </rest>
        <duration>2</duration>
        <voice>2</voice>
        <type>eighth</type>
      </note>
    </measure>
    <!--=======================================================-->
    <measure number="5" width="219">
      <note default-x="13">
        <pitch>
          <step>D</step>
          <alter>1</alter>
          <octave>4</octave>
        </pitch>
        <duration>4</duration>
        <voice>1</voice>
        <type>quarter</type>
        <stem default-y="18.5">up</stem>
        <notations>
          <slur bezier-x="22" bezier-y="32" default-x="18" default-y="11" number="1" orientation="over" type="start"/>
        </notations>
        <lyric default-y="-66" number="1">
          <syllabic>middle</syllabic>
          <text>я</text>
        </lyric>
      </note>
      <note default-x="60">
        <pitch>
          <step>F</step>
          <alter>1</alter>
          <octave>4</octave>
        </pitch>
        <duration>4</duration>
        <voice>1</voice>
        <type>quarter</type>
        <stem default-y="28.5">up</stem>
        <lyric default-y="-66" number="1">
          <syllabic>middle</syllabic>
          <text>(га)</text>
        </lyric>
      </note>
      <note default-x="108">
        <pitch>
          <step>E</step>
          <octave>4</octave>
        </pitch>
        <duration>4</duration>
        <voice>1</voice>
        <type>quarter</type>
        <stem default-y="23.5">up</stem>
        <notations>
          <slur bezier-x="-22" bezier-y="31" default-x="7" default-y="13" number="1" type="stop"/>
        </notations>
        <lyric default-y="-66" number="1">
          <syllabic>middle</syllabic>
          <text>(га)</text>
        </lyric>
      </note>
      <note default-x="156">
        <pitch>
          <step>D</step>
          <alter>1</alter>
          <octave>4</octave>
        </pitch>
        <duration>2</duration>
        <voice>1</voice>
        <type>eighth</type>
        <stem default-y="25">up</stem>
        <lyric default-y="-66" number="1">
          <syllabic>end</syllabic>
          <text>ла/</text>
        </lyric>
      </note>
      <note default-x="188">
        <pitch>
          <step>C</step>
          <alter>1</alter>
          <octave>4</octave>
        </pitch>
        <duration>2</duration>
        <voice>1</voice>
        <type>eighth</type>
        <stem default-y="20">up</stem>
        <lyric default-y="-66" number="1">
          <syllabic>single</syllabic>
          <text>да</text>
        </lyric>
      </note>
      <backup>
        <duration>16</duration>
      </backup>
      <note default-x="13">
        <pitch>
          <step>B</step>
          <octave>3</octave>
        </pitch>
        <duration>4</duration>
        <voice>2</voice>
        <type>quarter</type>
        <stem default-y="-55">down</stem>
        <notations>
          <slur bezier-x="23" bezier-y="-18" default-x="6" default-y="-45" number="1" placement="below" type="start"/>
        </notations>
      </note>
      <note default-x="60">
        <pitch>
          <step>D</step>
          <alter>1</alter>
          <octave>4</octave>
        </pitch>
        <duration>4</duration>
        <voice>2</voice>
        <type>quarter</type>
        <stem default-y="-45">down</stem>
      </note>
      <note default-x="108">
        <pitch>
          <step>C</step>
          <alter>1</alter>
          <octave>4</octave>
        </pitch>
        <duration>4</duration>
        <voice>2</voice>
        <type>quarter</type>
        <stem default-y="-50">down</stem>
        <notations>
          <slur bezier-x="-22" bezier-y="-19" default-x="-5" default-y="-43" number="1" type="stop"/>
        </notations>
      </note>
      <note default-x="156">
        <pitch>
          <step>B</step>
          <octave>3</octave>
        </pitch>
        <duration>2</duration>
        <voice>2</voice>
        <type>eighth</type>
        <stem default-y="-55">down</stem>
      </note>
      <note default-x="188">
        <pitch>
          <step>A</step>
          <alter>1</alter>
          <octave>3</octave>
        </pitch>
        <duration>2</duration>
        <voice>2</voice>
        <type>eighth</type>
        <stem default-y="-60">down</stem>
      </note>
    </measure>
    <!--=======================================================-->
    <measure number="6" width="596">
      <print new-system="yes">
        <system-layout>
          <system-distance>67</system-distance>
        </system-layout>
      </print>
      <note default-x="123">
        <pitch>
          <step>F</step>
          <alter>1</alter>
          <octave>4</octave>
        </pitch>
        <duration>3</duration>
        <voice>1</voice>
        <type>eighth</type>
        <dot/>
        <stem default-y="35">up</stem>
        <beam number="1">begin</beam>
        <notations>
          <slur bezier-x="31" bezier-y="24" default-x="13" default-y="40" number="1" placement="above" type="start"/>
        </notations>
        <lyric default-y="-66" number="1">
          <syllabic>begin</syllabic>
          <text>бі</text>
        </lyric>
      </note>
      <note default-x="205">
        <pitch>
          <step>E</step>
          <octave>4</octave>
        </pitch>
        <duration>1</duration>
        <voice>1</voice>
        <type>16th</type>
        <stem default-y="32">up</stem>
        <beam number="1">continue</beam>
        <beam number="2">backward hook</beam>
      </note>
      <note default-x="244">
        <pitch>
          <step>D</step>
          <alter>1</alter>
          <octave>4</octave>
        </pitch>
        <duration>2</duration>
        <voice>1</voice>
        <type>eighth</type>
        <stem default-y="30">up</stem>
        <beam number="1">end</beam>
        <notations>
          <slur bezier-x="-29" bezier-y="26" default-x="12" default-y="35" number="1" type="stop"/>
        </notations>
      </note>
      <note default-x="306">
        <pitch>
          <step>G</step>
          <alter>1</alter>
          <octave>4</octave>
        </pitch>
        <duration>2</duration>
        <voice>1</voice>
        <type>eighth</type>
        <stem default-y="40">up</stem>
        <lyric default-y="-66" number="1">
          <syllabic>end</syllabic>
          <text>ло</text>
        </lyric>
      </note>
      <note default-x="369">
        <pitch>
          <step>E</step>
          <octave>4</octave>
        </pitch>
        <duration>4</duration>
        <voice>1</voice>
        <type>quarter</type>
        <stem default-y="23.5">up</stem>
        <notations>
          <slur bezier-x="23" bezier-y="20" default-x="18" default-y="13" number="1" orientation="over" type="start"/>
        </notations>
        <lyric default-y="-66" number="1" relative-x="9">
          <syllabic>begin</syllabic>
          <text>про</text>
        </lyric>
      </note>
      <note default-x="470">
        <pitch>
          <step>D</step>
          <alter>1</alter>
          <octave>4</octave>
        </pitch>
        <duration>2</duration>
        <voice>1</voice>
        <type>eighth</type>
        <stem default-y="25">up</stem>
        <notations>
          <slur bezier-x="-24" bezier-y="19" default-x="7" default-y="15" number="1" type="stop"/>
        </notations>
      </note>
      <note default-x="533">
        <pitch>
          <step>A</step>
          <octave>4</octave>
        </pitch>
        <duration>2</duration>
        <voice>1</voice>
        <type>eighth</type>
        <accidental>natural</accidental>
        <stem default-y="45">up</stem>
        <lyric default-y="-66" number="1">
          <syllabic>middle</syllabic>
          <text>цві</text>
        </lyric>
      </note>
      <backup>
        <duration>16</duration>
      </backup>
      <note default-x="123">
        <pitch>
          <step>F</step>
          <alter>1</alter>
          <octave>3</octave>
        </pitch>
        <duration>6</duration>
        <voice>2</voice>
        <type>quarter</type>
        <dot/>
        <stem default-y="-63">down</stem>
      </note>
      <note default-x="306">
        <pitch>
          <step>C</step>
          <alter>1</alter>
          <octave>4</octave>
        </pitch>
        <duration>2</duration>
        <voice>2</voice>
        <type>eighth</type>
        <stem default-y="-50">down</stem>
      </note>
      <note default-x="369">
        <pitch>
          <step>C</step>
          <alter>1</alter>
          <octave>4</octave>
        </pitch>
        <duration>4</duration>
        <voice>2</voice>
        <type>quarter</type>
        <stem default-y="-50">down</stem>
        <notations>
          <slur bezier-x="23" bezier-y="-20" default-x="6" default-y="-43" number="1" placement="below" type="start"/>
        </notations>
      </note>
      <note default-x="470">
        <pitch>
          <step>B</step>
          <octave>3</octave>
        </pitch>
        <duration>2</duration>
        <voice>2</voice>
        <type>eighth</type>
        <stem default-y="-55">down</stem>
        <notations>
          <slur bezier-x="-24" bezier-y="-19" default-x="-5" default-y="-45" number="1" type="stop"/>
        </notations>
      </note>
      <note default-x="533">
        <pitch>
          <step>A</step>
          <octave>3</octave>
        </pitch>
        <duration>2</duration>
        <voice>2</voice>
        <type>eighth</type>
        <accidental>natural</accidental>
        <stem default-y="-60">down</stem>
      </note>
    </measure>
    <!--=======================================================-->
    <measure number="7" width="242">
      <note default-x="13">
        <pitch>
          <step>G</step>
          <alter>1</alter>
          <octave>4</octave>
        </pitch>
        <duration>16</duration>
        <voice>1</voice>
        <type>whole</type>
        <lyric default-y="-66" number="1" relative-x="15">
          <syllabic>end</syllabic>
          <text>та(ла)./</text>
        </lyric>
      </note>
      <backup>
        <duration>16</duration>
      </backup>
      <note default-x="13">
        <pitch>
          <step>G</step>
          <alter>1</alter>
          <octave>3</octave>
        </pitch>
        <duration>16</duration>
        <voice>2</voice>
        <type>whole</type>
      </note>
      <barline location="right">
        <bar-style>light-heavy</bar-style>
      </barline>
    </measure>
  </part>
  <!--=========================================================-->
</score-partwise>
