<?xml version="1.0" encoding="UTF-8" standalone="no"?>
<!DOCTYPE score-partwise PUBLIC "-//Recordare//DTD MusicXML 4.0 Partwise//EN" "http://www.musicxml.org/dtds/partwise.dtd">
<score-partwise version="4.0">
  <identification>
    <encoding>
      <software>Finale v27.3 for Windows</software>
      <encoding-date>2024-08-31</encoding-date>
      <supports attribute="new-system" element="print" type="yes" value="yes"/>
      <supports attribute="new-page" element="print" type="yes" value="yes"/>
      <supports element="accidental" type="yes"/>
      <supports element="beam" type="yes"/>
      <supports element="stem" type="yes"/>
    </encoding>
  </identification>
  <defaults>
    <scaling>
      <millimeters>8.4667</millimeters>
      <tenths>40</tenths>
    </scaling>
    <page-layout>
      <page-height>1320</page-height>
      <page-width>1020</page-width>
      <page-margins type="both">
        <left-margin>60</left-margin>
        <right-margin>60</right-margin>
        <top-margin>60</top-margin>
        <bottom-margin>60</bottom-margin>
      </page-margins>
    </page-layout>
    <system-layout>
      <system-margins>
        <left-margin>0</left-margin>
        <right-margin>0</right-margin>
      </system-margins>
      <system-distance>110</system-distance>
      <top-system-distance>67</top-system-distance>
    </system-layout>
    <appearance>
      <line-width type="stem">0.7682</line-width>
      <line-width type="beam">5</line-width>
      <line-width type="staff">0.7682</line-width>
      <line-width type="light barline">0.7682</line-width>
      <line-width type="heavy barline">5</line-width>
      <line-width type="leger">0.7682</line-width>
      <line-width type="ending">0.7682</line-width>
      <line-width type="wedge">0.7682</line-width>
      <line-width type="enclosure">0.7682</line-width>
      <line-width type="tuplet bracket">0.7682</line-width>
      <note-size type="grace">50</note-size>
      <note-size type="cue">50</note-size>
      <distance type="hyphen">60</distance>
      <distance type="beam">7.5</distance>
    </appearance>
    <music-font font-family="Maestro,engraved" font-size="24"/>
    <word-font font-family="Times New Roman" font-size="12"/>
    <lyric-font font-family="Times New Roman" font-size="12"/>
  </defaults>
  <credit page="1">
    <credit-words default-x="116" default-y="174" valign="top" xml:space="preserve">Зап. 29.ХІІ 1936 р. Гайдай М. П. у с. Стодульці Жмеринського р-ну Вінницької обл. від Параски 
Дмитрівни Мельник, 18 р. та  Одарки Василівни Стахміч,18 р. – ІМФЕ, ф. 8-3, од. зб. 182, арк. 
106-107. Вар. зап. 2018 р. Гарбулінська Т. Є. у с. Бджільна Теплицького р-ну Вінницької обл. від 
Жарій І., Ільтєшіної Т. М., Тихої О. Д., Хрущ О. Є., Прокопенко Т. Ф., Ніколішиної А. С., Жарій О. 
В., Щербацької Н. І., Оєвої Д. М. З фондів Вінницького ОЦНТ. Розшифр. Єфремова Л. О., № 109.</credit-words>
  </credit>
  <credit page="1">
    <credit-words default-x="368" default-y="1034" font-size="19" valign="top">639. Під білою березою (16-БР-03)</credit-words>
  </credit>
  <credit page="1">
    <credit-words default-x="431" default-y="993" valign="top">80</credit-words>
  </credit>
  <credit page="1">
    <credit-words default-x="225" default-y="969" valign="top">[Соло]</credit-words>
  </credit>
  <credit page="1">
    <credit-words default-x="696" default-y="971" valign="top">[Двоє]</credit-words>
  </credit>
  <credit page="1">
    <credit-words default-x="106" default-y="703" font-size="17" valign="top" xml:space="preserve">1. Під білою березою (2)
Седів братік із сестрою.

2. Сестра брату комир шила,
Шила вона, вишивала,
Дрібні сльози проливала.

3. – Ой чого ж ти, сестронько, плачеш,
Чи ти в мене платоньки хочеш?

4. – Я не хочу брати плати,
Породила нас їдна мати.

5. Породила нас їдна мати,
Но не вміла нам щастя дати.

6. Тобі дала воли, корови
Ще й до того чорнії брови.</credit-words>
  </credit>
  <credit page="1">
    <credit-words default-x="606" default-y="705" font-size="17" valign="top" xml:space="preserve">7. Мені дала голку та нитку
Ше й до того п’яницю гидку.

8. Мені дала нитку та голку
Ше й до того п’яницю горку. 

9. – Приїдь, приїдь, сестро, 
                                    в неділю,
Я шось тобі трошки вдію.

10. Сестра брата послухала (2)
Та й в неділю приїхала.

11. Сестра браму відчиняє,
А брат та й до жінки каже:

12. – Ховай, жінко, (г)обід 
                                       з стола,
Бо вже їде сестра моя!

13. Сестра цеє і почула,
Назад кіньми обернула. </credit-words>
  </credit>
  <credit page="1">
    <credit-words default-x="525" default-y="48" valign="top">399</credit-words>
  </credit>
  <part-list>
    <score-part id="P1">
      <part-name print-object="no">MusicXML Part</part-name>
      <group>score</group>
      <score-instrument id="P1-I1">
        <instrument-name>Èíñòðóìåíò 1</instrument-name>
      </score-instrument>
      <midi-instrument id="P1-I1">
        <midi-channel>1</midi-channel>
        <midi-program>1</midi-program>
        <volume>80</volume>
        <pan>0</pan>
      </midi-instrument>
    </score-part>
  </part-list>
  <!--=========================================================-->
  <part id="P1">
    <measure number="1" width="477">
      <print>
        <page-layout>
          <page-height>1320</page-height>
          <page-width>1020</page-width>
          <page-margins>
            <left-margin>121</left-margin>
            <right-margin>60</right-margin>
            <top-margin>60</top-margin>
            <bottom-margin>60</bottom-margin>
          </page-margins>
        </page-layout>
        <system-layout>
          <system-margins>
            <left-margin>58</left-margin>
            <right-margin>0</right-margin>
          </system-margins>
          <top-system-distance>313</top-system-distance>
        </system-layout>
        <measure-numbering>none</measure-numbering>
      </print>
      <attributes>
        <divisions>12</divisions>
        <key>
          <fifths>0</fifths>
          <mode>major</mode>
        </key>
        <time>
          <beats>6</beats>
          <beat-type>4</beat-type>
        </time>
        <clef>
          <sign>G</sign>
          <line>2</line>
        </clef>
      </attributes>
      <sound tempo="96">
        <swing>
          <straight/>
        </swing>
      </sound>
      <direction placement="above">
        <direction-type>
          <other-direction default-y="33">quarter note equals</other-direction>
        </direction-type>
      </direction>
      <note default-x="85">
        <pitch>
          <step>G</step>
          <octave>4</octave>
        </pitch>
        <duration>6</duration>
        <voice>1</voice>
        <type>eighth</type>
        <stem default-y="1">up</stem>
        <lyric default-y="-70" number="1">
          <syllabic>single</syllabic>
          <text>1.</text>
          <elision> </elision>
          <syllabic>single</syllabic>
          <text>Під</text>
        </lyric>
      </note>
      <note default-x="129">
        <pitch>
          <step>C</step>
          <octave>5</octave>
        </pitch>
        <duration>6</duration>
        <voice>1</voice>
        <type>eighth</type>
        <stem default-y="-42">down</stem>
        <lyric default-y="-70" number="1">
          <syllabic>begin</syllabic>
          <text>бі</text>
        </lyric>
      </note>
      <note default-x="160">
        <pitch>
          <step>C</step>
          <octave>5</octave>
        </pitch>
        <duration>18</duration>
        <voice>1</voice>
        <type>quarter</type>
        <dot/>
        <stem default-y="-42">down</stem>
        <notations>
          <slur bezier-x="20" bezier-y="17" default-x="6" default-y="-5" number="1" placement="above" type="start"/>
        </notations>
        <lyric default-y="-70" number="1">
          <syllabic>middle</syllabic>
          <text>ло</text>
        </lyric>
      </note>
      <note default-x="216">
        <pitch>
          <step>A</step>
          <octave>4</octave>
        </pitch>
        <duration>3</duration>
        <voice>1</voice>
        <type>16th</type>
        <stem default-y="-50">down</stem>
        <beam number="1">begin</beam>
        <beam number="2">begin</beam>
      </note>
      <note default-x="236">
        <pitch>
          <step>C</step>
          <octave>5</octave>
        </pitch>
        <duration>3</duration>
        <voice>1</voice>
        <type>16th</type>
        <stem default-y="-45">down</stem>
        <beam number="1">end</beam>
        <beam number="2">end</beam>
        <notations>
          <slur bezier-x="-20" bezier-y="17" default-x="7" default-y="-5" number="1" type="stop"/>
        </notations>
      </note>
      <note default-x="265">
        <pitch>
          <step>B</step>
          <alter>-1</alter>
          <octave>4</octave>
        </pitch>
        <duration>6</duration>
        <voice>1</voice>
        <type>eighth</type>
        <accidental>flat</accidental>
        <stem default-y="-47">down</stem>
        <lyric default-y="-70" number="1">
          <syllabic>end</syllabic>
          <text>ю</text>
        </lyric>
      </note>
      <note default-x="295">
        <pitch>
          <step>A</step>
          <octave>4</octave>
        </pitch>
        <duration>6</duration>
        <voice>1</voice>
        <type>eighth</type>
        <stem default-y="6">up</stem>
        <lyric default-y="-70" number="1">
          <syllabic>begin</syllabic>
          <text>бе</text>
        </lyric>
      </note>
      <note default-x="328">
        <pitch>
          <step>G</step>
          <octave>4</octave>
        </pitch>
        <duration>6</duration>
        <voice>1</voice>
        <type>eighth</type>
        <stem default-y="1">up</stem>
        <lyric default-y="-70" number="1">
          <syllabic>middle</syllabic>
          <text>ре</text>
        </lyric>
      </note>
      <note default-x="359">
        <pitch>
          <step>F</step>
          <octave>4</octave>
        </pitch>
        <duration>4</duration>
        <voice>1</voice>
        <type>eighth</type>
        <time-modification>
          <actual-notes>3</actual-notes>
          <normal-notes>2</normal-notes>
        </time-modification>
        <stem default-y="-2">up</stem>
        <beam number="1">begin</beam>
        <notations>
          <tuplet bracket="yes" number="1" placement="above" type="start"/>
          <slur bezier-x="17" bezier-y="-5" default-x="6" default-y="-45" number="1" placement="below" type="start"/>
        </notations>
        <lyric default-y="-70" number="1" relative-x="3">
          <syllabic>middle</syllabic>
          <text>зо</text>
        </lyric>
      </note>
      <note default-x="380">
        <pitch>
          <step>A</step>
          <octave>4</octave>
        </pitch>
        <duration>4</duration>
        <voice>1</voice>
        <type>eighth</type>
        <time-modification>
          <actual-notes>3</actual-notes>
          <normal-notes>2</normal-notes>
        </time-modification>
        <stem default-y="0">up</stem>
        <beam number="1">continue</beam>
      </note>
      <note default-x="400">
        <pitch>
          <step>C</step>
          <octave>5</octave>
        </pitch>
        <duration>4</duration>
        <voice>1</voice>
        <type>eighth</type>
        <time-modification>
          <actual-notes>3</actual-notes>
          <normal-notes>2</normal-notes>
        </time-modification>
        <stem default-y="3">up</stem>
        <beam number="1">end</beam>
        <notations>
          <tuplet number="1" type="stop"/>
          <slur bezier-x="-7" bezier-y="-17" default-x="6" default-y="-25" number="1" type="stop"/>
        </notations>
      </note>
      <note default-x="421">
        <pitch>
          <step>C</step>
          <octave>5</octave>
        </pitch>
        <duration>2</duration>
        <voice>1</voice>
        <type>16th</type>
        <time-modification>
          <actual-notes>3</actual-notes>
          <normal-notes>2</normal-notes>
        </time-modification>
        <stem default-y="-45">down</stem>
        <beam number="1">begin</beam>
        <beam number="2">begin</beam>
        <notations>
          <tuplet bracket="yes" number="1" placement="below" type="start"/>
          <slur bezier-x="14" bezier-y="8" default-x="6" default-y="-5" number="1" placement="above" type="start"/>
        </notations>
        <lyric default-y="-70" number="1" relative-x="6">
          <syllabic>end</syllabic>
          <text>ю,/</text>
        </lyric>
      </note>
      <note default-x="440">
        <pitch>
          <step>B</step>
          <alter>-1</alter>
          <octave>4</octave>
        </pitch>
        <duration>2</duration>
        <voice>1</voice>
        <type>16th</type>
        <time-modification>
          <actual-notes>3</actual-notes>
          <normal-notes>2</normal-notes>
        </time-modification>
        <stem default-y="-47">down</stem>
        <beam number="1">continue</beam>
        <beam number="2">continue</beam>
      </note>
      <note default-x="458">
        <pitch>
          <step>A</step>
          <octave>4</octave>
        </pitch>
        <duration>2</duration>
        <voice>1</voice>
        <type>16th</type>
        <time-modification>
          <actual-notes>3</actual-notes>
          <normal-notes>2</normal-notes>
        </time-modification>
        <stem default-y="-50">down</stem>
        <beam number="1">end</beam>
        <beam number="2">end</beam>
        <notations>
          <tuplet number="1" type="stop"/>
          <slur bezier-x="-8" bezier-y="13" default-x="7" default-y="-15" number="1" type="stop"/>
        </notations>
      </note>
    </measure>
    <!--=======================================================-->
    <measure number="2" width="304">
      <note default-x="15">
        <pitch>
          <step>G</step>
          <octave>4</octave>
        </pitch>
        <duration>6</duration>
        <voice>1</voice>
        <type>eighth</type>
        <stem default-y="-2">up</stem>
        <lyric default-y="-70" number="1">
          <syllabic>single</syllabic>
          <text>під</text>
        </lyric>
      </note>
      <note default-x="46">
        <pitch>
          <step>G</step>
          <octave>4</octave>
        </pitch>
        <duration>6</duration>
        <voice>1</voice>
        <type>eighth</type>
        <stem default-y="-2">up</stem>
        <lyric default-y="-70" number="1">
          <syllabic>begin</syllabic>
          <text>бі</text>
        </lyric>
      </note>
      <note default-x="77">
        <pitch>
          <step>B</step>
          <octave>4</octave>
        </pitch>
        <duration>12</duration>
        <voice>1</voice>
        <type>quarter</type>
        <stem default-y="8">up</stem>
        <lyric default-y="-70" number="1">
          <syllabic>middle</syllabic>
          <text>ло</text>
        </lyric>
      </note>
      <note default-x="118">
        <pitch>
          <step>A</step>
          <octave>4</octave>
        </pitch>
        <duration>12</duration>
        <voice>1</voice>
        <type>quarter</type>
        <stem default-y="3">up</stem>
        <lyric default-y="-70" number="1">
          <syllabic>end</syllabic>
          <text>ю</text>
        </lyric>
      </note>
      <note default-x="160">
        <pitch>
          <step>G</step>
          <octave>4</octave>
        </pitch>
        <duration>6</duration>
        <voice>1</voice>
        <type>eighth</type>
        <stem default-y="-2">up</stem>
        <lyric default-y="-70" number="1">
          <syllabic>begin</syllabic>
          <text>бе</text>
        </lyric>
      </note>
      <note default-x="190">
        <pitch>
          <step>A</step>
          <octave>4</octave>
        </pitch>
        <duration>6</duration>
        <voice>1</voice>
        <type>eighth</type>
        <stem default-y="3">up</stem>
        <lyric default-y="-70" number="1">
          <syllabic>middle</syllabic>
          <text>ре</text>
        </lyric>
      </note>
      <note default-x="221">
        <pitch>
          <step>G</step>
          <octave>4</octave>
        </pitch>
        <duration>12</duration>
        <voice>1</voice>
        <type>quarter</type>
        <stem default-y="-2">up</stem>
        <lyric default-y="-70" number="1">
          <syllabic>middle</syllabic>
          <text>зо</text>
        </lyric>
      </note>
      <note default-x="262">
        <pitch>
          <step>G</step>
          <octave>4</octave>
        </pitch>
        <duration>12</duration>
        <voice>1</voice>
        <type>quarter</type>
        <stem default-y="-2">up</stem>
        <lyric default-y="-70" number="1">
          <syllabic>end</syllabic>
          <text>ю/</text>
        </lyric>
      </note>
      <backup>
        <duration>72</duration>
      </backup>
      <note default-x="15">
        <pitch>
          <step>G</step>
          <octave>4</octave>
        </pitch>
        <duration>6</duration>
        <voice>2</voice>
        <type>eighth</type>
        <stem default-y="-55">down</stem>
      </note>
      <note default-x="46">
        <pitch>
          <step>G</step>
          <octave>4</octave>
        </pitch>
        <duration>6</duration>
        <voice>2</voice>
        <type>eighth</type>
        <stem default-y="-55">down</stem>
      </note>
      <note default-x="77">
        <pitch>
          <step>G</step>
          <octave>4</octave>
        </pitch>
        <duration>12</duration>
        <voice>2</voice>
        <type>quarter</type>
        <stem default-y="-49">down</stem>
      </note>
      <note default-x="118">
        <pitch>
          <step>F</step>
          <octave>4</octave>
        </pitch>
        <duration>12</duration>
        <voice>2</voice>
        <type>quarter</type>
        <stem default-y="-54">down</stem>
      </note>
      <note default-x="160">
        <pitch>
          <step>E</step>
          <octave>4</octave>
        </pitch>
        <duration>6</duration>
        <voice>2</voice>
        <type>eighth</type>
        <stem default-y="-54">down</stem>
      </note>
      <note default-x="190">
        <pitch>
          <step>D</step>
          <octave>4</octave>
        </pitch>
        <duration>6</duration>
        <voice>2</voice>
        <type>eighth</type>
        <stem default-y="-59">down</stem>
      </note>
      <note default-x="221">
        <pitch>
          <step>G</step>
          <octave>4</octave>
        </pitch>
        <duration>12</duration>
        <voice>2</voice>
        <type>quarter</type>
        <stem default-y="-55">down</stem>
      </note>
      <note default-x="262">
        <pitch>
          <step>G</step>
          <octave>4</octave>
        </pitch>
        <duration>12</duration>
        <voice>2</voice>
        <type>quarter</type>
        <stem default-y="-55">down</stem>
      </note>
    </measure>
    <!--=======================================================-->
    <measure number="3" width="839">
      <print new-system="yes">
        <system-layout>
          <system-distance>69</system-distance>
        </system-layout>
      </print>
      <note default-x="56">
        <pitch>
          <step>E</step>
          <octave>5</octave>
        </pitch>
        <duration>6</duration>
        <voice>1</voice>
        <type>eighth</type>
        <stem default-y="30">up</stem>
        <lyric default-y="-64" number="1">
          <syllabic>begin</syllabic>
          <text>се</text>
        </lyric>
      </note>
      <note default-x="124">
        <pitch>
          <step>E</step>
          <octave>5</octave>
        </pitch>
        <duration>6</duration>
        <voice>1</voice>
        <type>eighth</type>
        <stem default-y="30">up</stem>
        <lyric default-y="-64" number="1">
          <syllabic>end</syllabic>
          <text>дів</text>
        </lyric>
      </note>
      <note default-x="192">
        <pitch>
          <step>D</step>
          <octave>5</octave>
        </pitch>
        <duration>6</duration>
        <voice>1</voice>
        <type>eighth</type>
        <stem default-y="25">up</stem>
        <lyric default-y="-64" number="1">
          <syllabic>begin</syllabic>
          <text>бра</text>
        </lyric>
      </note>
      <note default-x="260">
        <pitch>
          <step>E</step>
          <octave>5</octave>
        </pitch>
        <duration>6</duration>
        <voice>1</voice>
        <type>eighth</type>
        <stem default-y="30">up</stem>
        <lyric default-y="-64" number="1">
          <syllabic>end</syllabic>
          <text>тік</text>
        </lyric>
      </note>
      <note default-x="328">
        <pitch>
          <step>F</step>
          <octave>5</octave>
        </pitch>
        <duration>3</duration>
        <voice>1</voice>
        <type>16th</type>
        <stem default-y="23">up</stem>
        <beam number="1">begin</beam>
        <beam number="2">begin</beam>
        <notations>
          <slur bezier-x="37" bezier-y="26" default-x="13" default-y="28" number="1" placement="above" type="start"/>
        </notations>
        <lyric default-y="-64" number="1">
          <syllabic>single</syllabic>
          <text>із</text>
        </lyric>
      </note>
      <note default-x="370">
        <pitch>
          <step>E</step>
          <octave>5</octave>
        </pitch>
        <duration>3</duration>
        <voice>1</voice>
        <type>16th</type>
        <stem default-y="23">up</stem>
        <beam number="1">continue</beam>
        <beam number="2">end</beam>
      </note>
      <note default-x="412">
        <pitch>
          <step>D</step>
          <octave>5</octave>
        </pitch>
        <duration>6</duration>
        <voice>1</voice>
        <type>eighth</type>
        <stem default-y="23">up</stem>
        <beam number="1">continue</beam>
      </note>
      <note default-x="480">
        <pitch>
          <step>E</step>
          <octave>5</octave>
        </pitch>
        <duration>6</duration>
        <voice>1</voice>
        <type>eighth</type>
        <stem default-y="23">up</stem>
        <beam number="1">end</beam>
        <notations>
          <slur bezier-x="-37" bezier-y="26" default-x="12" default-y="28" number="1" type="stop"/>
        </notations>
      </note>
      <note default-x="548">
        <pitch>
          <step>E</step>
          <octave>5</octave>
        </pitch>
        <duration>6</duration>
        <voice>1</voice>
        <type>eighth</type>
        <stem default-y="24">up</stem>
        <lyric default-y="-64" number="1">
          <syllabic>begin</syllabic>
          <text>се</text>
        </lyric>
      </note>
      <note default-x="615">
        <pitch>
          <step>G</step>
          <octave>5</octave>
        </pitch>
        <duration>18</duration>
        <voice>1</voice>
        <type>quarter</type>
        <dot/>
        <stem default-y="18">up</stem>
        <notations>
          <fermata default-x="-1" default-y="23" type="upright"/>
        </notations>
        <lyric default-y="-64" number="1">
          <syllabic>middle</syllabic>
          <text>стро</text>
        </lyric>
      </note>
      <note default-x="761">
        <pitch>
          <step>G</step>
          <octave>5</octave>
        </pitch>
        <duration>6</duration>
        <voice>1</voice>
        <type>eighth</type>
        <stem default-y="34">up</stem>
        <lyric default-y="-64" number="1">
          <syllabic>end</syllabic>
          <text>ю.</text>
        </lyric>
      </note>
      <backup>
        <duration>72</duration>
      </backup>
      <note default-x="56">
        <pitch>
          <step>C</step>
          <octave>5</octave>
        </pitch>
        <duration>6</duration>
        <voice>2</voice>
        <type>eighth</type>
        <stem default-y="-44">down</stem>
      </note>
      <note default-x="124">
        <pitch>
          <step>C</step>
          <octave>5</octave>
        </pitch>
        <duration>6</duration>
        <voice>2</voice>
        <type>eighth</type>
        <stem default-y="-44">down</stem>
      </note>
      <note default-x="192">
        <pitch>
          <step>B</step>
          <octave>4</octave>
        </pitch>
        <duration>6</duration>
        <voice>2</voice>
        <type>eighth</type>
        <stem default-y="-42">down</stem>
      </note>
      <note default-x="260">
        <pitch>
          <step>C</step>
          <octave>5</octave>
        </pitch>
        <duration>6</duration>
        <voice>2</voice>
        <type>eighth</type>
        <stem default-y="-44">down</stem>
      </note>
      <note default-x="328">
        <pitch>
          <step>D</step>
          <octave>5</octave>
        </pitch>
        <duration>6</duration>
        <voice>2</voice>
        <type>eighth</type>
        <stem default-y="-40">down</stem>
        <beam number="1">begin</beam>
        <notations>
          <slur bezier-x="36" bezier-y="-27" default-x="1" default-y="-45" number="1" placement="below" type="start"/>
        </notations>
      </note>
      <note default-x="412">
        <pitch>
          <step>B</step>
          <octave>4</octave>
        </pitch>
        <duration>6</duration>
        <voice>2</voice>
        <type>eighth</type>
        <stem default-y="-43">down</stem>
        <beam number="1">continue</beam>
      </note>
      <note default-x="480">
        <pitch>
          <step>A</step>
          <octave>4</octave>
        </pitch>
        <duration>6</duration>
        <voice>2</voice>
        <type>eighth</type>
        <stem default-y="-45">down</stem>
        <beam number="1">end</beam>
        <notations>
          <slur bezier-x="-37" bezier-y="-25" default-x="0" default-y="-50" number="1" type="stop"/>
        </notations>
      </note>
      <note default-x="548">
        <pitch>
          <step>A</step>
          <octave>4</octave>
        </pitch>
        <duration>6</duration>
        <voice>2</voice>
        <type>eighth</type>
        <stem default-y="-49">down</stem>
      </note>
      <note default-x="615">
        <pitch>
          <step>G</step>
          <octave>4</octave>
        </pitch>
        <duration>18</duration>
        <voice>2</voice>
        <type>quarter</type>
        <dot/>
        <stem default-y="-49">down</stem>
      </note>
      <note default-x="761">
        <pitch>
          <step>G</step>
          <octave>4</octave>
        </pitch>
        <duration>6</duration>
        <voice>2</voice>
        <type size="cue">eighth</type>
        <stem default-y="-51.5">down</stem>
      </note>
      <barline location="right">
        <bar-style>light-heavy</bar-style>
      </barline>
    </measure>
  </part>
  <!--=========================================================-->
</score-partwise>
