<?xml version="1.0" encoding="UTF-8" standalone="no"?>
<!DOCTYPE score-partwise PUBLIC "-//Recordare//DTD MusicXML 4.0 Partwise//EN" "http://www.musicxml.org/dtds/partwise.dtd">
<score-partwise version="4.0">
  <identification>
    <encoding>
      <software>Finale v27.3 for Windows</software>
      <encoding-date>2024-05-03</encoding-date>
      <supports attribute="new-system" element="print" type="yes" value="yes"/>
      <supports attribute="new-page" element="print" type="yes" value="yes"/>
      <supports element="accidental" type="yes"/>
      <supports element="beam" type="yes"/>
      <supports element="stem" type="yes"/>
    </encoding>
  </identification>
  <defaults>
    <scaling>
      <millimeters>8.4667</millimeters>
      <tenths>40</tenths>
    </scaling>
    <page-layout>
      <page-height>1320</page-height>
      <page-width>1020</page-width>
      <page-margins type="both">
        <left-margin>60</left-margin>
        <right-margin>60</right-margin>
        <top-margin>60</top-margin>
        <bottom-margin>60</bottom-margin>
      </page-margins>
    </page-layout>
    <system-layout>
      <system-margins>
        <left-margin>0</left-margin>
        <right-margin>0</right-margin>
      </system-margins>
      <system-distance>110</system-distance>
      <top-system-distance>67</top-system-distance>
    </system-layout>
    <appearance>
      <line-width type="stem">0.7682</line-width>
      <line-width type="beam">5</line-width>
      <line-width type="staff">0.7682</line-width>
      <line-width type="light barline">0.7682</line-width>
      <line-width type="heavy barline">5</line-width>
      <line-width type="leger">0.7682</line-width>
      <line-width type="ending">0.7682</line-width>
      <line-width type="wedge">0.7682</line-width>
      <line-width type="enclosure">0.7682</line-width>
      <line-width type="tuplet bracket">0.7682</line-width>
      <note-size type="grace">50</note-size>
      <note-size type="cue">50</note-size>
      <distance type="hyphen">60</distance>
      <distance type="beam">7.5</distance>
    </appearance>
    <music-font font-family="Finale Maestro,engraved" font-size="24"/>
    <word-font font-family="Times New Roman" font-size="12"/>
    <lyric-font font-family="Times New Roman" font-size="12"/>
  </defaults>
  <credit page="1">
    <credit-words default-x="128" default-y="107" valign="top" xml:space="preserve">* Другу половину кожної строфи співають двічі. (Л. Є.)
** Шіпка, шопа – стайня, будівля для худоби.</credit-words>
  </credit>
  <credit page="1">
    <credit-words default-x="320" default-y="1273" font-size="19" valign="top">115. Ген, високо в темнім небі (ОК-ХК-04)</credit-words>
  </credit>
  <credit page="1">
    <credit-words default-x="228" default-y="1241" valign="top">Урочисто, велично</credit-words>
  </credit>
  <credit page="1">
    <credit-words default-x="117" default-y="850" font-size="17" valign="top" xml:space="preserve">1. Ген, високо в темнім небі
Зірка засіяла,
Плила, плила над хмарами,
Над шіпкою** стала.*
2. Діва Сина породила,
В ясла положила,
Сухим сіном притрусила,
Пеленами вкрила.
3. Прилетіли до шіпчини
Ангели крилаті,
Повклякали, заспівали
Божому Дитяті.
</credit-words>
  </credit>
  <credit page="1">
    <credit-words default-x="525" default-y="48" valign="top">109</credit-words>
  </credit>
  <credit page="1">
    <credit-words default-x="561" default-y="845" font-size="17" valign="top" xml:space="preserve">4. Де колиска золотая,
Пелени шовкові,
Де перини для Дитини
М’які та пухові?
5. Бо маленька та Дитина –
То є Бог великий,
Що бував перед віками
І буде повіки.
6. Най маленькій цій Дитині
Честь і слава буде,
Та й нехай живуть у згоді
Злі і добрі люди!</credit-words>
  </credit>
  <credit page="1">
    <credit-words default-x="114" default-y="305" valign="top" xml:space="preserve">Зап. 27.06-10.07.1963 р. експ. ІМФЕ, нач. Ященко Л. І. у с. Блищанівка Дунаєвецького р-ну від 
жіночого гурту. – ІМФЕ, ф. 14-5, од. зб. 380, арк. 17-18, № 8; пл. ф. 14-10, од. зб. 985-987.</credit-words>
  </credit>
  <part-list>
    <score-part id="P1">
      <part-name print-object="no">MusicXML Part</part-name>
      <group>score</group>
      <score-instrument id="P1-I1">
        <instrument-name>Èíñòðóìåíò 1</instrument-name>
      </score-instrument>
      <midi-instrument id="P1-I1">
        <midi-channel>1</midi-channel>
        <midi-program>1</midi-program>
        <volume>80</volume>
        <pan>0</pan>
      </midi-instrument>
    </score-part>
  </part-list>
  <!--=========================================================-->
  <part id="P1">
    <measure number="1" width="320">
      <print>
        <page-layout>
          <page-height>1320</page-height>
          <page-width>1020</page-width>
          <page-margins>
            <left-margin>120</left-margin>
            <right-margin>60</right-margin>
            <top-margin>60</top-margin>
            <bottom-margin>60</bottom-margin>
          </page-margins>
        </page-layout>
        <system-layout>
          <system-margins>
            <left-margin>12</left-margin>
            <right-margin>46</right-margin>
          </system-margins>
          <top-system-distance>72</top-system-distance>
        </system-layout>
        <measure-numbering>none</measure-numbering>
      </print>
      <attributes>
        <divisions>2</divisions>
        <key>
          <fifths>1</fifths>
          <mode>major</mode>
        </key>
        <time symbol="common">
          <beats>4</beats>
          <beat-type>4</beat-type>
        </time>
        <clef>
          <sign>G</sign>
          <line>2</line>
        </clef>
      </attributes>
      <sound tempo="96">
        <swing>
          <straight/>
        </swing>
      </sound>
      <note default-x="109">
        <pitch>
          <step>D</step>
          <octave>5</octave>
        </pitch>
        <duration>1</duration>
        <voice>1</voice>
        <type>eighth</type>
        <stem default-y="25">up</stem>
        <lyric default-y="-85" number="2" relative-x="3">
          <syllabic>single</syllabic>
          <text>1.</text>
          <elision> </elision>
          <syllabic>single</syllabic>
          <text>Ген,</text>
        </lyric>
      </note>
      <note default-x="161">
        <pitch>
          <step>C</step>
          <octave>5</octave>
        </pitch>
        <duration>1</duration>
        <voice>1</voice>
        <type>eighth</type>
        <stem default-y="20">up</stem>
        <lyric default-y="-85" number="2">
          <syllabic>begin</syllabic>
          <text>ви</text>
        </lyric>
      </note>
      <note default-x="194">
        <pitch>
          <step>B</step>
          <octave>4</octave>
        </pitch>
        <duration>1</duration>
        <voice>1</voice>
        <type>eighth</type>
        <stem default-y="20">up</stem>
        <beam number="1">begin</beam>
        <notations>
          <slur bezier-x="6" bezier-y="10" default-x="13" default-y="25" number="1" placement="above" type="start"/>
        </notations>
        <lyric default-y="-85" number="2" relative-x="3">
          <syllabic>middle</syllabic>
          <text>со</text>
        </lyric>
      </note>
      <note default-x="221">
        <pitch>
          <step>D</step>
          <octave>5</octave>
        </pitch>
        <duration>1</duration>
        <voice>1</voice>
        <type>eighth</type>
        <stem default-y="25">up</stem>
        <beam number="1">end</beam>
        <notations>
          <slur bezier-x="-10" bezier-y="7" default-x="12" default-y="30" number="1" type="stop"/>
        </notations>
      </note>
      <note default-x="248">
        <pitch>
          <step>D</step>
          <octave>5</octave>
        </pitch>
        <duration>4</duration>
        <voice>1</voice>
        <type>half</type>
        <stem default-y="18.5">up</stem>
        <lyric default-y="-85" number="2">
          <syllabic>end</syllabic>
          <text>ко</text>
        </lyric>
      </note>
      <backup>
        <duration>8</duration>
      </backup>
      <note default-x="109">
        <pitch>
          <step>B</step>
          <octave>4</octave>
        </pitch>
        <duration>1</duration>
        <voice>2</voice>
        <type>eighth</type>
        <stem default-y="-60">down</stem>
        <beam number="1">begin</beam>
      </note>
      <note default-x="161">
        <pitch>
          <step>A</step>
          <octave>4</octave>
        </pitch>
        <duration>1</duration>
        <voice>2</voice>
        <type>eighth</type>
        <stem default-y="-60">down</stem>
        <beam number="1">continue</beam>
      </note>
      <note default-x="194">
        <pitch>
          <step>B</step>
          <octave>4</octave>
        </pitch>
        <duration>1</duration>
        <voice>2</voice>
        <type>eighth</type>
        <stem default-y="-60">down</stem>
        <beam number="1">continue</beam>
      </note>
      <note default-x="221">
        <pitch>
          <step>B</step>
          <octave>4</octave>
        </pitch>
        <duration>1</duration>
        <voice>2</voice>
        <type>eighth</type>
        <stem default-y="-60">down</stem>
        <beam number="1">end</beam>
      </note>
      <note default-x="248">
        <pitch>
          <step>B</step>
          <octave>4</octave>
        </pitch>
        <duration>4</duration>
        <voice>2</voice>
        <type>half</type>
        <stem default-y="-55">down</stem>
      </note>
      <backup>
        <duration>8</duration>
      </backup>
      <note default-x="109">
        <rest>
          <display-step>G</display-step>
          <display-octave>3</display-octave>
        </rest>
        <duration>2</duration>
        <voice>3</voice>
        <type>quarter</type>
      </note>
      <note default-x="194">
        <pitch>
          <step>G</step>
          <octave>4</octave>
        </pitch>
        <duration>2</duration>
        <voice>3</voice>
        <type>quarter</type>
        <stem default-y="5">up</stem>
      </note>
      <note default-x="248">
        <pitch>
          <step>G</step>
          <octave>4</octave>
        </pitch>
        <duration>4</duration>
        <voice>3</voice>
        <type>half</type>
        <stem default-y="5">up</stem>
      </note>
    </measure>
    <!--=======================================================-->
    <measure number="2" width="218">
      <note default-x="13">
        <pitch>
          <step>C</step>
          <octave>5</octave>
        </pitch>
        <duration>1</duration>
        <voice>1</voice>
        <type>eighth</type>
        <stem default-y="20">up</stem>
        <lyric default-y="-85" number="2" relative-x="3">
          <syllabic>single</syllabic>
          <text>в</text>
          <elision> </elision>
          <syllabic>begin</syllabic>
          <text>тем</text>
        </lyric>
      </note>
      <note default-x="63">
        <pitch>
          <step>B</step>
          <octave>4</octave>
        </pitch>
        <duration>1</duration>
        <voice>1</voice>
        <type>eighth</type>
        <stem default-y="15">up</stem>
        <lyric default-y="-85" number="2">
          <syllabic>end</syllabic>
          <text>нім</text>
        </lyric>
      </note>
      <note default-x="100">
        <pitch>
          <step>C</step>
          <octave>5</octave>
        </pitch>
        <duration>2</duration>
        <voice>1</voice>
        <type>quarter</type>
        <stem default-y="13.5">up</stem>
        <lyric default-y="-85" number="2">
          <syllabic>begin</syllabic>
          <text>не</text>
        </lyric>
      </note>
      <note default-x="145">
        <pitch>
          <step>A</step>
          <octave>4</octave>
        </pitch>
        <duration>4</duration>
        <voice>1</voice>
        <type>half</type>
        <stem default-y="10">up</stem>
        <lyric default-y="-85" number="2">
          <syllabic>end</syllabic>
          <text>бі</text>
        </lyric>
      </note>
      <backup>
        <duration>8</duration>
      </backup>
      <note default-x="13">
        <pitch>
          <step>A</step>
          <octave>4</octave>
        </pitch>
        <duration>1</duration>
        <voice>2</voice>
        <type>eighth</type>
        <stem default-y="-60">down</stem>
      </note>
      <note default-x="63">
        <pitch>
          <step>G</step>
          <octave>4</octave>
        </pitch>
        <duration>1</duration>
        <voice>2</voice>
        <type>eighth</type>
        <stem default-y="-65">down</stem>
      </note>
      <note default-x="100">
        <pitch>
          <step>A</step>
          <octave>4</octave>
        </pitch>
        <duration>2</duration>
        <voice>2</voice>
        <type>quarter</type>
        <stem default-y="-53">down</stem>
      </note>
      <note default-x="145">
        <pitch>
          <step>F</step>
          <alter>1</alter>
          <octave>4</octave>
        </pitch>
        <duration>4</duration>
        <voice>2</voice>
        <type>half</type>
        <stem default-y="-63">down</stem>
      </note>
    </measure>
    <!--=======================================================-->
    <measure number="3" width="245">
      <note default-x="13">
        <pitch>
          <step>E</step>
          <octave>5</octave>
        </pitch>
        <duration>2</duration>
        <voice>1</voice>
        <type>quarter</type>
        <stem default-y="23.5">up</stem>
        <lyric default-y="-85" number="2">
          <syllabic>begin</syllabic>
          <text>зір</text>
        </lyric>
      </note>
      <note default-x="57">
        <pitch>
          <step>E</step>
          <octave>5</octave>
        </pitch>
        <duration>2</duration>
        <voice>1</voice>
        <type>quarter</type>
        <stem default-y="23.5">up</stem>
        <lyric default-y="-85" number="2">
          <syllabic>end</syllabic>
          <text>ка</text>
        </lyric>
      </note>
      <note default-x="100">
        <pitch>
          <step>E</step>
          <octave>5</octave>
        </pitch>
        <duration>1</duration>
        <voice>1</voice>
        <type>eighth</type>
        <stem default-y="35">up</stem>
        <beam number="1">begin</beam>
        <notations>
          <slur bezier-x="15" bezier-y="14" default-x="13" default-y="40" number="1" placement="above" type="start"/>
        </notations>
        <lyric default-y="-85" number="2">
          <syllabic>begin</syllabic>
          <text>за</text>
        </lyric>
      </note>
      <note default-x="127">
        <pitch>
          <step>D</step>
          <octave>5</octave>
        </pitch>
        <duration>1</duration>
        <voice>1</voice>
        <type>eighth</type>
        <stem default-y="35">up</stem>
        <beam number="1">continue</beam>
      </note>
      <note default-x="156">
        <pitch>
          <step>F</step>
          <octave>5</octave>
        </pitch>
        <duration>1</duration>
        <voice>1</voice>
        <type>eighth</type>
        <accidental>natural</accidental>
        <stem default-y="35">up</stem>
        <beam number="1">end</beam>
        <notations>
          <slur bezier-x="-15" bezier-y="14" default-x="12" default-y="40" number="1" type="stop"/>
        </notations>
      </note>
      <note default-x="183">
        <pitch>
          <step>E</step>
          <octave>5</octave>
        </pitch>
        <duration>1</duration>
        <voice>1</voice>
        <type>eighth</type>
        <stem default-y="30">up</stem>
        <lyric default-y="-85" number="2">
          <syllabic>middle</syllabic>
          <text>сі</text>
        </lyric>
      </note>
      <backup>
        <duration>8</duration>
      </backup>
      <note default-x="13">
        <pitch>
          <step>C</step>
          <octave>5</octave>
        </pitch>
        <duration>2</duration>
        <voice>2</voice>
        <type>quarter</type>
        <stem default-y="-50">down</stem>
      </note>
      <note default-x="57">
        <pitch>
          <step>C</step>
          <octave>5</octave>
        </pitch>
        <duration>2</duration>
        <voice>2</voice>
        <type>quarter</type>
        <stem default-y="-50">down</stem>
      </note>
      <note default-x="100">
        <pitch>
          <step>C</step>
          <octave>5</octave>
        </pitch>
        <duration>1</duration>
        <voice>2</voice>
        <type>eighth</type>
        <stem default-y="-55">down</stem>
        <beam number="1">begin</beam>
        <notations>
          <slur bezier-x="15" bezier-y="-14" default-x="1" default-y="-60" number="1" placement="below" type="start"/>
        </notations>
      </note>
      <note default-x="127">
        <pitch>
          <step>B</step>
          <octave>4</octave>
        </pitch>
        <duration>1</duration>
        <voice>2</voice>
        <type>eighth</type>
        <stem default-y="-55">down</stem>
        <beam number="1">continue</beam>
      </note>
      <note default-x="156">
        <pitch>
          <step>D</step>
          <octave>5</octave>
        </pitch>
        <duration>1</duration>
        <voice>2</voice>
        <type>eighth</type>
        <stem default-y="-55">down</stem>
        <beam number="1">end</beam>
        <notations>
          <slur bezier-x="-15" bezier-y="-14" default-x="0" default-y="-60" number="1" type="stop"/>
        </notations>
      </note>
      <note default-x="183">
        <pitch>
          <step>C</step>
          <octave>5</octave>
        </pitch>
        <duration>1</duration>
        <voice>2</voice>
        <type>eighth</type>
        <stem default-y="-50">down</stem>
      </note>
    </measure>
    <!--=======================================================-->
    <measure number="4" width="255">
      <print new-system="yes">
        <system-layout>
          <system-distance>77</system-distance>
        </system-layout>
      </print>
      <attributes>
        <time>
          <beats>3</beats>
          <beat-type>4</beat-type>
        </time>
      </attributes>
      <note default-x="110">
        <pitch>
          <step>D</step>
          <octave>5</octave>
        </pitch>
        <duration>1</duration>
        <voice>1</voice>
        <type>eighth</type>
        <stem default-y="25">up</stem>
        <beam number="1">begin</beam>
        <notations>
          <slur bezier-x="8" bezier-y="11" default-x="13" default-y="30" number="1" placement="above" type="start"/>
        </notations>
        <lyric default-y="-82" number="2">
          <syllabic>middle</syllabic>
          <text>я</text>
        </lyric>
      </note>
      <note default-x="141">
        <pitch>
          <step>E</step>
          <octave>5</octave>
        </pitch>
        <duration>1</duration>
        <voice>1</voice>
        <type>eighth</type>
        <stem default-y="30">up</stem>
        <beam number="1">end</beam>
        <notations>
          <slur bezier-x="-10" bezier-y="8" default-x="12" default-y="35" number="1" type="stop"/>
        </notations>
      </note>
      <note default-x="172">
        <pitch>
          <step>D</step>
          <octave>5</octave>
        </pitch>
        <duration>4</duration>
        <voice>1</voice>
        <type>half</type>
        <stem default-y="18.5">up</stem>
        <lyric default-y="-82" number="2">
          <syllabic>end</syllabic>
          <text>ла,</text>
        </lyric>
      </note>
      <backup>
        <duration>6</duration>
      </backup>
      <note default-x="110">
        <pitch>
          <step>B</step>
          <octave>4</octave>
        </pitch>
        <duration>2</duration>
        <voice>2</voice>
        <type>quarter</type>
        <stem default-y="-55">down</stem>
      </note>
      <note default-x="172">
        <pitch>
          <step>B</step>
          <octave>4</octave>
        </pitch>
        <duration>4</duration>
        <voice>2</voice>
        <type>half</type>
        <stem default-y="-55">down</stem>
      </note>
    </measure>
    <!--=======================================================-->
    <measure number="5" width="299">
      <barline location="left">
        <bar-style>heavy-light</bar-style>
        <repeat direction="forward" winged="none"/>
      </barline>
      <attributes>
        <time symbol="common">
          <beats>4</beats>
          <beat-type>4</beat-type>
        </time>
      </attributes>
      <note default-x="63">
        <pitch>
          <step>D</step>
          <octave>5</octave>
        </pitch>
        <duration>1</duration>
        <voice>1</voice>
        <type>eighth</type>
        <stem default-y="25">up</stem>
        <lyric default-y="-82" number="2">
          <syllabic>begin</syllabic>
          <text>пли</text>
        </lyric>
      </note>
      <note default-x="98">
        <pitch>
          <step>C</step>
          <octave>5</octave>
        </pitch>
        <duration>1</duration>
        <voice>1</voice>
        <type>eighth</type>
        <stem default-y="20">up</stem>
        <lyric default-y="-82" number="2">
          <syllabic>end</syllabic>
          <text>ла,</text>
        </lyric>
      </note>
      <note default-x="134">
        <pitch>
          <step>B</step>
          <octave>4</octave>
        </pitch>
        <duration>1</duration>
        <voice>1</voice>
        <type>eighth</type>
        <stem default-y="20">up</stem>
        <beam number="1">begin</beam>
        <notations>
          <slur bezier-x="8" bezier-y="11" default-x="13" default-y="25" number="1" placement="above" type="start"/>
        </notations>
        <lyric default-y="-82" number="2" relative-x="9">
          <syllabic>begin</syllabic>
          <text>пли</text>
        </lyric>
      </note>
      <note default-x="170">
        <pitch>
          <step>D</step>
          <octave>5</octave>
        </pitch>
        <duration>1</duration>
        <voice>1</voice>
        <type>eighth</type>
        <stem default-y="25">up</stem>
        <beam number="1">end</beam>
        <notations>
          <slur bezier-x="-11" bezier-y="8" default-x="12" default-y="30" number="1" type="stop"/>
        </notations>
      </note>
      <note default-x="205">
        <pitch>
          <step>D</step>
          <octave>5</octave>
        </pitch>
        <duration>4</duration>
        <voice>1</voice>
        <type>half</type>
        <stem default-y="18.5">up</stem>
        <lyric default-y="-82" number="2">
          <syllabic>end</syllabic>
          <text>ла</text>
        </lyric>
      </note>
      <backup>
        <duration>8</duration>
      </backup>
      <note default-x="63">
        <pitch>
          <step>B</step>
          <octave>4</octave>
        </pitch>
        <duration>1</duration>
        <voice>2</voice>
        <type>eighth</type>
        <stem default-y="-60">down</stem>
        <beam number="1">begin</beam>
      </note>
      <note default-x="98">
        <pitch>
          <step>A</step>
          <octave>4</octave>
        </pitch>
        <duration>1</duration>
        <voice>2</voice>
        <type>eighth</type>
        <stem default-y="-60">down</stem>
        <beam number="1">continue</beam>
      </note>
      <note default-x="134">
        <pitch>
          <step>B</step>
          <octave>4</octave>
        </pitch>
        <duration>1</duration>
        <voice>2</voice>
        <type>eighth</type>
        <stem default-y="-60">down</stem>
        <beam number="1">continue</beam>
      </note>
      <note default-x="170">
        <pitch>
          <step>B</step>
          <octave>4</octave>
        </pitch>
        <duration>1</duration>
        <voice>2</voice>
        <type>eighth</type>
        <stem default-y="-60">down</stem>
        <beam number="1">end</beam>
      </note>
      <note default-x="205">
        <pitch>
          <step>B</step>
          <octave>4</octave>
        </pitch>
        <duration>4</duration>
        <voice>2</voice>
        <type>half</type>
        <stem default-y="-55">down</stem>
      </note>
      <backup>
        <duration>8</duration>
      </backup>
      <note default-x="63">
        <rest>
          <display-step>D</display-step>
          <display-octave>4</display-octave>
        </rest>
        <duration>2</duration>
        <voice>3</voice>
        <type>quarter</type>
      </note>
      <note default-x="134">
        <pitch>
          <step>G</step>
          <octave>4</octave>
        </pitch>
        <duration>2</duration>
        <voice>3</voice>
        <type>quarter</type>
        <stem default-y="5">up</stem>
      </note>
      <note default-x="205">
        <pitch>
          <step>G</step>
          <octave>4</octave>
        </pitch>
        <duration>4</duration>
        <voice>3</voice>
        <type>half</type>
        <stem default-y="5">up</stem>
      </note>
    </measure>
    <!--=======================================================-->
    <measure number="6" width="286">
      <note default-x="13">
        <pitch>
          <step>C</step>
          <octave>5</octave>
        </pitch>
        <duration>1</duration>
        <voice>1</voice>
        <type>eighth</type>
        <stem default-y="20">up</stem>
        <lyric default-y="-82" number="2">
          <syllabic>single</syllabic>
          <text>між</text>
        </lyric>
      </note>
      <note default-x="55">
        <pitch>
          <step>B</step>
          <octave>4</octave>
        </pitch>
        <duration>1</duration>
        <voice>1</voice>
        <type>eighth</type>
        <stem default-y="15">up</stem>
        <lyric default-y="-82" number="2">
          <syllabic>begin</syllabic>
          <text>хма</text>
        </lyric>
      </note>
      <note default-x="95">
        <pitch>
          <step>C</step>
          <octave>5</octave>
        </pitch>
        <duration>2</duration>
        <voice>1</voice>
        <type>quarter</type>
        <stem default-y="13.5">up</stem>
        <lyric default-y="-82" number="2">
          <syllabic>middle</syllabic>
          <text>ра</text>
        </lyric>
      </note>
      <note default-x="155">
        <pitch>
          <step>A</step>
          <octave>4</octave>
        </pitch>
        <duration>4</duration>
        <voice>1</voice>
        <type>half</type>
        <stem default-y="10">up</stem>
        <lyric default-y="-82" number="2">
          <syllabic>end</syllabic>
          <text>ми,</text>
        </lyric>
      </note>
      <backup>
        <duration>8</duration>
      </backup>
      <note default-x="13">
        <pitch>
          <step>A</step>
          <octave>4</octave>
        </pitch>
        <duration>1</duration>
        <voice>2</voice>
        <type>eighth</type>
        <stem default-y="-60">down</stem>
      </note>
      <note default-x="55">
        <pitch>
          <step>G</step>
          <octave>4</octave>
        </pitch>
        <duration>1</duration>
        <voice>2</voice>
        <type>eighth</type>
        <stem default-y="-65">down</stem>
      </note>
      <note default-x="95">
        <pitch>
          <step>A</step>
          <octave>4</octave>
        </pitch>
        <duration>2</duration>
        <voice>2</voice>
        <type>quarter</type>
        <stem default-y="-53">down</stem>
      </note>
      <note default-x="155">
        <pitch>
          <step>F</step>
          <alter>1</alter>
          <octave>4</octave>
        </pitch>
        <duration>4</duration>
        <voice>2</voice>
        <type>half</type>
        <stem default-y="-63">down</stem>
      </note>
      <backup>
        <duration>8</duration>
      </backup>
      <note default-x="13">
        <rest>
          <display-step>A</display-step>
          <display-octave>3</display-octave>
        </rest>
        <duration>2</duration>
        <voice>3</voice>
        <type>quarter</type>
      </note>
      <note default-x="95">
        <pitch>
          <step>F</step>
          <alter>1</alter>
          <octave>4</octave>
        </pitch>
        <duration>2</duration>
        <voice>3</voice>
        <type>quarter</type>
        <stem default-y="0">up</stem>
      </note>
      <note default-x="155">
        <pitch>
          <step>D</step>
          <octave>4</octave>
        </pitch>
        <duration>4</duration>
        <voice>3</voice>
        <type>half</type>
        <stem default-y="-10">up</stem>
      </note>
    </measure>
    <!--=======================================================-->
    <measure number="7" width="375">
      <print new-system="yes">
        <system-layout>
          <system-distance>78</system-distance>
        </system-layout>
      </print>
      <attributes>
        <time>
          <beats>3</beats>
          <beat-type>4</beat-type>
        </time>
      </attributes>
      <note default-x="110">
        <pitch>
          <step>E</step>
          <octave>5</octave>
        </pitch>
        <duration>2</duration>
        <voice>1</voice>
        <type>quarter</type>
        <stem default-y="23.5">up</stem>
        <lyric default-y="-74" number="2">
          <syllabic>single</syllabic>
          <text>над</text>
        </lyric>
      </note>
      <note default-x="191">
        <pitch>
          <step>E</step>
          <octave>5</octave>
        </pitch>
        <duration>2</duration>
        <voice>1</voice>
        <type>quarter</type>
        <stem default-y="23.5">up</stem>
        <lyric default-y="-74" number="2">
          <syllabic>begin</syllabic>
          <text>шіп</text>
        </lyric>
      </note>
      <note default-x="273">
        <pitch>
          <step>D</step>
          <octave>5</octave>
        </pitch>
        <duration>1</duration>
        <voice>1</voice>
        <type>eighth</type>
        <stem default-y="25">up</stem>
        <lyric default-y="-74" number="2">
          <syllabic>middle</syllabic>
          <text>ко</text>
        </lyric>
      </note>
      <note default-x="324">
        <pitch>
          <step>C</step>
          <octave>5</octave>
        </pitch>
        <duration>1</duration>
        <voice>1</voice>
        <type>eighth</type>
        <stem default-y="20">up</stem>
        <lyric default-y="-74" number="2">
          <syllabic>end</syllabic>
          <text>ю</text>
        </lyric>
      </note>
      <backup>
        <duration>6</duration>
      </backup>
      <note default-x="110">
        <pitch>
          <step>C</step>
          <octave>5</octave>
        </pitch>
        <duration>2</duration>
        <voice>2</voice>
        <type>quarter</type>
        <stem default-y="-50">down</stem>
      </note>
      <note default-x="191">
        <pitch>
          <step>C</step>
          <octave>5</octave>
        </pitch>
        <duration>2</duration>
        <voice>2</voice>
        <type>quarter</type>
        <stem default-y="-50">down</stem>
      </note>
      <note default-x="273">
        <pitch>
          <step>B</step>
          <octave>4</octave>
        </pitch>
        <duration>1</duration>
        <voice>2</voice>
        <type>eighth</type>
        <stem default-y="-55">down</stem>
      </note>
      <note default-x="324">
        <pitch>
          <step>A</step>
          <octave>4</octave>
        </pitch>
        <duration>1</duration>
        <voice>2</voice>
        <type>eighth</type>
        <stem default-y="-60">down</stem>
      </note>
    </measure>
    <!--=======================================================-->
    <measure number="8" width="225">
      <barline location="left">
        <ending default-y="40" end-length="30" font-size="10" number="1" print-object="yes" system="only-top" type="start">1</ending>
      </barline>
      <attributes>
        <time>
          <beats>2</beats>
          <beat-type>4</beat-type>
        </time>
      </attributes>
      <note default-x="46">
        <pitch>
          <step>D</step>
          <octave>5</octave>
        </pitch>
        <duration>2</duration>
        <voice>1</voice>
        <type>quarter</type>
        <stem default-y="18.5">up</stem>
        <lyric default-y="-74" number="2">
          <syllabic>begin</syllabic>
          <text>ста</text>
        </lyric>
      </note>
      <note default-x="118">
        <pitch>
          <step>B</step>
          <octave>4</octave>
        </pitch>
        <duration>1</duration>
        <voice>1</voice>
        <type>eighth</type>
        <stem default-y="20">up</stem>
        <beam number="1">begin</beam>
        <notations>
          <slur bezier-x="11" bezier-y="13" default-x="13" default-y="25" number="1" placement="above" type="start"/>
        </notations>
        <lyric default-y="-74" number="2" relative-x="3">
          <syllabic>end</syllabic>
          <text>ла.</text>
        </lyric>
      </note>
      <note default-x="162">
        <pitch>
          <step>D</step>
          <octave>5</octave>
        </pitch>
        <duration>1</duration>
        <voice>1</voice>
        <type>eighth</type>
        <stem default-y="25">up</stem>
        <beam number="1">end</beam>
        <notations>
          <slur bezier-x="-14" bezier-y="10" default-x="12" default-y="30" number="1" type="stop"/>
        </notations>
      </note>
      <backup>
        <duration>4</duration>
      </backup>
      <note default-x="46">
        <pitch>
          <step>B</step>
          <octave>4</octave>
        </pitch>
        <duration>2</duration>
        <voice>2</voice>
        <type>quarter</type>
        <stem default-y="-55">down</stem>
      </note>
      <note default-x="118">
        <pitch>
          <step>B</step>
          <octave>4</octave>
        </pitch>
        <duration>1</duration>
        <voice>2</voice>
        <type>eighth</type>
        <stem default-y="-55">down</stem>
        <beam number="1">begin</beam>
      </note>
      <note default-x="162">
        <pitch>
          <step>B</step>
          <octave>4</octave>
        </pitch>
        <duration>1</duration>
        <voice>2</voice>
        <type>eighth</type>
        <stem default-y="-55">down</stem>
        <beam number="1">end</beam>
      </note>
      <backup>
        <duration>4</duration>
      </backup>
      <note default-x="46">
        <pitch>
          <step>G</step>
          <octave>4</octave>
        </pitch>
        <duration>2</duration>
        <voice>3</voice>
        <type>quarter</type>
        <stem default-y="5">up</stem>
      </note>
      <note default-x="118">
        <pitch>
          <step>G</step>
          <octave>4</octave>
        </pitch>
        <duration>2</duration>
        <voice>3</voice>
        <type>quarter</type>
        <stem default-y="5">up</stem>
      </note>
      <barline location="right">
        <bar-style>light-heavy</bar-style>
        <ending number="1" print-object="yes" system="only-top" type="stop"/>
        <repeat direction="backward" winged="none"/>
      </barline>
    </measure>
    <!--=======================================================-->
    <measure number="9" width="240">
      <barline location="left">
        <ending default-y="40" end-length="30" font-size="10" number="2" print-object="yes" system="only-top" type="start">2</ending>
      </barline>
      <attributes>
        <time>
          <beats>3</beats>
          <beat-type>4</beat-type>
        </time>
      </attributes>
      <note default-x="45">
        <pitch>
          <step>D</step>
          <octave>5</octave>
        </pitch>
        <duration>2</duration>
        <voice>1</voice>
        <type>quarter</type>
        <stem default-y="18.5">up</stem>
        <lyric default-y="-74" number="2">
          <syllabic>begin</syllabic>
          <text>ста</text>
        </lyric>
      </note>
      <note default-x="116">
        <pitch>
          <step>B</step>
          <octave>4</octave>
        </pitch>
        <duration>4</duration>
        <voice>1</voice>
        <type>half</type>
        <stem default-y="15">up</stem>
        <lyric default-y="-74" number="2">
          <syllabic>end</syllabic>
          <text>ла.</text>
        </lyric>
      </note>
      <backup>
        <duration>6</duration>
      </backup>
      <note default-x="45">
        <pitch>
          <step>B</step>
          <octave>4</octave>
        </pitch>
        <duration>2</duration>
        <voice>2</voice>
        <type>quarter</type>
        <stem default-y="-55">down</stem>
      </note>
      <note default-x="116">
        <pitch>
          <step>G</step>
          <octave>4</octave>
        </pitch>
        <duration>4</duration>
        <voice>2</voice>
        <type>half</type>
        <stem default-y="-58">down</stem>
      </note>
      <backup>
        <duration>6</duration>
      </backup>
      <note default-x="45">
        <pitch>
          <step>G</step>
          <octave>4</octave>
        </pitch>
        <duration>2</duration>
        <voice>3</voice>
        <type>quarter</type>
        <stem default-y="5">up</stem>
      </note>
      <note default-x="115">
        <rest>
          <display-step>B</display-step>
          <display-octave>3</display-octave>
        </rest>
        <duration>4</duration>
        <voice>3</voice>
        <type>half</type>
      </note>
      <barline location="right">
        <bar-style>light-heavy</bar-style>
        <ending number="2" print-object="yes" system="only-top" type="stop"/>
      </barline>
    </measure>
  </part>
  <!--=========================================================-->
</score-partwise>
