<?xml version="1.0" encoding="UTF-8" standalone="no"?>
<!DOCTYPE score-partwise PUBLIC "-//Recordare//DTD MusicXML 4.0 Partwise//EN" "http://www.musicxml.org/dtds/partwise.dtd">
<score-partwise version="4.0">
  <identification>
    <encoding>
      <software>Finale v27.3 for Windows</software>
      <encoding-date>2024-05-20</encoding-date>
      <supports attribute="new-system" element="print" type="yes" value="yes"/>
      <supports attribute="new-page" element="print" type="yes" value="yes"/>
      <supports element="accidental" type="yes"/>
      <supports element="beam" type="yes"/>
      <supports element="stem" type="yes"/>
    </encoding>
  </identification>
  <defaults>
    <scaling>
      <millimeters>8.4667</millimeters>
      <tenths>40</tenths>
    </scaling>
    <page-layout>
      <page-height>1320</page-height>
      <page-width>1020</page-width>
      <page-margins type="both">
        <left-margin>60</left-margin>
        <right-margin>60</right-margin>
        <top-margin>60</top-margin>
        <bottom-margin>60</bottom-margin>
      </page-margins>
    </page-layout>
    <system-layout>
      <system-margins>
        <left-margin>66</left-margin>
        <right-margin>0</right-margin>
      </system-margins>
      <system-distance>505</system-distance>
      <top-system-distance>462</top-system-distance>
    </system-layout>
    <appearance>
      <line-width type="stem">0.7682</line-width>
      <line-width type="beam">5</line-width>
      <line-width type="staff">0.7682</line-width>
      <line-width type="light barline">0.7682</line-width>
      <line-width type="heavy barline">5</line-width>
      <line-width type="leger">0.7682</line-width>
      <line-width type="ending">0.7682</line-width>
      <line-width type="wedge">0.7682</line-width>
      <line-width type="enclosure">0.7682</line-width>
      <line-width type="tuplet bracket">0.7682</line-width>
      <note-size type="grace">50</note-size>
      <note-size type="cue">50</note-size>
      <distance type="hyphen">60</distance>
      <distance type="beam">7.5</distance>
    </appearance>
    <music-font font-family="Finale Maestro,engraved" font-size="24"/>
    <word-font font-family="Times New Roman" font-size="12"/>
    <lyric-font font-family="Times New Roman" font-size="12"/>
  </defaults>
  <credit page="1">
    <credit-words default-x="123" default-y="150" valign="top" xml:space="preserve">Зап. 2003 р. Панчук О. В. у с. Волиця Керекешина Старокостянтинівського р-ну Хмельницької 
обл. від Головко Надії Миколаївни, 1929 р. н. та Мотузяк Валентини Іванівни, 1959 р. н. – Касета 
№ 3, ст. А, № 6. Нотація та ред. тексту Єфремової Л. О., № 40.</credit-words>
  </credit>
  <credit page="1">
    <credit-words default-x="131" default-y="785" font-size="17" valign="top" xml:space="preserve">1. Наша Маланя 
Господиня,
|: Вона поміла 
Й помастила. :|
Ой щедрий вечір, 
Святий вечір,
|: Йа добрим людям 
На весь вечір! :|*
2. Вона помила 
Й помастила,
|: На ополонці 
Ложкі міла.:|
 
3. На ополонці 
Ложкі міла,
|: Ложку (й) тарілку 
Йутопила. :|</credit-words>
  </credit>
  <credit page="1">
    <credit-words default-x="346" default-y="1062" font-size="19" valign="top">136. Наша Маланя (ОК-ТМ-02)</credit-words>
  </credit>
  <credit page="1">
    <credit-words default-x="317" default-y="1008" font-size="11" valign="top">=</credit-words>
    <credit-words font-size="12"> 168 Помірно</credit-words>
  </credit>
  <credit page="1">
    <credit-words default-x="121" default-y="83" valign="top">* Цей рефрен виконують за кожною строфою пісні на мелодію основної строфи. (Л. Є.)</credit-words>
  </credit>
  <credit page="1">
    <credit-words default-x="736" default-y="778" font-size="17" valign="top" xml:space="preserve">|: Вісуши хвартух 
Білесенькій. :|
8. Ой учора 
Із вечора
Пасла Яруся 
Два качора,
Пасла Маланя 
Два качора.
9. Ой пасла вона, 
Загонила,
|: В темному гаю 
Заблудила. :|
10. Аж там Якита 
Плужком горе,
|: Малані з блуду 
(Й) не виводе. :|</credit-words>
  </credit>
  <credit page="1">
    <credit-words default-x="197" default-y="533" valign="top">а</credit-words>
  </credit>
  <credit page="1">
    <credit-words default-x="439" default-y="779" font-size="17" valign="top" xml:space="preserve">6. Ой повій, вітре, 
Сюди-туди,
|: Вісуши хвартух 
Меже люди. :|
7. Ой повій, вітре, 
Меж ворота,
|: Висуши хвартух 
Краще злота. :|
4. Ложку, тарілку 
Йупустила,
|: Білий хвартушок 
Замочила. :|
5. Ой повій, вітре 
Буйнесенькій,</credit-words>
  </credit>
  <part-list>
    <score-part id="P1">
      <part-name print-object="no">MusicXML Part</part-name>
      <group>score</group>
      <score-instrument id="P1-I1">
        <instrument-name>Èíñòðóìåíò 1</instrument-name>
      </score-instrument>
      <midi-instrument id="P1-I1">
        <midi-channel>1</midi-channel>
        <midi-program>1</midi-program>
        <volume>80</volume>
        <pan>0</pan>
      </midi-instrument>
    </score-part>
  </part-list>
  <!--=========================================================-->
  <part id="P1">
    <measure number="1" width="340">
      <print>
        <page-layout>
          <page-height>1320</page-height>
          <page-width>1020</page-width>
          <page-margins>
            <left-margin>118</left-margin>
            <right-margin>60</right-margin>
            <top-margin>60</top-margin>
            <bottom-margin>60</bottom-margin>
          </page-margins>
        </page-layout>
        <system-layout>
          <system-margins>
            <left-margin>55</left-margin>
            <right-margin>11</right-margin>
          </system-margins>
          <top-system-distance>287</top-system-distance>
        </system-layout>
        <measure-numbering>none</measure-numbering>
      </print>
      <attributes>
        <divisions>2</divisions>
        <key>
          <fifths>-1</fifths>
          <mode>major</mode>
        </key>
        <time>
          <beats>6</beats>
          <beat-type>8</beat-type>
        </time>
        <clef>
          <sign>G</sign>
          <line>2</line>
          <clef-octave-change>-1</clef-octave-change>
        </clef>
      </attributes>
      <sound tempo="84">
        <swing>
          <straight/>
        </swing>
      </sound>
      <direction placement="above">
        <direction-type>
          <words default-y="17" relative-x="-55">eighth note</words>
        </direction-type>
      </direction>
      <note default-x="107">
        <pitch>
          <step>D</step>
          <octave>3</octave>
        </pitch>
        <duration>1</duration>
        <voice>1</voice>
        <type>eighth</type>
        <stem default-y="-10">up</stem>
        <lyric default-y="-71" number="1">
          <syllabic>single</syllabic>
          <text>1.</text>
          <elision> </elision>
          <syllabic>begin</syllabic>
          <text>На</text>
        </lyric>
      </note>
      <note default-x="151">
        <pitch>
          <step>G</step>
          <octave>3</octave>
        </pitch>
        <duration>1</duration>
        <voice>1</voice>
        <type>eighth</type>
        <stem default-y="5">up</stem>
        <lyric default-y="-71" number="1">
          <syllabic>end</syllabic>
          <text>ша</text>
        </lyric>
      </note>
      <direction placement="below">
        <direction-type>
          <words default-y="-25">( )</words>
        </direction-type>
      </direction>
      <note default-x="193">
        <pitch>
          <step>A</step>
          <octave>3</octave>
        </pitch>
        <duration>1</duration>
        <voice>1</voice>
        <type>eighth</type>
        <stem default-y="10">up</stem>
        <lyric default-y="-71" number="1">
          <syllabic>begin</syllabic>
          <text>Ма</text>
        </lyric>
      </note>
      <note default-x="235">
        <pitch>
          <step>B</step>
          <alter>-1</alter>
          <octave>3</octave>
        </pitch>
        <duration>2</duration>
        <voice>1</voice>
        <type>quarter</type>
        <stem default-y="-55">down</stem>
        <lyric default-y="-71" number="1">
          <syllabic>middle</syllabic>
          <text>ла</text>
        </lyric>
      </note>
      <note default-x="299">
        <pitch>
          <step>B</step>
          <alter>-1</alter>
          <octave>3</octave>
        </pitch>
        <duration>1</duration>
        <voice>1</voice>
        <type>eighth</type>
        <stem default-y="-55">down</stem>
        <lyric default-y="-71" number="1">
          <syllabic>end</syllabic>
          <text>ня</text>
        </lyric>
      </note>
    </measure>
    <!--=======================================================-->
    <measure number="2" width="195">
      <note default-x="13">
        <pitch>
          <step>G</step>
          <octave>3</octave>
        </pitch>
        <duration>1</duration>
        <voice>1</voice>
        <type>eighth</type>
        <stem default-y="5">up</stem>
        <lyric default-y="-71" number="1">
          <syllabic>begin</syllabic>
          <text>гос</text>
        </lyric>
      </note>
      <note default-x="48">
        <pitch>
          <step>D</step>
          <octave>4</octave>
        </pitch>
        <duration>2</duration>
        <voice>1</voice>
        <type>quarter</type>
        <stem default-y="-45">down</stem>
        <lyric default-y="-71" number="1">
          <syllabic>middle</syllabic>
          <text>по</text>
        </lyric>
      </note>
      <note default-x="104">
        <pitch>
          <step>C</step>
          <alter>1</alter>
          <octave>4</octave>
        </pitch>
        <duration>2</duration>
        <voice>1</voice>
        <type>quarter</type>
        <accidental>sharp</accidental>
        <stem default-y="-50">down</stem>
        <lyric default-y="-71" number="1">
          <syllabic>middle</syllabic>
          <text>ди</text>
        </lyric>
      </note>
      <note default-x="159">
        <pitch>
          <step>D</step>
          <octave>4</octave>
        </pitch>
        <duration>1</duration>
        <voice>1</voice>
        <type>eighth</type>
        <stem default-y="-45">down</stem>
        <lyric default-y="-71" number="1">
          <syllabic>end</syllabic>
          <text>ня,</text>
        </lyric>
      </note>
    </measure>
    <!--=======================================================-->
    <measure number="3" width="241">
      <note default-x="13">
        <pitch>
          <step>B</step>
          <alter>-1</alter>
          <octave>3</octave>
        </pitch>
        <duration>1</duration>
        <voice>1</voice>
        <type>eighth</type>
        <stem default-y="-55">down</stem>
        <lyric default-y="-71" number="1">
          <syllabic>begin</syllabic>
          <text>во</text>
        </lyric>
      </note>
      <note default-x="54">
        <pitch>
          <step>A</step>
          <octave>3</octave>
        </pitch>
        <duration>1</duration>
        <voice>1</voice>
        <type>eighth</type>
        <stem default-y="10">up</stem>
        <lyric default-y="-71" number="1">
          <syllabic>end</syllabic>
          <text>на</text>
        </lyric>
      </note>
      <note default-x="94">
        <pitch>
          <step>G</step>
          <octave>3</octave>
        </pitch>
        <duration>1</duration>
        <voice>1</voice>
        <type>eighth</type>
        <stem default-y="5">up</stem>
        <lyric default-y="-71" number="1">
          <syllabic>begin</syllabic>
          <text>по</text>
        </lyric>
      </note>
      <note default-x="135">
        <pitch>
          <step>A</step>
          <octave>3</octave>
        </pitch>
        <duration>2</duration>
        <voice>1</voice>
        <type>quarter</type>
        <stem default-y="10">up</stem>
        <lyric default-y="-71" number="1">
          <syllabic>middle</syllabic>
          <text>мі</text>
        </lyric>
      </note>
      <note default-x="198">
        <pitch>
          <step>A</step>
          <octave>3</octave>
        </pitch>
        <duration>1</duration>
        <voice>1</voice>
        <type>eighth</type>
        <stem default-y="10">up</stem>
        <lyric default-y="-71" number="1" relative-x="8">
          <syllabic>end</syllabic>
          <text>ла</text>
          <elision> </elision>
          <syllabic>single</syllabic>
          <text>й</text>
        </lyric>
      </note>
    </measure>
    <!--=======================================================-->
    <measure number="4" width="301">
      <print new-system="yes">
        <system-layout>
          <system-margins>
            <left-margin>0</left-margin>
            <right-margin>0</right-margin>
          </system-margins>
          <system-distance>51</system-distance>
        </system-layout>
      </print>
      <note default-x="75">
        <pitch>
          <step>C</step>
          <octave>4</octave>
        </pitch>
        <duration>1</duration>
        <voice>1</voice>
        <type>eighth</type>
        <stem default-y="-50">down</stem>
        <lyric default-y="-71" number="1">
          <syllabic>begin</syllabic>
          <text>по</text>
        </lyric>
      </note>
      <note default-x="115">
        <pitch>
          <step>B</step>
          <alter>-1</alter>
          <octave>3</octave>
        </pitch>
        <duration>1</duration>
        <voice>1</voice>
        <type>eighth</type>
        <stem default-y="15">up</stem>
        <beam number="1">begin</beam>
        <notations>
          <slur bezier-x="11" bezier-y="-11" default-x="6" default-y="-33" number="1" placement="below" type="start"/>
        </notations>
        <lyric default-y="-71" number="1" relative-x="9">
          <syllabic>middle</syllabic>
          <text>мас</text>
        </lyric>
      </note>
      <note default-x="155">
        <pitch>
          <step>A</step>
          <octave>3</octave>
        </pitch>
        <duration>1</duration>
        <voice>1</voice>
        <type>eighth</type>
        <stem default-y="10">up</stem>
        <beam number="1">end</beam>
        <notations>
          <slur bezier-x="-12" bezier-y="-10" default-x="6" default-y="-35" number="1" type="stop"/>
        </notations>
      </note>
      <note default-x="195">
        <pitch>
          <step>G</step>
          <octave>3</octave>
        </pitch>
        <duration>2</duration>
        <voice>1</voice>
        <type>quarter</type>
        <stem default-y="5">up</stem>
        <lyric default-y="-71" number="1">
          <syllabic>middle</syllabic>
          <text>ти</text>
        </lyric>
      </note>
      <note default-x="260">
        <pitch>
          <step>A</step>
          <octave>3</octave>
        </pitch>
        <duration>1</duration>
        <voice>1</voice>
        <type>eighth</type>
        <stem default-y="10">up</stem>
        <lyric default-y="-71" number="1">
          <syllabic>end</syllabic>
          <text>ла,</text>
        </lyric>
      </note>
    </measure>
    <!--=======================================================-->
    <measure number="5" width="290">
      <note default-x="13">
        <pitch>
          <step>B</step>
          <alter>-1</alter>
          <octave>3</octave>
        </pitch>
        <duration>1</duration>
        <voice>1</voice>
        <type>eighth</type>
        <stem default-y="-55">down</stem>
        <lyric default-y="-71" number="1">
          <syllabic>begin</syllabic>
          <text>во</text>
        </lyric>
      </note>
      <note default-x="63">
        <pitch>
          <step>A</step>
          <octave>3</octave>
        </pitch>
        <duration>1</duration>
        <voice>1</voice>
        <type>eighth</type>
        <stem default-y="10">up</stem>
        <lyric default-y="-71" number="1">
          <syllabic>end</syllabic>
          <text>на</text>
        </lyric>
      </note>
      <note default-x="112">
        <pitch>
          <step>G</step>
          <octave>3</octave>
        </pitch>
        <duration>1</duration>
        <voice>1</voice>
        <type>eighth</type>
        <stem default-y="5">up</stem>
        <lyric default-y="-71" number="1">
          <syllabic>begin</syllabic>
          <text>по</text>
        </lyric>
      </note>
      <note default-x="161">
        <pitch>
          <step>A</step>
          <octave>3</octave>
        </pitch>
        <duration>2</duration>
        <voice>1</voice>
        <type>quarter</type>
        <stem default-y="10">up</stem>
        <lyric default-y="-71" number="1">
          <syllabic>middle</syllabic>
          <text>мі</text>
        </lyric>
      </note>
      <note default-x="240">
        <pitch>
          <step>A</step>
          <octave>3</octave>
        </pitch>
        <duration>1</duration>
        <voice>1</voice>
        <type>eighth</type>
        <stem default-y="10">up</stem>
        <lyric default-y="-71" number="1" relative-x="5">
          <syllabic>end</syllabic>
          <text>ла</text>
          <elision> </elision>
          <syllabic>single</syllabic>
          <text>й</text>
        </lyric>
      </note>
    </measure>
    <!--=======================================================-->
    <measure number="6" width="250">
      <note default-x="13">
        <pitch>
          <step>C</step>
          <octave>4</octave>
        </pitch>
        <duration>1</duration>
        <voice>1</voice>
        <type>eighth</type>
        <stem default-y="-50">down</stem>
        <lyric default-y="-71" number="1">
          <syllabic>begin</syllabic>
          <text>по</text>
        </lyric>
      </note>
      <note default-x="58">
        <pitch>
          <step>B</step>
          <alter>-1</alter>
          <octave>3</octave>
        </pitch>
        <duration>1</duration>
        <voice>1</voice>
        <type>eighth</type>
        <stem default-y="15">up</stem>
        <beam number="1">begin</beam>
        <notations>
          <slur bezier-x="12" bezier-y="-12" default-x="6" default-y="-33" number="1" placement="below" type="start"/>
        </notations>
        <lyric default-y="-71" number="1" relative-x="9">
          <syllabic>middle</syllabic>
          <text>мас</text>
        </lyric>
      </note>
      <note default-x="102">
        <pitch>
          <step>A</step>
          <octave>3</octave>
        </pitch>
        <duration>1</duration>
        <voice>1</voice>
        <type>eighth</type>
        <stem default-y="10">up</stem>
        <beam number="1">end</beam>
        <notations>
          <slur bezier-x="-13" bezier-y="-11" default-x="6" default-y="-35" number="1" type="stop"/>
        </notations>
      </note>
      <note default-x="146">
        <pitch>
          <step>G</step>
          <octave>3</octave>
        </pitch>
        <duration>3</duration>
        <voice>1</voice>
        <type>quarter</type>
        <dot/>
        <stem default-y="5">up</stem>
        <lyric default-y="-71" number="1" relative-x="20">
          <syllabic>end</syllabic>
          <text>ти(ла).</text>
        </lyric>
      </note>
      <barline location="right">
        <bar-style>light-heavy</bar-style>
      </barline>
    </measure>
  </part>
  <!--=========================================================-->
</score-partwise>
