<?xml version="1.0" encoding="UTF-8" standalone="no"?>
<!DOCTYPE score-partwise PUBLIC "-//Recordare//DTD MusicXML 4.0 Partwise//EN" "http://www.musicxml.org/dtds/partwise.dtd">
<score-partwise version="4.0">
  <identification>
    <encoding>
      <software>Finale v27.3 for Windows</software>
      <encoding-date>2024-04-19</encoding-date>
      <supports attribute="new-system" element="print" type="yes" value="yes"/>
      <supports attribute="new-page" element="print" type="yes" value="yes"/>
      <supports element="accidental" type="yes"/>
      <supports element="beam" type="yes"/>
      <supports element="stem" type="yes"/>
    </encoding>
  </identification>
  <defaults>
    <scaling>
      <millimeters>8.4667</millimeters>
      <tenths>40</tenths>
    </scaling>
    <page-layout>
      <page-height>1320</page-height>
      <page-width>1020</page-width>
      <page-margins type="both">
        <left-margin>60</left-margin>
        <right-margin>60</right-margin>
        <top-margin>60</top-margin>
        <bottom-margin>60</bottom-margin>
      </page-margins>
    </page-layout>
    <system-layout>
      <system-margins>
        <left-margin>0</left-margin>
        <right-margin>0</right-margin>
      </system-margins>
      <system-distance>110</system-distance>
      <top-system-distance>67</top-system-distance>
    </system-layout>
    <appearance>
      <line-width type="stem">0.7682</line-width>
      <line-width type="beam">5</line-width>
      <line-width type="staff">0.7682</line-width>
      <line-width type="light barline">0.7682</line-width>
      <line-width type="heavy barline">5</line-width>
      <line-width type="leger">0.7682</line-width>
      <line-width type="ending">0.7682</line-width>
      <line-width type="wedge">0.7682</line-width>
      <line-width type="enclosure">0.7682</line-width>
      <line-width type="tuplet bracket">0.7682</line-width>
      <note-size type="grace">50</note-size>
      <note-size type="cue">50</note-size>
      <distance type="hyphen">60</distance>
      <distance type="beam">7.5</distance>
    </appearance>
    <music-font font-family="Maestro,engraved" font-size="24"/>
    <word-font font-family="Times New Roman" font-size="12"/>
    <lyric-font font-family="Times New Roman" font-size="12"/>
  </defaults>
  <credit page="1">
    <credit-words default-x="330" default-y="1260" font-size="19" valign="top">44. Щедрий вечір (ОК-ЩК-02)</credit-words>
  </credit>
  <credit page="1">
    <credit-words default-x="332" default-y="1212" valign="top">Помірно</credit-words>
  </credit>
  <credit page="1">
    <credit-words default-x="168" default-y="998" font-size="17" valign="top" xml:space="preserve">1. Щедрий вечір,
Добрий вечір
Добрим людям 
На весь вечір.

2. Знаєм, що 
Господар вдома
Сидить собі 
Кінець стола.</credit-words>
  </credit>
  <credit page="1">
    <credit-words default-x="125" default-y="615" valign="top" xml:space="preserve">Зап. 1960 р. Нагорний Л. С. у с. Баламутівка Ярмолинецького р-ну Хмельницької обл. вд учасни-
ків колишнього церковного хору: Старцуна Прокопа Оксентовича, Мосьондза Миколи Петровича 
та ін.</credit-words>
  </credit>
  <credit page="1">
    <credit-words default-x="713" default-y="998" font-size="17" valign="top" xml:space="preserve">5. Повно грошей, –
Аж по вінця,
А тих грошей –
Сім червінців.

6. А тих грошей –
Сім червінців,
Буде всім нам 
На гостинці.</credit-words>
  </credit>
  <credit page="1">
    <credit-words default-x="447" default-y="998" font-size="17" valign="top" xml:space="preserve">3. Сидить собі
Кінець стола,
А на ньому
Шуба нова.

4. Шуба нова 
І хороша,
А в кишенях
Повно грошей.</credit-words>
  </credit>
  <credit page="1">
    <credit-words default-x="530" default-y="43" valign="top">61</credit-words>
  </credit>
  <part-list>
    <score-part id="P1">
      <part-name print-object="no">MusicXML Part</part-name>
      <group>score</group>
      <score-instrument id="P1-I1">
        <instrument-name>Èíñòðóìåíò 1</instrument-name>
      </score-instrument>
      <midi-instrument id="P1-I1">
        <midi-channel>1</midi-channel>
        <midi-program>1</midi-program>
        <volume>80</volume>
        <pan>0</pan>
      </midi-instrument>
    </score-part>
  </part-list>
  <!--=========================================================-->
  <part id="P1">
    <measure number="1" width="306">
      <print>
        <page-layout>
          <page-height>1320</page-height>
          <page-width>1020</page-width>
          <page-margins>
            <left-margin>120</left-margin>
            <right-margin>60</right-margin>
            <top-margin>60</top-margin>
            <bottom-margin>60</bottom-margin>
          </page-margins>
        </page-layout>
        <system-layout>
          <system-margins>
            <left-margin>61</left-margin>
            <right-margin>0</right-margin>
          </system-margins>
          <top-system-distance>74</top-system-distance>
        </system-layout>
        <measure-numbering>none</measure-numbering>
      </print>
      <attributes>
        <divisions>4</divisions>
        <key>
          <fifths>-3</fifths>
          <mode>major</mode>
        </key>
        <time>
          <beats>3</beats>
          <beat-type>4</beat-type>
        </time>
        <clef>
          <sign>G</sign>
          <line>2</line>
        </clef>
      </attributes>
      <sound tempo="96">
        <swing>
          <straight/>
        </swing>
      </sound>
      <note default-x="158">
        <pitch>
          <step>B</step>
          <alter>-1</alter>
          <octave>3</octave>
        </pitch>
        <duration>2</duration>
        <voice>1</voice>
        <type>eighth</type>
        <stem default-y="-20">up</stem>
        <lyric default-y="-79" number="1" relative-x="-8">
          <syllabic>single</syllabic>
          <text>1.</text>
          <elision> </elision>
          <syllabic>begin</syllabic>
          <text>Щед</text>
        </lyric>
      </note>
      <note default-x="200">
        <pitch>
          <step>B</step>
          <alter>-1</alter>
          <octave>3</octave>
        </pitch>
        <duration>2</duration>
        <voice>1</voice>
        <type>eighth</type>
        <stem default-y="-20">up</stem>
        <lyric default-y="-79" number="1">
          <syllabic>end</syllabic>
          <text>рий</text>
        </lyric>
      </note>
      <note default-x="231">
        <pitch>
          <step>E</step>
          <alter>-1</alter>
          <octave>4</octave>
        </pitch>
        <duration>2</duration>
        <voice>1</voice>
        <type>eighth</type>
        <stem default-y="-10">up</stem>
        <beam number="1">begin</beam>
        <notations>
          <slur bezier-x="9" bezier-y="-7" default-x="6" default-y="-50" number="1" placement="below" type="start"/>
        </notations>
        <lyric default-y="-79" number="1">
          <syllabic>begin</syllabic>
          <text>ве</text>
        </lyric>
      </note>
      <note default-x="254">
        <pitch>
          <step>F</step>
          <octave>4</octave>
        </pitch>
        <duration>2</duration>
        <voice>1</voice>
        <type>eighth</type>
        <stem default-y="-7">up</stem>
        <beam number="1">end</beam>
        <notations>
          <slur bezier-x="-5" bezier-y="-10" default-x="6" default-y="-45" number="1" type="stop"/>
        </notations>
      </note>
      <note default-x="278">
        <pitch>
          <step>G</step>
          <octave>4</octave>
        </pitch>
        <duration>4</duration>
        <voice>1</voice>
        <type>quarter</type>
        <stem default-y="5">up</stem>
        <lyric default-y="-79" number="1">
          <syllabic>end</syllabic>
          <text>чір,</text>
        </lyric>
      </note>
    </measure>
    <!--=======================================================-->
    <measure number="2" width="163">
      <note default-x="23">
        <pitch>
          <step>F</step>
          <octave>4</octave>
        </pitch>
        <duration>2</duration>
        <voice>1</voice>
        <type>eighth</type>
        <stem default-y="0">up</stem>
        <lyric default-y="-79" number="1">
          <syllabic>begin</syllabic>
          <text>доб</text>
        </lyric>
      </note>
      <note default-x="60">
        <pitch>
          <step>E</step>
          <alter>-1</alter>
          <octave>4</octave>
        </pitch>
        <duration>2</duration>
        <voice>1</voice>
        <type>eighth</type>
        <stem default-y="-5">up</stem>
        <lyric default-y="-79" number="1">
          <syllabic>end</syllabic>
          <text>рий</text>
        </lyric>
      </note>
      <note default-x="91">
        <pitch>
          <step>F</step>
          <octave>4</octave>
        </pitch>
        <duration>2</duration>
        <voice>1</voice>
        <type>eighth</type>
        <stem default-y="0">up</stem>
        <beam number="1">begin</beam>
        <notations>
          <slur bezier-x="8" bezier-y="-8" default-x="6" default-y="-45" number="1" placement="below" type="start"/>
        </notations>
        <lyric default-y="-79" number="1">
          <syllabic>begin</syllabic>
          <text>ве</text>
        </lyric>
      </note>
      <note default-x="115">
        <pitch>
          <step>G</step>
          <octave>4</octave>
        </pitch>
        <duration>2</duration>
        <voice>1</voice>
        <type>eighth</type>
        <stem default-y="5">up</stem>
        <beam number="1">end</beam>
        <notations>
          <slur bezier-x="-7" bezier-y="-9" default-x="6" default-y="-43" number="1" type="stop"/>
        </notations>
      </note>
      <note default-x="136">
        <pitch>
          <step>F</step>
          <octave>4</octave>
        </pitch>
        <duration>4</duration>
        <voice>1</voice>
        <type>quarter</type>
        <stem default-y="0">up</stem>
        <lyric default-y="-79" number="1">
          <syllabic>end</syllabic>
          <text>чір</text>
        </lyric>
      </note>
    </measure>
    <!--=======================================================-->
    <measure number="3" width="158">
      <note default-x="23">
        <pitch>
          <step>G</step>
          <octave>4</octave>
        </pitch>
        <duration>2</duration>
        <voice>1</voice>
        <type>eighth</type>
        <stem default-y="5">up</stem>
        <lyric default-y="-79" number="1" relative-x="-7">
          <syllabic>begin</syllabic>
          <text>доб</text>
        </lyric>
      </note>
      <note default-x="60">
        <pitch>
          <step>A</step>
          <alter>-1</alter>
          <octave>4</octave>
        </pitch>
        <duration>2</duration>
        <voice>1</voice>
        <type>eighth</type>
        <stem default-y="10">up</stem>
        <lyric default-y="-79" number="1">
          <syllabic>end</syllabic>
          <text>рим</text>
        </lyric>
      </note>
      <note default-x="94">
        <pitch>
          <step>B</step>
          <alter>-1</alter>
          <octave>4</octave>
        </pitch>
        <duration>4</duration>
        <voice>1</voice>
        <type>quarter</type>
        <stem default-y="-55">down</stem>
        <lyric default-y="-79" number="1">
          <syllabic>begin</syllabic>
          <text>лю</text>
        </lyric>
      </note>
      <note default-x="129">
        <pitch>
          <step>A</step>
          <alter>-1</alter>
          <octave>4</octave>
        </pitch>
        <duration>4</duration>
        <voice>1</voice>
        <type>quarter</type>
        <stem default-y="10">up</stem>
        <lyric default-y="-79" number="1">
          <syllabic>end</syllabic>
          <text>дям</text>
        </lyric>
      </note>
    </measure>
    <!--=======================================================-->
    <measure number="4" width="153">
      <note default-x="18">
        <pitch>
          <step>G</step>
          <octave>4</octave>
        </pitch>
        <duration>2</duration>
        <voice>1</voice>
        <type>eighth</type>
        <stem default-y="5">up</stem>
        <lyric default-y="-79" number="1">
          <syllabic>single</syllabic>
          <text>не</text>
        </lyric>
      </note>
      <note default-x="51">
        <pitch>
          <step>F</step>
          <octave>4</octave>
        </pitch>
        <duration>2</duration>
        <voice>1</voice>
        <type>eighth</type>
        <stem default-y="0">up</stem>
        <lyric default-y="-79" number="1">
          <syllabic>single</syllabic>
          <text>весь</text>
        </lyric>
      </note>
      <note default-x="84">
        <pitch>
          <step>E</step>
          <alter>-1</alter>
          <octave>4</octave>
        </pitch>
        <duration>4</duration>
        <voice>1</voice>
        <type>quarter</type>
        <stem default-y="-5">up</stem>
        <lyric default-y="-79" number="1">
          <syllabic>begin</syllabic>
          <text>ве</text>
        </lyric>
      </note>
      <note default-x="115">
        <pitch>
          <step>E</step>
          <alter>-1</alter>
          <octave>4</octave>
        </pitch>
        <duration>4</duration>
        <voice>1</voice>
        <type>quarter</type>
        <stem default-y="-5">up</stem>
        <lyric default-y="-79" number="1">
          <syllabic>end</syllabic>
          <text>чір.</text>
        </lyric>
      </note>
      <barline location="right">
        <bar-style>light-heavy</bar-style>
      </barline>
    </measure>
    <!--=======================================================-->
    <measure number="5" width="302">
      <print new-system="yes">
        <system-layout>
          <system-distance>61</system-distance>
        </system-layout>
      </print>
      <note default-x="117">
        <pitch>
          <step>G</step>
          <octave>4</octave>
        </pitch>
        <duration>1</duration>
        <voice>1</voice>
        <type>16th</type>
        <stem default-y="5">up</stem>
        <beam number="1">begin</beam>
        <beam number="2">begin</beam>
        <notations>
          <slur bezier-x="12" bezier-y="-12" default-x="6" default-y="-43" number="1" placement="below" type="start"/>
        </notations>
        <lyric default-y="-79" number="1">
          <syllabic>single</syllabic>
          <text>2.</text>
          <elision> </elision>
          <syllabic>begin</syllabic>
          <text>Зна</text>
        </lyric>
      </note>
      <note default-x="159">
        <pitch>
          <step>F</step>
          <octave>4</octave>
        </pitch>
        <duration>1</duration>
        <voice>1</voice>
        <type>16th</type>
        <stem default-y="3">up</stem>
        <beam number="1">end</beam>
        <beam number="2">end</beam>
        <notations>
          <slur bezier-x="-12" bezier-y="-11" default-x="7" default-y="-45" number="1" type="stop"/>
        </notations>
      </note>
      <note default-x="183">
        <pitch>
          <step>E</step>
          <alter>-1</alter>
          <octave>4</octave>
        </pitch>
        <duration>1</duration>
        <voice>1</voice>
        <type>16th</type>
        <stem default-y="-5">up</stem>
        <beam number="1">begin</beam>
        <beam number="2">begin</beam>
        <notations>
          <slur bezier-x="7" bezier-y="-10" default-x="6" default-y="-50" number="1" placement="below" type="start"/>
        </notations>
        <lyric default-y="-79" number="1">
          <syllabic>end</syllabic>
          <text>єм,</text>
        </lyric>
      </note>
      <note default-x="212">
        <pitch>
          <step>D</step>
          <octave>4</octave>
        </pitch>
        <duration>1</duration>
        <voice>1</voice>
        <type>16th</type>
        <stem default-y="-7">up</stem>
        <beam number="1">end</beam>
        <beam number="2">end</beam>
        <notations>
          <slur bezier-x="-10" bezier-y="-7" default-x="6" default-y="-55" number="1" type="stop"/>
        </notations>
      </note>
      <note default-x="235">
        <pitch>
          <step>C</step>
          <octave>4</octave>
        </pitch>
        <duration>4</duration>
        <voice>1</voice>
        <type>quarter</type>
        <stem default-y="-15">up</stem>
        <lyric default-y="-79" number="1">
          <syllabic>single</syllabic>
          <text>що</text>
        </lyric>
      </note>
      <note default-x="271">
        <pitch>
          <step>E</step>
          <alter>-1</alter>
          <octave>4</octave>
        </pitch>
        <duration>4</duration>
        <voice>1</voice>
        <type>quarter</type>
        <stem default-y="-5">up</stem>
        <lyric default-y="-79" number="1">
          <syllabic>begin</syllabic>
          <text>гос</text>
        </lyric>
      </note>
    </measure>
    <!--=======================================================-->
    <measure number="6" width="198">
      <note default-x="19">
        <pitch>
          <step>F</step>
          <octave>4</octave>
        </pitch>
        <duration>1</duration>
        <voice>1</voice>
        <type>16th</type>
        <stem default-y="-5">up</stem>
        <beam number="1">begin</beam>
        <beam number="2">begin</beam>
        <notations>
          <slur bezier-x="7" bezier-y="-10" default-x="6" default-y="-45" number="1" placement="below" type="start"/>
        </notations>
        <lyric default-y="-79" number="1">
          <syllabic>middle</syllabic>
          <text>по</text>
        </lyric>
      </note>
      <note default-x="47">
        <pitch>
          <step>E</step>
          <alter>-1</alter>
          <octave>4</octave>
        </pitch>
        <duration>1</duration>
        <voice>1</voice>
        <type>16th</type>
        <stem default-y="-7">up</stem>
        <beam number="1">end</beam>
        <beam number="2">end</beam>
        <notations>
          <slur bezier-x="-10" bezier-y="-7" default-x="6" default-y="-50" number="1" type="stop"/>
        </notations>
      </note>
      <note default-x="73">
        <pitch>
          <step>D</step>
          <octave>4</octave>
        </pitch>
        <duration>1</duration>
        <voice>1</voice>
        <type>16th</type>
        <stem default-y="-15">up</stem>
        <beam number="1">begin</beam>
        <beam number="2">begin</beam>
        <notations>
          <slur bezier-x="8" bezier-y="-11" default-x="6" default-y="-55" number="1" placement="below" type="start"/>
        </notations>
        <lyric default-y="-79" number="1">
          <syllabic>end</syllabic>
          <text>дар</text>
        </lyric>
      </note>
      <note default-x="104">
        <pitch>
          <step>C</step>
          <octave>4</octave>
        </pitch>
        <duration>1</duration>
        <voice>1</voice>
        <type>16th</type>
        <stem default-y="-17">up</stem>
        <beam number="1">end</beam>
        <beam number="2">end</beam>
        <notations>
          <slur bezier-x="-10" bezier-y="-8" default-x="7" default-y="-60" number="1" type="stop"/>
        </notations>
      </note>
      <note default-x="130">
        <pitch>
          <step>B</step>
          <alter>-1</alter>
          <octave>3</octave>
        </pitch>
        <duration>4</duration>
        <voice>1</voice>
        <type>quarter</type>
        <stem default-y="-20">up</stem>
        <lyric default-y="-79" number="1">
          <syllabic>begin</syllabic>
          <text>вдо</text>
        </lyric>
      </note>
      <note default-x="168">
        <pitch>
          <step>D</step>
          <octave>4</octave>
        </pitch>
        <duration>4</duration>
        <voice>1</voice>
        <type>quarter</type>
        <stem default-y="-10">up</stem>
        <lyric default-y="-79" number="1">
          <syllabic>end</syllabic>
          <text>ма,</text>
        </lyric>
      </note>
    </measure>
    <!--=======================================================-->
    <measure number="7" width="163">
      <note default-x="18">
        <pitch>
          <step>G</step>
          <octave>4</octave>
        </pitch>
        <duration>2</duration>
        <voice>1</voice>
        <type>eighth</type>
        <stem default-y="5">up</stem>
        <lyric default-y="-79" number="1">
          <syllabic>begin</syllabic>
          <text>си</text>
        </lyric>
      </note>
      <note default-x="59">
        <pitch>
          <step>A</step>
          <alter>-1</alter>
          <octave>4</octave>
        </pitch>
        <duration>2</duration>
        <voice>1</voice>
        <type>eighth</type>
        <stem default-y="10">up</stem>
        <lyric default-y="-79" number="1">
          <syllabic>end</syllabic>
          <text>дить</text>
        </lyric>
      </note>
      <note default-x="98">
        <pitch>
          <step>B</step>
          <alter>-1</alter>
          <octave>4</octave>
        </pitch>
        <duration>4</duration>
        <voice>1</voice>
        <type>quarter</type>
        <stem default-y="-55">down</stem>
        <lyric default-y="-79" number="1">
          <syllabic>begin</syllabic>
          <text>со</text>
        </lyric>
      </note>
      <note default-x="131">
        <pitch>
          <step>A</step>
          <alter>-1</alter>
          <octave>4</octave>
        </pitch>
        <duration>4</duration>
        <voice>1</voice>
        <type>quarter</type>
        <stem default-y="10">up</stem>
        <lyric default-y="-79" number="1">
          <syllabic>end</syllabic>
          <text>бі</text>
        </lyric>
      </note>
    </measure>
    <!--=======================================================-->
    <measure number="8" width="177">
      <note default-x="16">
        <pitch>
          <step>G</step>
          <octave>4</octave>
        </pitch>
        <duration>2</duration>
        <voice>1</voice>
        <type>eighth</type>
        <stem default-y="5">up</stem>
        <lyric default-y="-79" number="1">
          <syllabic>begin</syllabic>
          <text>кі</text>
        </lyric>
      </note>
      <note default-x="55">
        <pitch>
          <step>F</step>
          <octave>4</octave>
        </pitch>
        <duration>2</duration>
        <voice>1</voice>
        <type>eighth</type>
        <stem default-y="0">up</stem>
        <lyric default-y="-79" number="1">
          <syllabic>end</syllabic>
          <text>нець</text>
        </lyric>
      </note>
      <note default-x="99">
        <pitch>
          <step>E</step>
          <alter>-1</alter>
          <octave>4</octave>
        </pitch>
        <duration>6</duration>
        <voice>1</voice>
        <type>quarter</type>
        <dot/>
        <stem default-y="-5">up</stem>
        <lyric default-y="-79" number="1">
          <syllabic>begin</syllabic>
          <text>сто</text>
        </lyric>
      </note>
      <note default-x="139">
        <pitch>
          <step>E</step>
          <alter>-1</alter>
          <octave>4</octave>
        </pitch>
        <duration>2</duration>
        <voice>1</voice>
        <type>eighth</type>
        <stem default-y="-5">up</stem>
        <lyric default-y="-79" number="1">
          <syllabic>end</syllabic>
          <text>ла.</text>
        </lyric>
      </note>
      <barline location="right">
        <bar-style>light-heavy</bar-style>
      </barline>
    </measure>
  </part>
  <!--=========================================================-->
</score-partwise>
