<?xml version="1.0" encoding="UTF-8" standalone="no"?>
<!DOCTYPE score-partwise PUBLIC "-//Recordare//DTD MusicXML 4.0 Partwise//EN" "http://www.musicxml.org/dtds/partwise.dtd">
<score-partwise version="4.0">
  <identification>
    <encoding>
      <software>Finale v27.3 for Windows</software>
      <encoding-date>2024-05-20</encoding-date>
      <supports attribute="new-system" element="print" type="yes" value="yes"/>
      <supports attribute="new-page" element="print" type="yes" value="yes"/>
      <supports element="accidental" type="yes"/>
      <supports element="beam" type="yes"/>
      <supports element="stem" type="yes"/>
    </encoding>
  </identification>
  <defaults>
    <scaling>
      <millimeters>8.4667</millimeters>
      <tenths>40</tenths>
    </scaling>
    <page-layout>
      <page-height>1320</page-height>
      <page-width>1020</page-width>
      <page-margins type="both">
        <left-margin>60</left-margin>
        <right-margin>60</right-margin>
        <top-margin>60</top-margin>
        <bottom-margin>60</bottom-margin>
      </page-margins>
    </page-layout>
    <system-layout>
      <system-margins>
        <left-margin>0</left-margin>
        <right-margin>0</right-margin>
      </system-margins>
      <system-distance>110</system-distance>
      <top-system-distance>67</top-system-distance>
    </system-layout>
    <appearance>
      <line-width type="stem">0.7682</line-width>
      <line-width type="beam">5</line-width>
      <line-width type="staff">0.7682</line-width>
      <line-width type="light barline">0.7682</line-width>
      <line-width type="heavy barline">5</line-width>
      <line-width type="leger">0.7682</line-width>
      <line-width type="ending">0.7682</line-width>
      <line-width type="wedge">0.7682</line-width>
      <line-width type="enclosure">0.7682</line-width>
      <line-width type="tuplet bracket">0.7682</line-width>
      <note-size type="grace">50</note-size>
      <note-size type="cue">50</note-size>
      <distance type="hyphen">60</distance>
      <distance type="beam">7.5</distance>
    </appearance>
    <music-font font-family="Finale Maestro,engraved" font-size="24"/>
    <word-font font-family="Times New Roman" font-size="12"/>
    <lyric-font font-family="Times New Roman" font-size="12"/>
  </defaults>
  <credit page="1">
    <credit-words default-x="307" default-y="1260" font-size="19" valign="top">148. Гей, гей, пане господару (ОК-КЩ-23)</credit-words>
  </credit>
  <credit page="1">
    <credit-words default-x="620" default-y="1125" valign="top">чи позволите коло своєї хати </credit-words>
  </credit>
  <credit page="1">
    <credit-words default-x="142" default-y="1096" font-size="17" valign="top" xml:space="preserve">1. Гей, гей, пане господару,
Чи позволите коло своєї хати орати?
2. Гей, гей, ниньки орати,
Завтра посівати.
3. Гей, гей, йа впереді
Два ведмеді.</credit-words>
  </credit>
  <credit page="1">
    <credit-words default-x="128" default-y="852" valign="top" xml:space="preserve">Зап. 1827 р. Харків В. у с. Ісаківці Кам’янець-Подільського р-ну Хмельницької обл. – ІМФЕ, ф. 
6-3, од. зб. 77, арк. 90 (текст), арк. 91 (мел.), № 23.  Ряжені.</credit-words>
  </credit>
  <credit page="1">
    <credit-words default-x="620" default-y="1094" font-size="17" valign="top" xml:space="preserve">4. Гей, гей, йа в бороні
Дві вороні.
5. Гей, гей, в колісниці
Дві синиці.
6. Гей, гей, дідам по торбам,
Бабам по пирогам,
Добрий вечір вам!</credit-words>
  </credit>
  <credit page="1">
    <credit-words default-x="530" default-y="49" valign="top">132</credit-words>
  </credit>
  <part-list>
    <score-part id="P1">
      <part-name print-object="no">MusicXML Part</part-name>
      <group>score</group>
      <score-instrument id="P1-I1">
        <instrument-name>Èíñòðóìåíò 1</instrument-name>
      </score-instrument>
      <midi-instrument id="P1-I1">
        <midi-channel>1</midi-channel>
        <midi-program>1</midi-program>
        <volume>80</volume>
        <pan>0</pan>
      </midi-instrument>
    </score-part>
  </part-list>
  <!--=========================================================-->
  <part id="P1">
    <measure number="1" width="190">
      <print>
        <page-layout>
          <page-height>1320</page-height>
          <page-width>1020</page-width>
          <page-margins>
            <left-margin>119</left-margin>
            <right-margin>60</right-margin>
            <top-margin>60</top-margin>
            <bottom-margin>60</bottom-margin>
          </page-margins>
        </page-layout>
        <system-layout>
          <system-margins>
            <left-margin>60</left-margin>
            <right-margin>0</right-margin>
          </system-margins>
          <top-system-distance>64</top-system-distance>
        </system-layout>
        <measure-numbering>none</measure-numbering>
      </print>
      <attributes>
        <divisions>2</divisions>
        <key>
          <fifths>0</fifths>
          <mode>major</mode>
        </key>
        <time>
          <beats>4</beats>
          <beat-type>8</beat-type>
        </time>
        <clef>
          <sign>G</sign>
          <line>2</line>
        </clef>
      </attributes>
      <sound tempo="96">
        <swing>
          <straight/>
        </swing>
      </sound>
      <note default-x="83">
        <pitch>
          <step>G</step>
          <octave>4</octave>
        </pitch>
        <duration>1</duration>
        <voice>1</voice>
        <type>eighth</type>
        <stem default-y="5">up</stem>
        <lyric default-y="-69" number="1" relative-x="3">
          <syllabic>single</syllabic>
          <text>1.</text>
          <elision> </elision>
          <syllabic>single</syllabic>
          <text>Гей,</text>
        </lyric>
      </note>
      <note default-x="130">
        <pitch>
          <step>C</step>
          <octave>5</octave>
        </pitch>
        <duration>2</duration>
        <voice>1</voice>
        <type>quarter</type>
        <stem default-y="-50">down</stem>
        <notations>
          <glissando line-type="wavy" number="1" type="start"/>
          <slur bezier-x="9" bezier-y="10" default-x="6" default-y="-5" number="1" placement="above" type="start"/>
        </notations>
        <lyric default-y="-69" number="1" relative-x="9">
          <syllabic>single</syllabic>
          <text>гей,</text>
        </lyric>
      </note>
      <note default-x="160">
        <pitch>
          <step>G</step>
          <octave>4</octave>
        </pitch>
        <duration>1</duration>
        <voice>1</voice>
        <type>eighth</type>
        <stem default-y="5">up</stem>
        <notations>
          <glissando line-type="wavy" number="1" type="stop"/>
          <slur bezier-x="-9" bezier-y="10" default-x="7" default-y="-5" number="1" type="stop"/>
        </notations>
      </note>
    </measure>
    <!--=======================================================-->
    <measure number="2" width="200">
      <attributes>
        <time>
          <beats>5</beats>
          <beat-type>8</beat-type>
        </time>
      </attributes>
      <note default-x="45">
        <pitch>
          <step>A</step>
          <octave>4</octave>
        </pitch>
        <duration>1</duration>
        <voice>1</voice>
        <type>eighth</type>
        <stem default-y="10">up</stem>
        <lyric default-y="-69" number="1">
          <syllabic>begin</syllabic>
          <text>па</text>
        </lyric>
      </note>
      <note default-x="75">
        <pitch>
          <step>A</step>
          <octave>4</octave>
        </pitch>
        <duration>1</duration>
        <voice>1</voice>
        <type>eighth</type>
        <stem default-y="10">up</stem>
        <lyric default-y="-69" number="1">
          <syllabic>end</syllabic>
          <text>не</text>
        </lyric>
      </note>
      <note default-x="110">
        <pitch>
          <step>B</step>
          <octave>4</octave>
        </pitch>
        <duration>1</duration>
        <voice>1</voice>
        <type>eighth</type>
        <stem default-y="-55">down</stem>
        <lyric default-y="-69" number="1">
          <syllabic>begin</syllabic>
          <text>гос</text>
        </lyric>
      </note>
      <note default-x="142">
        <pitch>
          <step>A</step>
          <octave>4</octave>
        </pitch>
        <duration>1</duration>
        <voice>1</voice>
        <type>eighth</type>
        <stem default-y="10">up</stem>
        <lyric default-y="-69" number="1">
          <syllabic>middle</syllabic>
          <text>по</text>
        </lyric>
      </note>
      <note default-x="172">
        <pitch>
          <step>A</step>
          <octave>4</octave>
        </pitch>
        <duration>1</duration>
        <voice>1</voice>
        <type>eighth</type>
        <stem default-y="10">up</stem>
        <lyric default-y="-69" number="1">
          <syllabic>middle</syllabic>
          <text>да</text>
        </lyric>
      </note>
    </measure>
    <!--=======================================================-->
    <measure number="3" width="145">
      <attributes>
        <time symbol="common">
          <beats>4</beats>
          <beat-type>4</beat-type>
        </time>
      </attributes>
      <note default-x="57">
        <pitch>
          <step>B</step>
          <alter>-1</alter>
          <octave>4</octave>
        </pitch>
        <duration>8</duration>
        <voice>1</voice>
        <type>whole</type>
        <accidental>flat</accidental>
        <lyric default-y="-68" number="1" relative-x="-22">
          <syllabic>end</syllabic>
          <text>ру,</text>
        </lyric>
      </note>
    </measure>
    <!--=======================================================-->
    <measure number="4" width="102">
      <note>
        <rest measure="yes"/>
        <duration>8</duration>
        <voice>1</voice>
      </note>
    </measure>
    <!--=======================================================-->
    <measure number="5" width="144">
      <attributes>
        <time>
          <beats>3</beats>
          <beat-type>8</beat-type>
        </time>
      </attributes>
      <note default-x="45">
        <pitch>
          <step>G</step>
          <octave>4</octave>
        </pitch>
        <duration>1</duration>
        <voice>1</voice>
        <type>eighth</type>
        <stem default-y="5">up</stem>
        <notehead filled="yes">x</notehead>
        <lyric default-y="-69" number="1">
          <syllabic>begin</syllabic>
          <text>о</text>
        </lyric>
      </note>
      <note default-x="73">
        <pitch>
          <step>G</step>
          <octave>4</octave>
        </pitch>
        <duration>1</duration>
        <voice>1</voice>
        <type>eighth</type>
        <stem default-y="5">up</stem>
        <notehead filled="yes">x</notehead>
        <lyric default-y="-69" number="1">
          <syllabic>middle</syllabic>
          <text>ра</text>
        </lyric>
      </note>
      <note default-x="101">
        <pitch>
          <step>G</step>
          <octave>4</octave>
        </pitch>
        <duration>1</duration>
        <voice>1</voice>
        <type>eighth</type>
        <stem default-y="5">up</stem>
        <notehead filled="yes">x</notehead>
        <lyric default-y="-69" number="1">
          <syllabic>end</syllabic>
          <text>ти?</text>
        </lyric>
      </note>
      <barline location="right">
        <bar-style>light-heavy</bar-style>
      </barline>
    </measure>
  </part>
  <!--=========================================================-->
</score-partwise>
