<?xml version="1.0" encoding="UTF-8" standalone="no"?>
<!DOCTYPE score-partwise PUBLIC "-//Recordare//DTD MusicXML 4.0 Partwise//EN" "http://www.musicxml.org/dtds/partwise.dtd">
<score-partwise version="4.0">
  <identification>
    <encoding>
      <software>Finale v27.3 for Windows</software>
      <encoding-date>2024-04-25</encoding-date>
      <supports attribute="new-system" element="print" type="yes" value="yes"/>
      <supports attribute="new-page" element="print" type="yes" value="yes"/>
      <supports element="accidental" type="yes"/>
      <supports element="beam" type="yes"/>
      <supports element="stem" type="yes"/>
    </encoding>
  </identification>
  <defaults>
    <scaling>
      <millimeters>8.4667</millimeters>
      <tenths>40</tenths>
    </scaling>
    <page-layout>
      <page-height>1320</page-height>
      <page-width>1020</page-width>
      <page-margins type="both">
        <left-margin>60</left-margin>
        <right-margin>60</right-margin>
        <top-margin>60</top-margin>
        <bottom-margin>60</bottom-margin>
      </page-margins>
    </page-layout>
    <system-layout>
      <system-margins>
        <left-margin>0</left-margin>
        <right-margin>0</right-margin>
      </system-margins>
      <system-distance>110</system-distance>
      <top-system-distance>67</top-system-distance>
    </system-layout>
    <appearance>
      <line-width type="stem">0.7682</line-width>
      <line-width type="beam">5</line-width>
      <line-width type="staff">0.7682</line-width>
      <line-width type="light barline">0.7682</line-width>
      <line-width type="heavy barline">5</line-width>
      <line-width type="leger">0.7682</line-width>
      <line-width type="ending">0.7682</line-width>
      <line-width type="wedge">0.7682</line-width>
      <line-width type="enclosure">0.7682</line-width>
      <line-width type="tuplet bracket">0.7682</line-width>
      <note-size type="grace">50</note-size>
      <note-size type="cue">50</note-size>
      <distance type="hyphen">60</distance>
      <distance type="beam">7.5</distance>
    </appearance>
    <music-font font-family="Maestro,engraved" font-size="24"/>
    <word-font font-family="Times New Roman" font-size="12"/>
    <lyric-font font-family="Times New Roman" font-size="12"/>
  </defaults>
  <credit page="1">
    <credit-words default-x="325" default-y="1286" font-size="19" valign="top">101. Ой добрий вечір (ОК-КЩ-23)</credit-words>
  </credit>
  <credit page="1">
    <credit-words default-x="305" default-y="1244" valign="top">Швиденько</credit-words>
  </credit>
  <credit page="1">
    <credit-words default-x="303" default-y="1219" valign="top">Приспів</credit-words>
  </credit>
  <credit page="1">
    <credit-words default-x="268" default-y="1216" valign="top">*</credit-words>
  </credit>
  <credit page="1">
    <credit-words default-x="119" default-y="105" valign="top" xml:space="preserve">* Тривалості зменшено удвічі. (Л.Є.)
** Строфи виконують на ту ж мелодію. (Л. Є.)</credit-words>
  </credit>
  <credit page="1">
    <credit-words default-x="116" default-y="995" font-size="17" valign="top" xml:space="preserve">Приспів:
Ой добрий вечір,
Господароньку, до тебе!
Послав нам Господь 
На порадоньку до тебе.

|: 1. Обіцяв тобі
Сім кіп жита вродити,
Ой дай же, Боже,
Щастя й здоров’я прожити!*
Приспів. :|</credit-words>
  </credit>
  <credit page="1">
    <credit-words default-x="529" default-y="46" valign="top">100</credit-words>
  </credit>
  <credit page="1">
    <credit-words default-x="556" default-y="980" font-size="17" valign="top" xml:space="preserve">3. Обіцяв тобі
Сім кіп гороху вродити,
Ой дай же, Боже,
Щастя й здоров’я прожити!
Приспів.

4. Обіцяв тобі
Сім кіп ячменю вродити,
Ой дай же, Боже,
Щастя й здоров’я прожити!</credit-words>
  </credit>
  <credit page="1">
    <credit-words default-x="115" default-y="594" valign="top" xml:space="preserve">Зап. 19 грудня 1989 р. Нагорний Л. С. у с. Баламутівка Ярмолинецького р-ну Хмельницької обл. 
від Домбик Марії Іванівни. </credit-words>
  </credit>
  <part-list>
    <score-part id="P1">
      <part-name print-object="no">MusicXML Part</part-name>
      <group>score</group>
      <score-instrument id="P1-I1">
        <instrument-name>Èíñòðóìåíò 1</instrument-name>
      </score-instrument>
      <midi-instrument id="P1-I1">
        <midi-channel>1</midi-channel>
        <midi-program>1</midi-program>
        <volume>80</volume>
        <pan>0</pan>
      </midi-instrument>
    </score-part>
  </part-list>
  <!--=========================================================-->
  <part id="P1">
    <measure number="1" width="335">
      <print>
        <page-layout>
          <page-height>1320</page-height>
          <page-width>1020</page-width>
          <page-margins>
            <left-margin>119</left-margin>
            <right-margin>60</right-margin>
            <top-margin>60</top-margin>
            <bottom-margin>60</bottom-margin>
          </page-margins>
        </page-layout>
        <system-layout>
          <system-margins>
            <left-margin>39</left-margin>
            <right-margin>20</right-margin>
          </system-margins>
          <top-system-distance>65</top-system-distance>
        </system-layout>
        <measure-numbering>none</measure-numbering>
      </print>
      <attributes>
        <divisions>4</divisions>
        <key>
          <fifths>-1</fifths>
          <mode>major</mode>
        </key>
        <time>
          <beats>3</beats>
          <beat-type>4</beat-type>
        </time>
        <clef>
          <sign>G</sign>
          <line>2</line>
        </clef>
      </attributes>
      <sound tempo="96">
        <swing>
          <straight/>
        </swing>
      </sound>
      <note default-x="127">
        <pitch>
          <step>D</step>
          <octave>4</octave>
        </pitch>
        <duration>2</duration>
        <voice>1</voice>
        <type>eighth</type>
        <stem default-y="-10">up</stem>
        <lyric default-y="-77" number="2">
          <syllabic>single</syllabic>
          <text>1.</text>
          <elision> </elision>
          <syllabic>single</syllabic>
          <text>Ой</text>
        </lyric>
      </note>
      <note default-x="174">
        <pitch>
          <step>F</step>
          <octave>4</octave>
        </pitch>
        <duration>2</duration>
        <voice>1</voice>
        <type>eighth</type>
        <stem default-y="0">up</stem>
        <lyric default-y="-77" number="2">
          <syllabic>begin</syllabic>
          <text>доб</text>
        </lyric>
      </note>
      <note default-x="218">
        <pitch>
          <step>D</step>
          <octave>4</octave>
        </pitch>
        <duration>2</duration>
        <voice>1</voice>
        <type>eighth</type>
        <stem default-y="-10">up</stem>
        <lyric default-y="-77" number="2">
          <syllabic>end</syllabic>
          <text>рий</text>
        </lyric>
      </note>
      <note default-x="254">
        <pitch>
          <step>F</step>
          <octave>4</octave>
        </pitch>
        <duration>2</duration>
        <voice>1</voice>
        <type>eighth</type>
        <stem default-y="0">up</stem>
        <lyric default-y="-77" number="2">
          <syllabic>begin</syllabic>
          <text>ве</text>
        </lyric>
      </note>
      <note default-x="294">
        <pitch>
          <step>A</step>
          <octave>4</octave>
        </pitch>
        <duration>4</duration>
        <voice>1</voice>
        <type>quarter</type>
        <stem default-y="10">up</stem>
        <lyric default-y="-77" number="2">
          <syllabic>end</syllabic>
          <text>чір,</text>
        </lyric>
      </note>
    </measure>
    <!--=======================================================-->
    <measure number="2" width="230">
      <note default-x="22">
        <pitch>
          <step>C</step>
          <octave>5</octave>
        </pitch>
        <duration>2</duration>
        <voice>1</voice>
        <type>eighth</type>
        <stem default-y="-50">down</stem>
        <lyric default-y="-77" number="2">
          <syllabic>begin</syllabic>
          <text>гос</text>
        </lyric>
      </note>
      <note default-x="59">
        <pitch>
          <step>C</step>
          <octave>5</octave>
        </pitch>
        <duration>2</duration>
        <voice>1</voice>
        <type>eighth</type>
        <stem default-y="-50">down</stem>
        <lyric default-y="-77" number="2">
          <syllabic>middle</syllabic>
          <text>по</text>
        </lyric>
      </note>
      <note default-x="92">
        <pitch>
          <step>B</step>
          <alter>-1</alter>
          <octave>4</octave>
        </pitch>
        <duration>2</duration>
        <voice>1</voice>
        <type>eighth</type>
        <stem default-y="-55">down</stem>
        <lyric default-y="-77" number="2">
          <syllabic>middle</syllabic>
          <text>да</text>
        </lyric>
      </note>
      <note default-x="134">
        <pitch>
          <step>B</step>
          <alter>-1</alter>
          <octave>4</octave>
        </pitch>
        <duration>2</duration>
        <voice>1</voice>
        <type>eighth</type>
        <stem default-y="-55">down</stem>
        <lyric default-y="-77" number="2">
          <syllabic>middle</syllabic>
          <text>ронь</text>
        </lyric>
      </note>
      <note default-x="177">
        <pitch>
          <step>A</step>
          <octave>4</octave>
        </pitch>
        <duration>3</duration>
        <voice>1</voice>
        <type>eighth</type>
        <dot/>
        <stem default-y="10">up</stem>
        <beam number="1">begin</beam>
        <notations>
          <slur bezier-x="7" bezier-y="-12" default-x="7" default-y="-35" number="1" placement="below" type="start"/>
        </notations>
        <lyric default-y="-77" number="2">
          <syllabic>end</syllabic>
          <text>ку,</text>
        </lyric>
      </note>
      <note default-x="210">
        <pitch>
          <step>G</step>
          <octave>4</octave>
        </pitch>
        <duration>1</duration>
        <voice>1</voice>
        <type>16th</type>
        <stem default-y="5">up</stem>
        <beam number="1">end</beam>
        <beam number="2">backward hook</beam>
        <notations>
          <slur bezier-x="-12" bezier-y="-7" default-x="6" default-y="-43" number="1" type="stop"/>
        </notations>
      </note>
    </measure>
    <!--=======================================================-->
    <measure number="3" width="218">
      <attributes>
        <time>
          <beats>4</beats>
          <beat-type>8</beat-type>
        </time>
      </attributes>
      <note default-x="50">
        <pitch>
          <step>F</step>
          <octave>4</octave>
        </pitch>
        <duration>2</duration>
        <voice>1</voice>
        <type>eighth</type>
        <stem default-y="0">up</stem>
        <lyric default-y="-77" number="2">
          <syllabic>single</syllabic>
          <text>до</text>
        </lyric>
      </note>
      <note default-x="88">
        <pitch>
          <step>E</step>
          <octave>4</octave>
        </pitch>
        <duration>4</duration>
        <voice>1</voice>
        <type>quarter</type>
        <stem default-y="-5">up</stem>
        <lyric default-y="-77" number="2">
          <syllabic>begin</syllabic>
          <text>те</text>
        </lyric>
      </note>
      <note default-x="149">
        <pitch>
          <step>D</step>
          <octave>4</octave>
        </pitch>
        <duration>2</duration>
        <voice>1</voice>
        <type>eighth</type>
        <stem default-y="-10">up</stem>
        <lyric default-y="-77" number="2">
          <syllabic>end</syllabic>
          <text>бе!</text>
        </lyric>
      </note>
    </measure>
    <!--=======================================================-->
    <measure number="4" width="384">
      <print new-system="yes">
        <system-layout>
          <system-distance>75</system-distance>
        </system-layout>
      </print>
      <attributes>
        <time>
          <beats>6</beats>
          <beat-type>8</beat-type>
        </time>
      </attributes>
      <note default-x="115">
        <pitch>
          <step>F</step>
          <octave>4</octave>
        </pitch>
        <duration>2</duration>
        <voice>1</voice>
        <type>eighth</type>
        <stem default-y="0">up</stem>
        <lyric default-y="-77" number="2">
          <syllabic>begin</syllabic>
          <text>По</text>
        </lyric>
      </note>
      <note default-x="163">
        <pitch>
          <step>A</step>
          <octave>4</octave>
        </pitch>
        <duration>2</duration>
        <voice>1</voice>
        <type>eighth</type>
        <stem default-y="10">up</stem>
        <lyric default-y="-77" number="2">
          <syllabic>end</syllabic>
          <text>слав</text>
        </lyric>
      </note>
      <note default-x="210">
        <pitch>
          <step>A</step>
          <octave>4</octave>
        </pitch>
        <duration>2</duration>
        <voice>1</voice>
        <type>eighth</type>
        <stem default-y="10">up</stem>
        <lyric default-y="-77" number="2">
          <syllabic>single</syllabic>
          <text>нам</text>
        </lyric>
      </note>
      <note default-x="258">
        <pitch>
          <step>G</step>
          <octave>4</octave>
        </pitch>
        <duration>4</duration>
        <voice>1</voice>
        <type>quarter</type>
        <stem default-y="5">up</stem>
        <lyric default-y="-77" number="2">
          <syllabic>begin</syllabic>
          <text>Гос</text>
        </lyric>
      </note>
      <note default-x="335">
        <pitch>
          <step>A</step>
          <octave>4</octave>
        </pitch>
        <duration>2</duration>
        <voice>1</voice>
        <type>eighth</type>
        <stem default-y="10">up</stem>
        <lyric default-y="-77" number="2">
          <syllabic>end</syllabic>
          <text>подь</text>
        </lyric>
      </note>
    </measure>
    <!--=======================================================-->
    <measure number="5" width="238">
      <note default-x="18">
        <pitch>
          <step>F</step>
          <octave>4</octave>
        </pitch>
        <duration>2</duration>
        <voice>1</voice>
        <type>eighth</type>
        <stem default-y="0">up</stem>
        <lyric default-y="-77" number="2">
          <syllabic>single</syllabic>
          <text>на</text>
        </lyric>
      </note>
      <note default-x="57">
        <pitch>
          <step>E</step>
          <octave>4</octave>
        </pitch>
        <duration>2</duration>
        <voice>1</voice>
        <type>eighth</type>
        <stem default-y="-5">up</stem>
        <lyric default-y="-77" number="2">
          <syllabic>begin</syllabic>
          <text>по</text>
        </lyric>
      </note>
      <note default-x="96">
        <pitch>
          <step>D</step>
          <octave>4</octave>
        </pitch>
        <duration>2</duration>
        <voice>1</voice>
        <type>eighth</type>
        <stem default-y="-10">up</stem>
        <lyric default-y="-77" number="2">
          <syllabic>middle</syllabic>
          <text>ра</text>
        </lyric>
      </note>
      <note default-x="138">
        <pitch>
          <step>E</step>
          <octave>4</octave>
        </pitch>
        <duration>4</duration>
        <voice>1</voice>
        <type>quarter</type>
        <stem default-y="-5">up</stem>
        <lyric default-y="-77" number="2">
          <syllabic>middle</syllabic>
          <text>донь</text>
        </lyric>
      </note>
      <note default-x="199">
        <pitch>
          <step>F</step>
          <octave>4</octave>
        </pitch>
        <duration>2</duration>
        <voice>1</voice>
        <type>eighth</type>
        <stem default-y="0">up</stem>
        <lyric default-y="-77" number="2">
          <syllabic>end</syllabic>
          <text>ку</text>
        </lyric>
      </note>
    </measure>
    <!--=======================================================-->
    <measure number="6" width="220">
      <attributes>
        <time>
          <beats>4</beats>
          <beat-type>8</beat-type>
        </time>
      </attributes>
      <note default-x="60">
        <pitch>
          <step>C</step>
          <alter>1</alter>
          <octave>4</octave>
        </pitch>
        <duration>2</duration>
        <voice>1</voice>
        <type>eighth</type>
        <accidental>sharp</accidental>
        <stem default-y="-15">up</stem>
        <lyric default-y="-77" number="2">
          <syllabic>single</syllabic>
          <text>до</text>
        </lyric>
      </note>
      <note default-x="101">
        <pitch>
          <step>D</step>
          <octave>4</octave>
        </pitch>
        <duration>4</duration>
        <voice>1</voice>
        <type>quarter</type>
        <stem default-y="-10">up</stem>
        <lyric default-y="-77" number="2">
          <syllabic>begin</syllabic>
          <text>те</text>
        </lyric>
      </note>
      <note default-x="168">
        <pitch>
          <step>D</step>
          <octave>4</octave>
        </pitch>
        <duration>2</duration>
        <voice>1</voice>
        <type>eighth</type>
        <stem default-y="-10">up</stem>
        <lyric default-y="-77" number="2">
          <syllabic>end</syllabic>
          <text>бе.</text>
        </lyric>
      </note>
      <barline location="right">
        <bar-style>light-heavy</bar-style>
      </barline>
    </measure>
  </part>
  <!--=========================================================-->
</score-partwise>
