<?xml version="1.0" encoding="UTF-8" standalone="no"?>
<!DOCTYPE score-partwise PUBLIC "-//Recordare//DTD MusicXML 4.0 Partwise//EN" "http://www.musicxml.org/dtds/partwise.dtd">
<score-partwise version="4.0">
  <identification>
    <encoding>
      <software>Finale v27.3 for Windows</software>
      <encoding-date>2024-05-03</encoding-date>
      <supports attribute="new-system" element="print" type="yes" value="yes"/>
      <supports attribute="new-page" element="print" type="yes" value="yes"/>
      <supports element="accidental" type="yes"/>
      <supports element="beam" type="yes"/>
      <supports element="stem" type="yes"/>
    </encoding>
  </identification>
  <defaults>
    <scaling>
      <millimeters>8.4667</millimeters>
      <tenths>40</tenths>
    </scaling>
    <page-layout>
      <page-height>1320</page-height>
      <page-width>1020</page-width>
      <page-margins type="both">
        <left-margin>60</left-margin>
        <right-margin>60</right-margin>
        <top-margin>60</top-margin>
        <bottom-margin>60</bottom-margin>
      </page-margins>
    </page-layout>
    <system-layout>
      <system-margins>
        <left-margin>0</left-margin>
        <right-margin>0</right-margin>
      </system-margins>
      <system-distance>82</system-distance>
      <top-system-distance>67</top-system-distance>
    </system-layout>
    <appearance>
      <line-width type="stem">0.7682</line-width>
      <line-width type="beam">5</line-width>
      <line-width type="staff">0.7682</line-width>
      <line-width type="light barline">0.7682</line-width>
      <line-width type="heavy barline">5</line-width>
      <line-width type="leger">0.7682</line-width>
      <line-width type="ending">0.7682</line-width>
      <line-width type="wedge">0.7682</line-width>
      <line-width type="enclosure">0.7682</line-width>
      <line-width type="tuplet bracket">0.7682</line-width>
      <note-size type="grace">50</note-size>
      <note-size type="cue">50</note-size>
      <distance type="hyphen">60</distance>
      <distance type="beam">7.5</distance>
    </appearance>
    <music-font font-family="Finale Maestro,engraved" font-size="24"/>
    <word-font font-family="Times New Roman" font-size="12"/>
    <lyric-font font-family="Times New Roman" font-size="12"/>
  </defaults>
  <credit page="1">
    <credit-words default-x="255" default-y="1303" font-size="19" valign="top">131. </credit-words>
    <credit-words font-size="21">І</credit-words>
    <credit-words font-size="19">же херувими тайнообразующе (Церк.)</credit-words>
  </credit>
  <credit page="1">
    <credit-words default-x="225" default-y="1252" valign="top">*</credit-words>
  </credit>
  <credit page="1">
    <credit-words default-x="120" default-y="84" valign="top">* Тактові розміри проставлено нами. (Л. Є.)</credit-words>
  </credit>
  <credit page="1">
    <credit-words default-x="284" default-y="1257" valign="top">50</credit-words>
  </credit>
  <credit page="1">
    <credit-words default-x="529" default-y="44" valign="top">120</credit-words>
  </credit>
  <credit page="1">
    <credit-words default-x="135" default-y="633" font-size="17" valign="top" xml:space="preserve">1. Іже херувими тайнообразующе.
І животворящей Тройці трисвятую, 
Трисвятую пєснь припєвающе.
2. Всякоє нині, нині житєйськоє,
Житєйськоє отложим попеченіє,
Отложим попеченіє.</credit-words>
  </credit>
  <credit page="1">
    <credit-words default-x="115" default-y="345" valign="top" xml:space="preserve">Зап. 1926 р. Гайдай М. П. у с. Адамівка біля Зінькова (нині Віньковецького р-ну Хмельницької 
обл.) від діда Андрія Смалюховського. – ІМФЕ, ф. 6-3, од. зб. 69, арк. 74 (37 зв.), № 100. Старий 
дячківський спів. (Прим. зап.)</credit-words>
  </credit>
  <part-list>
    <score-part id="P1">
      <part-name print-object="no">MusicXML Part</part-name>
      <group>score</group>
      <score-instrument id="P1-I1">
        <instrument-name>Èíñòðóìåíò 1</instrument-name>
      </score-instrument>
      <midi-instrument id="P1-I1">
        <midi-channel>1</midi-channel>
        <midi-program>1</midi-program>
        <volume>80</volume>
        <pan>0</pan>
      </midi-instrument>
    </score-part>
  </part-list>
  <!--=========================================================-->
  <part id="P1">
    <measure number="1" width="195">
      <print>
        <page-layout>
          <page-height>1320</page-height>
          <page-width>1020</page-width>
          <page-margins>
            <left-margin>118</left-margin>
            <right-margin>60</right-margin>
            <top-margin>60</top-margin>
            <bottom-margin>60</bottom-margin>
          </page-margins>
        </page-layout>
        <system-layout>
          <system-margins>
            <left-margin>51</left-margin>
            <right-margin>3</right-margin>
          </system-margins>
          <top-system-distance>39</top-system-distance>
        </system-layout>
        <measure-numbering>none</measure-numbering>
      </print>
      <attributes>
        <divisions>4</divisions>
        <key>
          <fifths>0</fifths>
          <mode>major</mode>
        </key>
        <time symbol="common">
          <beats>4</beats>
          <beat-type>4</beat-type>
        </time>
        <clef>
          <sign>G</sign>
          <line>2</line>
        </clef>
      </attributes>
      <sound tempo="96">
        <swing>
          <straight/>
        </swing>
      </sound>
      <direction placement="above">
        <direction-type>
          <words default-y="25" relative-x="-127">quarter note equals</words>
        </direction-type>
      </direction>
      <note default-x="83">
        <pitch>
          <step>E</step>
          <octave>5</octave>
        </pitch>
        <duration>2</duration>
        <voice>1</voice>
        <type>eighth</type>
        <stem default-y="-45">down</stem>
        <beam number="1">begin</beam>
        <notations>
          <slur bezier-x="16" bezier-y="13" default-x="6" default-y="5" number="1" placement="above" type="start"/>
        </notations>
        <lyric default-y="-67" number="1" relative-x="-9">
          <syllabic>single</syllabic>
          <text>1.</text>
          <elision> </elision>
          <syllabic>begin</syllabic>
          <text>І</text>
        </lyric>
      </note>
      <note default-x="101">
        <pitch>
          <step>D</step>
          <octave>5</octave>
        </pitch>
        <duration>2</duration>
        <voice>1</voice>
        <type>eighth</type>
        <stem default-y="-45">down</stem>
        <beam number="1">continue</beam>
      </note>
      <note default-x="120">
        <pitch>
          <step>E</step>
          <octave>5</octave>
        </pitch>
        <duration>2</duration>
        <voice>1</voice>
        <type>eighth</type>
        <stem default-y="-45">down</stem>
        <beam number="1">continue</beam>
      </note>
      <note default-x="138">
        <pitch>
          <step>D</step>
          <octave>5</octave>
        </pitch>
        <duration>2</duration>
        <voice>1</voice>
        <type>eighth</type>
        <stem default-y="-45">down</stem>
        <beam number="1">end</beam>
        <notations>
          <slur bezier-x="-15" bezier-y="14" default-x="6" default-y="3" number="1" type="stop"/>
        </notations>
      </note>
      <note default-x="161">
        <pitch>
          <step>C</step>
          <octave>5</octave>
        </pitch>
        <duration>8</duration>
        <voice>1</voice>
        <type>half</type>
        <stem default-y="-50">down</stem>
        <lyric default-y="-67" number="1">
          <syllabic>end</syllabic>
          <text>же</text>
        </lyric>
      </note>
    </measure>
    <!--=======================================================-->
    <measure number="2" width="208">
      <attributes>
        <time>
          <beats>6</beats>
          <beat-type>4</beat-type>
        </time>
      </attributes>
      <note default-x="46">
        <pitch>
          <step>D</step>
          <octave>5</octave>
        </pitch>
        <duration>4</duration>
        <voice>1</voice>
        <type>quarter</type>
        <stem default-y="-45">down</stem>
        <lyric default-y="-67" number="1" relative-x="-5">
          <syllabic>begin</syllabic>
          <text>хе</text>
        </lyric>
      </note>
      <note default-x="74">
        <pitch>
          <step>D</step>
          <octave>5</octave>
        </pitch>
        <duration>4</duration>
        <voice>1</voice>
        <type>quarter</type>
        <stem default-y="-45">down</stem>
        <lyric default-y="-67" number="1">
          <syllabic>middle</syllabic>
          <text>ру</text>
        </lyric>
      </note>
      <note default-x="103">
        <pitch>
          <step>E</step>
          <octave>5</octave>
        </pitch>
        <duration>4</duration>
        <voice>1</voice>
        <type>quarter</type>
        <stem default-y="-40">down</stem>
        <notations>
          <slur bezier-x="13" bezier-y="12" default-x="6" default-y="5" number="1" placement="above" type="start"/>
        </notations>
        <lyric default-y="-67" number="1" relative-x="4">
          <syllabic>middle</syllabic>
          <text>ви</text>
        </lyric>
      </note>
      <note default-x="127">
        <pitch>
          <step>D</step>
          <octave>5</octave>
        </pitch>
        <duration>2</duration>
        <voice>1</voice>
        <type>eighth</type>
        <stem default-y="-45">down</stem>
        <beam number="1">begin</beam>
      </note>
      <note default-x="146">
        <pitch>
          <step>E</step>
          <octave>5</octave>
        </pitch>
        <duration>2</duration>
        <voice>1</voice>
        <type>eighth</type>
        <stem default-y="-40">down</stem>
        <beam number="1">end</beam>
        <notations>
          <slur bezier-x="-12" bezier-y="12" default-x="6" default-y="5" number="1" type="stop"/>
        </notations>
      </note>
      <note default-x="170">
        <pitch>
          <step>C</step>
          <octave>5</octave>
        </pitch>
        <duration>8</duration>
        <voice>1</voice>
        <type>half</type>
        <stem default-y="-50">down</stem>
        <lyric default-y="-67" number="1">
          <syllabic>end</syllabic>
          <text>ми</text>
        </lyric>
      </note>
    </measure>
    <!--=======================================================-->
    <measure number="3" width="150">
      <attributes>
        <time symbol="common">
          <beats>4</beats>
          <beat-type>4</beat-type>
        </time>
      </attributes>
      <note default-x="45">
        <pitch>
          <step>E</step>
          <octave>5</octave>
        </pitch>
        <duration>4</duration>
        <voice>1</voice>
        <type>quarter</type>
        <stem default-y="-40">down</stem>
        <notations>
          <slur bezier-x="13" bezier-y="12" default-x="6" default-y="5" number="1" placement="above" type="start"/>
        </notations>
        <lyric default-y="-67" number="1">
          <syllabic>begin</syllabic>
          <text>тай</text>
        </lyric>
      </note>
      <note default-x="70">
        <pitch>
          <step>D</step>
          <octave>5</octave>
        </pitch>
        <duration>2</duration>
        <voice>1</voice>
        <type>eighth</type>
        <stem default-y="-45">down</stem>
        <beam number="1">begin</beam>
      </note>
      <note default-x="89">
        <pitch>
          <step>E</step>
          <octave>5</octave>
        </pitch>
        <duration>2</duration>
        <voice>1</voice>
        <type>eighth</type>
        <stem default-y="-40">down</stem>
        <beam number="1">end</beam>
        <notations>
          <slur bezier-x="-12" bezier-y="12" default-x="6" default-y="5" number="1" type="stop"/>
        </notations>
      </note>
      <note default-x="111">
        <pitch>
          <step>C</step>
          <octave>5</octave>
        </pitch>
        <duration>8</duration>
        <voice>1</voice>
        <type>half</type>
        <stem default-y="-50">down</stem>
        <lyric default-y="-67" number="1">
          <syllabic>end</syllabic>
          <text>но</text>
        </lyric>
      </note>
    </measure>
    <!--=======================================================-->
    <measure number="4" width="234">
      <attributes>
        <time>
          <beats>5</beats>
          <beat-type>4</beat-type>
        </time>
      </attributes>
      <note default-x="46">
        <pitch>
          <step>C</step>
          <octave>5</octave>
        </pitch>
        <duration>2</duration>
        <voice>1</voice>
        <type>eighth</type>
        <stem default-y="-50">down</stem>
        <beam number="1">begin</beam>
        <notations>
          <slur bezier-x="20" bezier-y="29" default-x="6" default-y="-5" number="1" placement="above" type="start"/>
        </notations>
        <lyric default-y="-67" number="1">
          <syllabic>begin</syllabic>
          <text>о</text>
        </lyric>
      </note>
      <note default-x="64">
        <pitch>
          <step>E</step>
          <octave>5</octave>
        </pitch>
        <duration>2</duration>
        <voice>1</voice>
        <type>eighth</type>
        <stem default-y="-48">down</stem>
        <beam number="1">continue</beam>
      </note>
      <note default-x="82">
        <pitch>
          <step>D</step>
          <octave>5</octave>
        </pitch>
        <duration>2</duration>
        <voice>1</voice>
        <type>eighth</type>
        <stem default-y="-46.5">down</stem>
        <beam number="1">continue</beam>
      </note>
      <note default-x="100">
        <pitch>
          <step>E</step>
          <octave>5</octave>
        </pitch>
        <duration>2</duration>
        <voice>1</voice>
        <type>eighth</type>
        <stem default-y="-45">down</stem>
        <beam number="1">end</beam>
      </note>
      <note default-x="118">
        <pitch>
          <step>C</step>
          <octave>5</octave>
        </pitch>
        <duration>4</duration>
        <voice>1</voice>
        <type>quarter</type>
        <stem default-y="-50">down</stem>
      </note>
      <note default-x="136">
        <pitch>
          <step>E</step>
          <octave>5</octave>
        </pitch>
        <duration>6</duration>
        <voice>1</voice>
        <type>quarter</type>
        <dot/>
        <stem default-y="-40">down</stem>
        <notations>
          <slur bezier-x="-24" bezier-y="25" default-x="6" default-y="5" number="1" type="stop"/>
        </notations>
      </note>
      <note default-x="170">
        <pitch>
          <step>D</step>
          <octave>5</octave>
        </pitch>
        <duration>2</duration>
        <voice>1</voice>
        <type>eighth</type>
        <stem default-y="-45">down</stem>
        <lyric default-y="-67" number="1">
          <syllabic>middle</syllabic>
          <text>бра</text>
        </lyric>
      </note>
    </measure>
    <!--=======================================================-->
    <measure number="5" width="293">
      <print new-system="yes">
        <system-layout>
          <system-distance>51</system-distance>
        </system-layout>
      </print>
      <attributes>
        <time>
          <beats>6</beats>
          <beat-type>4</beat-type>
        </time>
      </attributes>
      <note default-x="83">
        <pitch>
          <step>C</step>
          <octave>5</octave>
        </pitch>
        <duration>4</duration>
        <voice>1</voice>
        <type>quarter</type>
        <stem default-y="-50">down</stem>
        <lyric default-y="-67" number="1">
          <syllabic>middle</syllabic>
          <text>зу</text>
        </lyric>
      </note>
      <note default-x="128">
        <pitch>
          <step>B</step>
          <octave>4</octave>
        </pitch>
        <duration>4</duration>
        <voice>1</voice>
        <type>quarter</type>
        <stem default-y="-55">down</stem>
        <lyric default-y="-67" number="1">
          <syllabic>middle</syllabic>
          <text>ю</text>
        </lyric>
      </note>
      <note default-x="174">
        <pitch>
          <step>A</step>
          <octave>4</octave>
        </pitch>
        <duration>16</duration>
        <voice>1</voice>
        <type>whole</type>
        <lyric default-y="-67" number="1">
          <syllabic>end</syllabic>
          <text>ще.</text>
        </lyric>
      </note>
    </measure>
    <!--=======================================================-->
    <measure number="6" width="241">
      <attributes>
        <time symbol="common">
          <beats>4</beats>
          <beat-type>4</beat-type>
        </time>
      </attributes>
      <note default-x="45">
        <pitch>
          <step>E</step>
          <octave>5</octave>
        </pitch>
        <duration>4</duration>
        <voice>1</voice>
        <type>quarter</type>
        <stem default-y="-40">down</stem>
        <notations>
          <slur bezier-x="20" bezier-y="17" default-x="6" default-y="5" number="1" placement="above" type="start"/>
        </notations>
        <lyric default-y="-67" number="1">
          <syllabic>single</syllabic>
          <text>І</text>
        </lyric>
      </note>
      <note default-x="91">
        <pitch>
          <step>D</step>
          <octave>5</octave>
        </pitch>
        <duration>2</duration>
        <voice>1</voice>
        <type>eighth</type>
        <stem default-y="-45">down</stem>
        <beam number="1">begin</beam>
      </note>
      <note default-x="120">
        <pitch>
          <step>E</step>
          <octave>5</octave>
        </pitch>
        <duration>2</duration>
        <voice>1</voice>
        <type>eighth</type>
        <stem default-y="-40">down</stem>
        <beam number="1">end</beam>
        <notations>
          <slur bezier-x="-20" bezier-y="17" default-x="6" default-y="5" number="1" type="stop"/>
        </notations>
      </note>
      <note default-x="148">
        <pitch>
          <step>C</step>
          <octave>5</octave>
        </pitch>
        <duration>4</duration>
        <voice>1</voice>
        <type>quarter</type>
        <stem default-y="-50">down</stem>
        <lyric default-y="-67" number="1">
          <syllabic>begin</syllabic>
          <text>жи</text>
        </lyric>
      </note>
      <note default-x="194">
        <pitch>
          <step>D</step>
          <octave>5</octave>
        </pitch>
        <duration>4</duration>
        <voice>1</voice>
        <type>quarter</type>
        <stem default-y="-45">down</stem>
        <lyric default-y="-67" number="1">
          <syllabic>middle</syllabic>
          <text>во</text>
        </lyric>
      </note>
    </measure>
    <!--=======================================================-->
    <measure number="7" width="308">
      <attributes>
        <time>
          <beats>5</beats>
          <beat-type>4</beat-type>
        </time>
      </attributes>
      <note default-x="46">
        <pitch>
          <step>D</step>
          <octave>5</octave>
        </pitch>
        <duration>4</duration>
        <voice>1</voice>
        <type>quarter</type>
        <stem default-y="-45">down</stem>
        <lyric default-y="-67" number="1">
          <syllabic>middle</syllabic>
          <text>тво</text>
        </lyric>
      </note>
      <note default-x="93">
        <pitch>
          <step>E</step>
          <octave>5</octave>
        </pitch>
        <duration>4</duration>
        <voice>1</voice>
        <type>quarter</type>
        <stem default-y="-40">down</stem>
        <notations>
          <slur bezier-x="21" bezier-y="18" default-x="6" default-y="5" number="1" placement="above" type="start"/>
        </notations>
        <lyric default-y="-67" number="1" relative-x="3">
          <syllabic>middle</syllabic>
          <text>ря</text>
        </lyric>
      </note>
      <note default-x="140">
        <pitch>
          <step>D</step>
          <octave>5</octave>
        </pitch>
        <duration>2</duration>
        <voice>1</voice>
        <type>eighth</type>
        <stem default-y="-45">down</stem>
        <beam number="1">begin</beam>
      </note>
      <note default-x="170">
        <pitch>
          <step>E</step>
          <octave>5</octave>
        </pitch>
        <duration>2</duration>
        <voice>1</voice>
        <type>eighth</type>
        <stem default-y="-40">down</stem>
        <beam number="1">end</beam>
        <notations>
          <slur bezier-x="-21" bezier-y="18" default-x="6" default-y="5" number="1" type="stop"/>
        </notations>
      </note>
      <note default-x="199">
        <pitch>
          <step>C</step>
          <octave>5</octave>
        </pitch>
        <duration>8</duration>
        <voice>1</voice>
        <type>half</type>
        <stem default-y="-50">down</stem>
        <lyric default-y="-67" number="1">
          <syllabic>end</syllabic>
          <text>щей</text>
        </lyric>
      </note>
    </measure>
    <!--=======================================================-->
    <measure number="8" width="282">
      <print new-system="yes">
        <system-layout>
          <system-distance>52</system-distance>
        </system-layout>
      </print>
      <attributes>
        <time symbol="common">
          <beats>4</beats>
          <beat-type>4</beat-type>
        </time>
      </attributes>
      <note default-x="82">
        <pitch>
          <step>C</step>
          <octave>5</octave>
        </pitch>
        <duration>4</duration>
        <voice>1</voice>
        <type>quarter</type>
        <stem default-y="-50">down</stem>
        <notations>
          <slur bezier-x="23" bezier-y="19" default-x="6" default-y="-5" number="1" placement="above" type="start"/>
        </notations>
        <lyric default-y="-67" number="1">
          <syllabic>begin</syllabic>
          <text>Трой</text>
        </lyric>
      </note>
      <note default-x="134">
        <pitch>
          <step>B</step>
          <octave>4</octave>
        </pitch>
        <duration>2</duration>
        <voice>1</voice>
        <type>eighth</type>
        <stem default-y="-55">down</stem>
        <beam number="1">begin</beam>
      </note>
      <note default-x="166">
        <pitch>
          <step>C</step>
          <octave>5</octave>
        </pitch>
        <duration>2</duration>
        <voice>1</voice>
        <type>eighth</type>
        <stem default-y="-50">down</stem>
        <beam number="1">end</beam>
        <notations>
          <slur bezier-x="-22" bezier-y="19" default-x="6" default-y="-5" number="1" type="stop"/>
        </notations>
      </note>
      <note default-x="198">
        <pitch>
          <step>A</step>
          <octave>4</octave>
        </pitch>
        <duration>8</duration>
        <voice>1</voice>
        <type>half</type>
        <stem default-y="10">up</stem>
        <lyric default-y="-67" number="1">
          <syllabic>end</syllabic>
          <text>ці,</text>
        </lyric>
      </note>
    </measure>
    <!--=======================================================-->
    <measure number="9" width="230">
      <note default-x="13">
        <pitch>
          <step>E</step>
          <octave>5</octave>
        </pitch>
        <duration>6</duration>
        <voice>1</voice>
        <type>quarter</type>
        <dot/>
        <stem default-y="-40">down</stem>
        <lyric default-y="-67" number="1">
          <syllabic>begin</syllabic>
          <text>три</text>
        </lyric>
      </note>
      <note default-x="86">
        <pitch>
          <step>D</step>
          <octave>5</octave>
        </pitch>
        <duration>2</duration>
        <voice>1</voice>
        <type>eighth</type>
        <stem default-y="-45">down</stem>
        <lyric default-y="-67" number="1">
          <syllabic>middle</syllabic>
          <text>свя</text>
        </lyric>
      </note>
      <note default-x="120">
        <pitch>
          <step>F</step>
          <octave>5</octave>
        </pitch>
        <duration>4</duration>
        <voice>1</voice>
        <type>quarter</type>
        <stem default-y="-35">down</stem>
        <lyric default-y="-67" number="1" relative-x="3">
          <syllabic>middle</syllabic>
          <text>ту</text>
        </lyric>
      </note>
      <direction placement="below">
        <direction-type>
          <words default-y="-2">( )</words>
        </direction-type>
      </direction>
      <note default-x="175">
        <pitch>
          <step>E</step>
          <alter>-1</alter>
          <octave>5</octave>
        </pitch>
        <duration>4</duration>
        <voice>1</voice>
        <type>quarter</type>
        <accidental>flat</accidental>
        <stem default-y="-40">down</stem>
        <lyric default-y="-67" number="1">
          <syllabic>end</syllabic>
          <text>ю,</text>
        </lyric>
      </note>
    </measure>
    <!--=======================================================-->
    <measure number="10" width="330">
      <note default-x="13">
        <pitch>
          <step>D</step>
          <octave>5</octave>
        </pitch>
        <duration>2</duration>
        <voice>1</voice>
        <type>eighth</type>
        <stem default-y="-45">down</stem>
        <lyric default-y="-67" number="1">
          <syllabic>begin</syllabic>
          <text>три</text>
        </lyric>
      </note>
      <note default-x="53">
        <pitch>
          <step>D</step>
          <octave>5</octave>
        </pitch>
        <duration>2</duration>
        <voice>1</voice>
        <type>eighth</type>
        <stem default-y="-45">down</stem>
        <lyric default-y="-67" number="1">
          <syllabic>middle</syllabic>
          <text>свя</text>
        </lyric>
      </note>
      <note default-x="92">
        <pitch>
          <step>C</step>
          <alter>1</alter>
          <octave>5</octave>
        </pitch>
        <duration>2</duration>
        <voice>1</voice>
        <type>eighth</type>
        <accidental>sharp</accidental>
        <stem default-y="-50">down</stem>
        <lyric default-y="-67" number="1">
          <syllabic>middle</syllabic>
          <text>ту</text>
        </lyric>
      </note>
      <note default-x="132">
        <pitch>
          <step>C</step>
          <alter>1</alter>
          <octave>5</octave>
        </pitch>
        <duration>2</duration>
        <voice>1</voice>
        <type>eighth</type>
        <stem default-y="-50">down</stem>
        <lyric default-y="-67" number="1">
          <syllabic>end</syllabic>
          <text>ю</text>
        </lyric>
      </note>
      <note default-x="171">
        <pitch>
          <step>D</step>
          <octave>5</octave>
        </pitch>
        <duration>2</duration>
        <voice>1</voice>
        <type>eighth</type>
        <stem default-y="-45">down</stem>
        <beam number="1">begin</beam>
        <notations>
          <slur bezier-x="31" bezier-y="23" default-x="6" default-y="3" number="1" placement="above" type="start"/>
        </notations>
        <lyric default-y="-67" number="1" relative-x="18">
          <syllabic>single</syllabic>
          <text>пєснь</text>
        </lyric>
      </note>
      <note default-x="210">
        <pitch>
          <step>E</step>
          <octave>5</octave>
        </pitch>
        <duration>2</duration>
        <voice>1</voice>
        <type>eighth</type>
        <stem default-y="-46.5">down</stem>
        <beam number="1">continue</beam>
      </note>
      <note default-x="250">
        <pitch>
          <step>D</step>
          <octave>5</octave>
        </pitch>
        <duration>2</duration>
        <voice>1</voice>
        <type>eighth</type>
        <stem default-y="-48">down</stem>
        <beam number="1">continue</beam>
      </note>
      <note default-x="289">
        <pitch>
          <step>C</step>
          <octave>5</octave>
        </pitch>
        <duration>2</duration>
        <voice>1</voice>
        <type>eighth</type>
        <accidental>natural</accidental>
        <stem default-y="-50">down</stem>
        <beam number="1">end</beam>
        <notations>
          <slur bezier-x="-28" bezier-y="27" default-x="6" default-y="-5" number="1" type="stop"/>
        </notations>
      </note>
    </measure>
    <!--=======================================================-->
    <measure number="11" width="256">
      <print new-system="yes">
        <system-layout>
          <system-distance>52</system-distance>
        </system-layout>
      </print>
      <note default-x="50">
        <pitch>
          <step>C</step>
          <octave>5</octave>
        </pitch>
        <duration>2</duration>
        <voice>1</voice>
        <type>eighth</type>
        <stem default-y="-50">down</stem>
        <beam number="1">begin</beam>
        <notations>
          <slur bezier-x="29" bezier-y="25" default-x="6" default-y="-5" number="1" placement="above" type="start"/>
        </notations>
        <lyric default-y="-67" number="1">
          <syllabic>begin</syllabic>
          <text>при</text>
        </lyric>
      </note>
      <note default-x="79">
        <pitch>
          <step>E</step>
          <octave>5</octave>
        </pitch>
        <duration>2</duration>
        <voice>1</voice>
        <type>eighth</type>
        <stem default-y="-48">down</stem>
        <beam number="1">continue</beam>
      </note>
      <note default-x="107">
        <pitch>
          <step>D</step>
          <octave>5</octave>
        </pitch>
        <duration>2</duration>
        <voice>1</voice>
        <type>eighth</type>
        <stem default-y="-46.5">down</stem>
        <beam number="1">continue</beam>
      </note>
      <note default-x="135">
        <pitch>
          <step>E</step>
          <octave>5</octave>
        </pitch>
        <duration>2</duration>
        <voice>1</voice>
        <type>eighth</type>
        <stem default-y="-45">down</stem>
        <beam number="1">end</beam>
      </note>
      <note default-x="164">
        <pitch>
          <step>C</step>
          <octave>5</octave>
        </pitch>
        <duration>4</duration>
        <voice>1</voice>
        <type>quarter</type>
        <stem default-y="-50">down</stem>
        <notations>
          <slur bezier-x="-29" bezier-y="25" default-x="6" default-y="-5" number="1" type="stop"/>
        </notations>
      </note>
      <note default-x="209">
        <pitch>
          <step>E</step>
          <octave>5</octave>
        </pitch>
        <duration>4</duration>
        <voice>1</voice>
        <type>quarter</type>
        <stem default-y="-40">down</stem>
        <lyric default-y="-67" number="1">
          <syllabic>middle</syllabic>
          <text>пє</text>
        </lyric>
      </note>
    </measure>
    <!--=======================================================-->
    <measure number="12" width="289">
      <attributes>
        <time>
          <beats>6</beats>
          <beat-type>4</beat-type>
        </time>
      </attributes>
      <note default-x="46">
        <pitch>
          <step>D</step>
          <octave>5</octave>
        </pitch>
        <duration>4</duration>
        <voice>1</voice>
        <type>quarter</type>
        <stem default-y="-45">down</stem>
        <notations>
          <slur bezier-x="16" bezier-y="10" default-x="6" default-y="3" number="1" placement="above" type="start"/>
        </notations>
        <lyric default-y="-67" number="1">
          <syllabic>middle</syllabic>
          <text>ва</text>
        </lyric>
      </note>
      <note default-x="94">
        <pitch>
          <step>C</step>
          <octave>5</octave>
        </pitch>
        <duration>2</duration>
        <voice>1</voice>
        <type>eighth</type>
        <stem default-y="-50">down</stem>
        <notations>
          <slur bezier-x="-11" bezier-y="15" default-x="6" default-y="-5" number="1" type="stop"/>
        </notations>
      </note>
      <note default-x="123">
        <pitch>
          <step>B</step>
          <octave>4</octave>
        </pitch>
        <duration>2</duration>
        <voice>1</voice>
        <type>eighth</type>
        <stem default-y="-55">down</stem>
        <lyric default-y="-67" number="1">
          <syllabic>middle</syllabic>
          <text>ю</text>
        </lyric>
      </note>
      <note default-x="153">
        <pitch>
          <step>A</step>
          <octave>4</octave>
        </pitch>
        <duration>16</duration>
        <voice>1</voice>
        <type>whole</type>
        <lyric default-y="-67" number="1">
          <syllabic>end</syllabic>
          <text>ще.</text>
        </lyric>
      </note>
      <barline location="right">
        <bar-style>light-heavy</bar-style>
      </barline>
    </measure>
    <!--=======================================================-->
    <measure number="13" width="298">
      <attributes>
        <time>
          <beats>5</beats>
          <beat-type>4</beat-type>
        </time>
      </attributes>
      <note default-x="45">
        <pitch>
          <step>E</step>
          <octave>5</octave>
        </pitch>
        <duration>6</duration>
        <voice>1</voice>
        <type>quarter</type>
        <dot/>
        <stem default-y="-40">down</stem>
        <notations>
          <slur bezier-x="17" bezier-y="14" default-x="6" default-y="5" number="1" placement="above" type="start"/>
        </notations>
        <lyric default-y="-67" number="1" relative-x="5">
          <syllabic>single</syllabic>
          <text>2.</text>
          <elision> </elision>
          <syllabic>begin</syllabic>
          <text>Вся</text>
        </lyric>
      </note>
      <note default-x="105">
        <pitch>
          <step>D</step>
          <octave>5</octave>
        </pitch>
        <duration>2</duration>
        <voice>1</voice>
        <type>eighth</type>
        <stem default-y="-45">down</stem>
        <notations>
          <slur bezier-x="-16" bezier-y="15" default-x="6" default-y="3" number="1" type="stop"/>
        </notations>
      </note>
      <note default-x="134">
        <pitch>
          <step>C</step>
          <octave>5</octave>
        </pitch>
        <duration>2</duration>
        <voice>1</voice>
        <type>eighth</type>
        <stem default-y="-50">down</stem>
        <beam number="1">begin</beam>
        <notations>
          <slur bezier-x="9" bezier-y="9" default-x="6" default-y="-5" number="1" placement="above" type="start"/>
        </notations>
        <lyric default-y="-67" number="1" relative-x="3">
          <syllabic>middle</syllabic>
          <text>ко</text>
        </lyric>
      </note>
      <note default-x="162">
        <pitch>
          <step>B</step>
          <octave>4</octave>
        </pitch>
        <duration>2</duration>
        <voice>1</voice>
        <type>eighth</type>
        <stem default-y="-55">down</stem>
        <beam number="1">end</beam>
        <notations>
          <slur bezier-x="-8" bezier-y="10" default-x="6" default-y="-7" number="1" type="stop"/>
        </notations>
      </note>
      <note default-x="190">
        <pitch>
          <step>C</step>
          <octave>5</octave>
        </pitch>
        <duration>8</duration>
        <voice>1</voice>
        <type>half</type>
        <stem default-y="-50">down</stem>
        <lyric default-y="-67" number="1">
          <syllabic>end</syllabic>
          <text>є</text>
        </lyric>
      </note>
    </measure>
    <!--=======================================================-->
    <measure number="14" width="299">
      <print new-system="yes">
        <system-layout>
          <system-distance>54</system-distance>
        </system-layout>
      </print>
      <attributes>
        <time>
          <beats>6</beats>
          <beat-type>4</beat-type>
        </time>
      </attributes>
      <note default-x="83">
        <pitch>
          <step>D</step>
          <octave>5</octave>
        </pitch>
        <duration>4</duration>
        <voice>1</voice>
        <type>quarter</type>
        <stem default-y="-45">down</stem>
        <notations>
          <slur bezier-x="35" bezier-y="26" default-x="6" default-y="3" number="1" placement="above" type="start"/>
        </notations>
        <lyric default-y="-67" number="1">
          <syllabic>begin</syllabic>
          <text>ни</text>
        </lyric>
      </note>
      <note default-x="118">
        <pitch>
          <step>D</step>
          <octave>5</octave>
        </pitch>
        <duration>4</duration>
        <voice>1</voice>
        <type>quarter</type>
        <stem default-y="-45">down</stem>
        <lyric default-y="-67" number="1">
          <syllabic>end</syllabic>
          <text>ні,</text>
        </lyric>
      </note>
      <note default-x="152">
        <pitch>
          <step>D</step>
          <octave>5</octave>
        </pitch>
        <duration>4</duration>
        <voice>1</voice>
        <type>quarter</type>
        <stem default-y="-45">down</stem>
        <lyric default-y="-67" number="1" relative-x="4">
          <syllabic>begin</syllabic>
          <text>ни</text>
        </lyric>
      </note>
      <note default-x="185">
        <pitch>
          <step>E</step>
          <octave>5</octave>
        </pitch>
        <duration>2</duration>
        <voice>1</voice>
        <type>eighth</type>
        <stem default-y="-45">down</stem>
        <beam number="1">begin</beam>
      </note>
      <note default-x="207">
        <pitch>
          <step>D</step>
          <octave>5</octave>
        </pitch>
        <duration>1</duration>
        <voice>1</voice>
        <type>16th</type>
        <stem default-y="-45">down</stem>
        <beam number="1">continue</beam>
        <beam number="2">begin</beam>
      </note>
      <note default-x="225">
        <pitch>
          <step>E</step>
          <octave>5</octave>
        </pitch>
        <duration>1</duration>
        <voice>1</voice>
        <type>16th</type>
        <stem default-y="-45">down</stem>
        <beam number="1">end</beam>
        <beam number="2">end</beam>
        <notations>
          <slur bezier-x="-35" bezier-y="25" default-x="6" default-y="5" number="1" type="stop"/>
        </notations>
      </note>
      <note default-x="244">
        <pitch>
          <step>C</step>
          <octave>5</octave>
        </pitch>
        <duration>8</duration>
        <voice>1</voice>
        <type>half</type>
        <stem default-y="-50">down</stem>
        <lyric default-y="-67" number="1">
          <syllabic>end</syllabic>
          <text>ні</text>
        </lyric>
      </note>
    </measure>
    <!--=======================================================-->
    <measure number="15" width="299">
      <attributes>
        <time>
          <beats>7</beats>
          <beat-type>4</beat-type>
        </time>
      </attributes>
      <note default-x="46">
        <pitch>
          <step>E</step>
          <octave>5</octave>
        </pitch>
        <duration>6</duration>
        <voice>1</voice>
        <type>quarter</type>
        <dot/>
        <stem default-y="-40">down</stem>
        <lyric default-y="-67" number="1">
          <syllabic>begin</syllabic>
          <text>жи</text>
        </lyric>
      </note>
      <note default-x="91">
        <pitch>
          <step>D</step>
          <octave>5</octave>
        </pitch>
        <duration>2</duration>
        <voice>1</voice>
        <type>eighth</type>
        <stem default-y="-45">down</stem>
        <lyric default-y="-67" number="1">
          <syllabic>middle</syllabic>
          <text>тєй</text>
        </lyric>
      </note>
      <note default-x="134">
        <pitch>
          <step>D</step>
          <octave>5</octave>
        </pitch>
        <duration>4</duration>
        <voice>1</voice>
        <type>quarter</type>
        <stem default-y="-45">down</stem>
        <lyric default-y="-67" number="1">
          <syllabic>middle</syllabic>
          <text>сько</text>
        </lyric>
      </note>
      <note default-x="169">
        <pitch>
          <step>C</step>
          <octave>5</octave>
        </pitch>
        <duration>4</duration>
        <voice>1</voice>
        <type>quarter</type>
        <stem default-y="-50">down</stem>
        <lyric default-y="-67" number="1">
          <syllabic>end</syllabic>
          <text>є,</text>
        </lyric>
      </note>
      <note default-x="203">
        <pitch>
          <step>D</step>
          <octave>5</octave>
        </pitch>
        <duration>2</duration>
        <voice>1</voice>
        <type>eighth</type>
        <stem default-y="-45">down</stem>
        <beam number="1">begin</beam>
        <notations>
          <slur bezier-x="4" bezier-y="10" default-x="6" default-y="3" number="1" placement="above" type="start"/>
        </notations>
        <lyric default-y="-67" number="1" relative-x="4">
          <syllabic>begin</syllabic>
          <text>ни</text>
        </lyric>
      </note>
      <note default-x="224">
        <pitch>
          <step>F</step>
          <octave>5</octave>
        </pitch>
        <duration>2</duration>
        <voice>1</voice>
        <type>eighth</type>
        <stem default-y="-40">down</stem>
        <beam number="1">end</beam>
        <notations>
          <slur bezier-x="-9" bezier-y="5" default-x="6" default-y="10" number="1" type="stop"/>
        </notations>
      </note>
      <note default-x="245">
        <pitch>
          <step>E</step>
          <octave>5</octave>
        </pitch>
        <duration>8</duration>
        <voice>1</voice>
        <type>half</type>
        <stem default-y="-40">down</stem>
        <lyric default-y="-67" number="1">
          <syllabic>end</syllabic>
          <text>ні</text>
        </lyric>
      </note>
    </measure>
    <!--=======================================================-->
    <measure number="16" width="244">
      <attributes>
        <time>
          <beats>5</beats>
          <beat-type>4</beat-type>
        </time>
      </attributes>
      <note default-x="46">
        <pitch>
          <step>D</step>
          <octave>5</octave>
        </pitch>
        <duration>4</duration>
        <voice>1</voice>
        <type>quarter</type>
        <stem default-y="-45">down</stem>
        <lyric default-y="-67" number="1">
          <syllabic>begin</syllabic>
          <text>жи</text>
        </lyric>
      </note>
      <note default-x="82">
        <pitch>
          <step>C</step>
          <octave>5</octave>
        </pitch>
        <duration>4</duration>
        <voice>1</voice>
        <type>quarter</type>
        <stem default-y="-50">down</stem>
        <lyric default-y="-67" number="1">
          <syllabic>middle</syllabic>
          <text>тєй</text>
        </lyric>
      </note>
      <note default-x="124">
        <pitch>
          <step>B</step>
          <octave>4</octave>
        </pitch>
        <duration>4</duration>
        <voice>1</voice>
        <type>quarter</type>
        <stem default-y="-55">down</stem>
        <lyric default-y="-67" number="1">
          <syllabic>middle</syllabic>
          <text>сько</text>
        </lyric>
      </note>
      <note default-x="159">
        <pitch>
          <step>C</step>
          <octave>5</octave>
        </pitch>
        <duration>8</duration>
        <voice>1</voice>
        <type>half</type>
        <stem default-y="-50">down</stem>
        <lyric default-y="-67" number="1">
          <syllabic>end</syllabic>
          <text>є</text>
        </lyric>
      </note>
    </measure>
    <!--=======================================================-->
    <measure number="17" width="235">
      <print new-system="yes">
        <system-layout>
          <system-distance>49</system-distance>
        </system-layout>
      </print>
      <attributes>
        <time symbol="common">
          <beats>4</beats>
          <beat-type>4</beat-type>
        </time>
      </attributes>
      <note default-x="82">
        <pitch>
          <step>E</step>
          <octave>5</octave>
        </pitch>
        <duration>6</duration>
        <voice>1</voice>
        <type>quarter</type>
        <dot/>
        <stem default-y="-40">down</stem>
        <lyric default-y="-67" number="1">
          <syllabic>begin</syllabic>
          <text>от</text>
        </lyric>
      </note>
      <note default-x="128">
        <pitch>
          <step>D</step>
          <octave>5</octave>
        </pitch>
        <duration>2</duration>
        <voice>1</voice>
        <type>eighth</type>
        <stem default-y="-45">down</stem>
        <lyric default-y="-67" number="1">
          <syllabic>middle</syllabic>
          <text>ло</text>
        </lyric>
      </note>
      <note default-x="165">
        <pitch>
          <step>F</step>
          <octave>5</octave>
        </pitch>
        <duration>4</duration>
        <voice>1</voice>
        <type>quarter</type>
        <stem default-y="-35">down</stem>
        <notations>
          <slur bezier-x="11" bezier-y="8" default-x="6" default-y="10" number="1" placement="above" type="start"/>
        </notations>
        <lyric default-y="-67" number="1">
          <syllabic>end</syllabic>
          <text>жим</text>
        </lyric>
      </note>
      <note default-x="200">
        <pitch>
          <step>E</step>
          <octave>5</octave>
        </pitch>
        <duration>4</duration>
        <voice>1</voice>
        <type>quarter</type>
        <stem default-y="-40">down</stem>
        <notations>
          <slur bezier-x="-8" bezier-y="11" default-x="6" default-y="5" number="1" type="stop"/>
        </notations>
      </note>
    </measure>
    <!--=======================================================-->
    <measure number="18" width="178">
      <note default-x="13">
        <pitch>
          <step>D</step>
          <octave>5</octave>
        </pitch>
        <duration>2</duration>
        <voice>1</voice>
        <type>eighth</type>
        <stem default-y="-45">down</stem>
        <lyric default-y="-67" number="1">
          <syllabic>begin</syllabic>
          <text>по</text>
        </lyric>
      </note>
      <note default-x="42">
        <pitch>
          <step>D</step>
          <octave>5</octave>
        </pitch>
        <duration>2</duration>
        <voice>1</voice>
        <type>eighth</type>
        <stem default-y="-45">down</stem>
        <lyric default-y="-67" number="1">
          <syllabic>middle</syllabic>
          <text>пе</text>
        </lyric>
      </note>
      <note default-x="73">
        <pitch>
          <step>C</step>
          <alter>1</alter>
          <octave>5</octave>
        </pitch>
        <duration>2</duration>
        <voice>1</voice>
        <type>eighth</type>
        <accidental>sharp</accidental>
        <stem default-y="-50">down</stem>
        <lyric default-y="-67" number="1">
          <syllabic>middle</syllabic>
          <text>че</text>
        </lyric>
      </note>
      <note default-x="100">
        <pitch>
          <step>C</step>
          <alter>1</alter>
          <octave>5</octave>
        </pitch>
        <duration>2</duration>
        <voice>1</voice>
        <type>eighth</type>
        <stem default-y="-50">down</stem>
        <lyric default-y="-67" number="1">
          <syllabic>middle</syllabic>
          <text>ні</text>
        </lyric>
      </note>
      <note default-x="123">
        <pitch>
          <step>D</step>
          <octave>5</octave>
        </pitch>
        <duration>8</duration>
        <voice>1</voice>
        <type>half</type>
        <stem default-y="-45">down</stem>
        <lyric default-y="-67" number="1">
          <syllabic>end</syllabic>
          <text>є,</text>
        </lyric>
      </note>
    </measure>
    <!--=======================================================-->
    <measure number="19" width="155">
      <note default-x="13">
        <pitch>
          <step>D</step>
          <octave>5</octave>
        </pitch>
        <duration>6</duration>
        <voice>1</voice>
        <type>quarter</type>
        <dot/>
        <stem default-y="-45">down</stem>
        <lyric default-y="-67" number="1">
          <syllabic>begin</syllabic>
          <text>от</text>
        </lyric>
      </note>
      <note default-x="59">
        <pitch>
          <step>C</step>
          <octave>5</octave>
        </pitch>
        <duration>2</duration>
        <voice>1</voice>
        <type>eighth</type>
        <stem default-y="-50">down</stem>
        <lyric default-y="-67" number="1">
          <syllabic>middle</syllabic>
          <text>ло</text>
        </lyric>
      </note>
      <note default-x="88">
        <pitch>
          <step>E</step>
          <octave>5</octave>
        </pitch>
        <duration>6</duration>
        <voice>1</voice>
        <type>quarter</type>
        <dot/>
        <stem default-y="-40">down</stem>
        <notations>
          <slur bezier-x="13" bezier-y="12" default-x="6" default-y="5" number="1" placement="above" type="start"/>
        </notations>
        <lyric default-y="-67" number="1" relative-x="10">
          <syllabic>end</syllabic>
          <text>жим</text>
        </lyric>
      </note>
      <note default-x="133">
        <pitch>
          <step>D</step>
          <octave>5</octave>
        </pitch>
        <duration>2</duration>
        <voice>1</voice>
        <type>eighth</type>
        <stem default-y="-45">down</stem>
        <notations>
          <slur bezier-x="-12" bezier-y="13" default-x="6" default-y="3" number="1" type="stop"/>
        </notations>
      </note>
    </measure>
    <!--=======================================================-->
    <measure number="20" width="274">
      <attributes>
        <time>
          <beats>7</beats>
          <beat-type>4</beat-type>
        </time>
      </attributes>
      <note default-x="46">
        <pitch>
          <step>C</step>
          <octave>5</octave>
        </pitch>
        <duration>2</duration>
        <voice>1</voice>
        <type>eighth</type>
        <stem default-y="-50">down</stem>
        <lyric default-y="-67" number="1">
          <syllabic>begin</syllabic>
          <text>по</text>
        </lyric>
      </note>
      <note default-x="76">
        <pitch>
          <step>C</step>
          <octave>5</octave>
        </pitch>
        <duration>2</duration>
        <voice>1</voice>
        <type>eighth</type>
        <stem default-y="-50">down</stem>
        <lyric default-y="-67" number="1">
          <syllabic>middle</syllabic>
          <text>пе</text>
        </lyric>
      </note>
      <note default-x="105">
        <pitch>
          <step>B</step>
          <octave>4</octave>
        </pitch>
        <duration>4</duration>
        <voice>1</voice>
        <type>quarter</type>
        <stem default-y="-55">down</stem>
        <lyric default-y="-67" number="1">
          <syllabic>middle</syllabic>
          <text>че</text>
        </lyric>
      </note>
      <note default-x="140">
        <pitch>
          <step>B</step>
          <octave>4</octave>
        </pitch>
        <duration>4</duration>
        <voice>1</voice>
        <type>quarter</type>
        <stem default-y="-55">down</stem>
        <lyric default-y="-67" number="1">
          <syllabic>middle</syllabic>
          <text>ні</text>
        </lyric>
      </note>
      <note default-x="175">
        <pitch>
          <step>A</step>
          <octave>4</octave>
        </pitch>
        <duration>16</duration>
        <voice>1</voice>
        <type>whole</type>
        <lyric default-y="-67" number="1">
          <syllabic>end</syllabic>
          <text>є.</text>
        </lyric>
      </note>
      <barline location="right">
        <bar-style>light-heavy</bar-style>
      </barline>
    </measure>
  </part>
  <!--=========================================================-->
</score-partwise>
