<?xml version="1.0" encoding="UTF-8" standalone="no"?>
<!DOCTYPE score-partwise PUBLIC "-//Recordare//DTD MusicXML 4.0 Partwise//EN" "http://www.musicxml.org/dtds/partwise.dtd">
<score-partwise version="4.0">
  <identification>
    <encoding>
      <software>Finale v27.3 for Windows</software>
      <encoding-date>2024-04-30</encoding-date>
      <supports attribute="new-system" element="print" type="yes" value="yes"/>
      <supports attribute="new-page" element="print" type="yes" value="yes"/>
      <supports element="accidental" type="yes"/>
      <supports element="beam" type="yes"/>
      <supports element="stem" type="yes"/>
    </encoding>
  </identification>
  <defaults>
    <scaling>
      <millimeters>8.4667</millimeters>
      <tenths>40</tenths>
    </scaling>
    <page-layout>
      <page-height>1320</page-height>
      <page-width>1020</page-width>
      <page-margins type="both">
        <left-margin>60</left-margin>
        <right-margin>60</right-margin>
        <top-margin>60</top-margin>
        <bottom-margin>60</bottom-margin>
      </page-margins>
    </page-layout>
    <system-layout>
      <system-margins>
        <left-margin>0</left-margin>
        <right-margin>0</right-margin>
      </system-margins>
      <system-distance>110</system-distance>
      <top-system-distance>67</top-system-distance>
    </system-layout>
    <appearance>
      <line-width type="stem">0.7682</line-width>
      <line-width type="beam">5</line-width>
      <line-width type="staff">0.7682</line-width>
      <line-width type="light barline">0.7682</line-width>
      <line-width type="heavy barline">5</line-width>
      <line-width type="leger">0.7682</line-width>
      <line-width type="ending">0.7682</line-width>
      <line-width type="wedge">0.7682</line-width>
      <line-width type="enclosure">0.7682</line-width>
      <line-width type="tuplet bracket">0.7682</line-width>
      <note-size type="grace">50</note-size>
      <note-size type="cue">50</note-size>
      <distance type="hyphen">60</distance>
      <distance type="beam">7.5</distance>
    </appearance>
    <music-font font-family="Finale Maestro,engraved" font-size="24"/>
    <word-font font-family="Times New Roman" font-size="12"/>
    <lyric-font font-family="Times New Roman" font-size="12"/>
  </defaults>
  <credit page="1">
    <credit-words default-x="343" default-y="1068" font-size="19" valign="top">56. Ой містечко (ОК-ЩК-03)</credit-words>
  </credit>
  <credit page="1">
    <credit-words default-x="344" default-y="1028" valign="top">60</credit-words>
  </credit>
  <credit page="1">
    <credit-words default-x="123" default-y="105" valign="top" xml:space="preserve">Зап. у липні 1986 р. Дмитренко М. К. у с. Яхнівці Волочиського р-ну Хмельницької обл. від Щес-
няк Ніни Іванівни, 1937 р. н. Нотація Єфремової Л. О. </credit-words>
  </credit>
  <credit page="1">
    <credit-words default-x="135" default-y="637" font-size="17" valign="top" xml:space="preserve">1. Ой містечко
Берестечко,
Водит Ваня
Коня за вуздечку.
2. Ой водит він,
Водит по золотим 
                       мості,
Заїжджає
До батенька в гості.
3. А батенько
Не приймає,
Нехай Ваня
Сам старає.</credit-words>
  </credit>
  <credit page="1">
    <credit-words default-x="650" default-y="636" font-size="17" valign="top" xml:space="preserve">7. Ой водит він,
Водит по золотим мості,
Заїжджає
До милої в гості.
8. А миленька
Відчиняє
І всі гроші
Їму віддає.
</credit-words>
    <credit-words font-size="17" font-style="italic">Проказує:</credit-words>
    <credit-words font-size="17" font-style="normal" xml:space="preserve">
Від зірки до зірки,
До хорошої дівки,
Щоб із молодцем ходила,
Нас на весілля просила,
Добрий вечір! </credit-words>
  </credit>
  <credit page="1">
    <credit-words default-x="393" default-y="638" font-size="17" valign="top" xml:space="preserve">4. Ой водит він,
Водит по золотим 
                     мості,
Заїжджає
До матінки в гості.
5. А матінка
Не приймає,
Ворітцята
Зачиняє.
6. Ой містечко
Берестечко,
Водит Ваня
Коня за вуздечку.</credit-words>
  </credit>
  <credit page="1">
    <credit-words default-x="535" default-y="44" valign="top">68</credit-words>
  </credit>
  <part-list>
    <score-part id="P1">
      <part-name print-object="no">MusicXML Part</part-name>
      <group>score</group>
      <score-instrument id="P1-I1">
        <instrument-name>Èíñòðóìåíò 1</instrument-name>
      </score-instrument>
      <midi-instrument id="P1-I1">
        <midi-channel>1</midi-channel>
        <midi-program>1</midi-program>
        <volume>80</volume>
        <pan>0</pan>
      </midi-instrument>
    </score-part>
  </part-list>
  <!--=========================================================-->
  <part id="P1">
    <measure number="1" width="455">
      <print>
        <page-layout>
          <page-height>1320</page-height>
          <page-width>1020</page-width>
          <page-margins>
            <left-margin>120</left-margin>
            <right-margin>60</right-margin>
            <top-margin>60</top-margin>
            <bottom-margin>60</bottom-margin>
          </page-margins>
        </page-layout>
        <system-layout>
          <system-margins>
            <left-margin>60</left-margin>
            <right-margin>0</right-margin>
          </system-margins>
          <top-system-distance>273</top-system-distance>
        </system-layout>
        <measure-numbering>none</measure-numbering>
      </print>
      <attributes>
        <divisions>4</divisions>
        <key>
          <fifths>2</fifths>
          <mode>major</mode>
        </key>
        <time>
          <beats>3</beats>
          <beat-type>4</beat-type>
        </time>
        <clef>
          <sign>G</sign>
          <line>2</line>
          <clef-octave-change>-1</clef-octave-change>
        </clef>
      </attributes>
      <sound tempo="96">
        <swing>
          <straight/>
        </swing>
      </sound>
      <direction placement="above">
        <direction-type>
          <words default-y="22" relative-x="-120">quarter note equals</words>
        </direction-type>
      </direction>
      <note default-x="121">
        <pitch>
          <step>A</step>
          <octave>3</octave>
        </pitch>
        <duration>2</duration>
        <voice>1</voice>
        <type>eighth</type>
        <stem default-y="10">up</stem>
        <lyric default-y="-74" number="1">
          <syllabic>single</syllabic>
          <text>1.</text>
          <elision> </elision>
          <syllabic>single</syllabic>
          <text>Ой</text>
        </lyric>
      </note>
      <note default-x="180">
        <pitch>
          <step>C</step>
          <alter>1</alter>
          <octave>4</octave>
        </pitch>
        <duration>2</duration>
        <voice>1</voice>
        <type>eighth</type>
        <stem default-y="-50">down</stem>
        <lyric default-y="-74" number="1">
          <syllabic>begin</syllabic>
          <text>міс</text>
        </lyric>
      </note>
      <note default-x="240">
        <pitch>
          <step>B</step>
          <octave>3</octave>
        </pitch>
        <duration>4</duration>
        <voice>1</voice>
        <type>quarter</type>
        <stem default-y="-55">down</stem>
        <lyric default-y="-74" number="1">
          <syllabic>middle</syllabic>
          <text>теч</text>
        </lyric>
      </note>
      <note default-x="335">
        <pitch>
          <step>B</step>
          <octave>3</octave>
        </pitch>
        <duration>2</duration>
        <voice>1</voice>
        <type>eighth</type>
        <stem default-y="15">up</stem>
        <beam number="1">begin</beam>
        <notations>
          <slur bezier-x="16" bezier-y="-15" default-x="6" default-y="-33" number="1" placement="below" type="start"/>
        </notations>
        <lyric default-y="-74" number="1" relative-x="3">
          <syllabic>end</syllabic>
          <text>ко</text>
        </lyric>
      </note>
      <note default-x="395">
        <pitch>
          <step>A</step>
          <octave>3</octave>
        </pitch>
        <duration>2</duration>
        <voice>1</voice>
        <type>eighth</type>
        <stem default-y="10">up</stem>
        <beam number="1">end</beam>
        <notations>
          <slur bezier-x="-17" bezier-y="-14" default-x="6" default-y="-35" number="1" type="stop"/>
        </notations>
      </note>
    </measure>
    <!--=======================================================-->
    <measure number="2" width="325">
      <note default-x="13">
        <pitch>
          <step>C</step>
          <alter>1</alter>
          <octave>4</octave>
        </pitch>
        <duration>2</duration>
        <voice>1</voice>
        <type>eighth</type>
        <stem default-y="-50">down</stem>
        <lyric default-y="-74" number="1">
          <syllabic>begin</syllabic>
          <text>Бе</text>
        </lyric>
      </note>
      <note default-x="69">
        <pitch>
          <step>E</step>
          <octave>4</octave>
        </pitch>
        <duration>2</duration>
        <voice>1</voice>
        <type>eighth</type>
        <stem default-y="-40">down</stem>
        <lyric default-y="-74" number="1">
          <syllabic>middle</syllabic>
          <text>рес</text>
        </lyric>
      </note>
      <note default-x="124">
        <pitch>
          <step>D</step>
          <octave>4</octave>
        </pitch>
        <duration>4</duration>
        <voice>1</voice>
        <type>quarter</type>
        <stem default-y="-45">down</stem>
        <lyric default-y="-74" number="1">
          <syllabic>middle</syllabic>
          <text>теч</text>
        </lyric>
      </note>
      <note default-x="213">
        <pitch>
          <step>C</step>
          <alter>1</alter>
          <octave>4</octave>
        </pitch>
        <duration>2</duration>
        <voice>1</voice>
        <type>eighth</type>
        <stem default-y="-50">down</stem>
        <beam number="1">begin</beam>
        <notations>
          <slur bezier-x="16" bezier-y="13" default-x="6" default-y="-5" number="1" placement="above" type="start"/>
        </notations>
        <lyric default-y="-74" number="1" relative-x="3">
          <syllabic>end</syllabic>
          <text>ко,</text>
        </lyric>
      </note>
      <note default-x="269">
        <pitch>
          <step>B</step>
          <octave>3</octave>
        </pitch>
        <duration>2</duration>
        <voice>1</voice>
        <type>eighth</type>
        <stem default-y="-55">down</stem>
        <beam number="1">end</beam>
        <notations>
          <slur bezier-x="-15" bezier-y="14" default-x="6" default-y="-7" number="1" type="stop"/>
        </notations>
      </note>
    </measure>
    <!--=======================================================-->
    <measure number="3" width="393">
      <print new-system="yes">
        <system-layout>
          <system-distance>72</system-distance>
        </system-layout>
      </print>
      <note default-x="88">
        <pitch>
          <step>A</step>
          <octave>3</octave>
        </pitch>
        <duration>2</duration>
        <voice>1</voice>
        <type>eighth</type>
        <stem default-y="10">up</stem>
        <lyric default-y="-74" number="1">
          <syllabic>begin</syllabic>
          <text>во</text>
        </lyric>
      </note>
      <note default-x="143">
        <pitch>
          <step>C</step>
          <alter>1</alter>
          <octave>4</octave>
        </pitch>
        <duration>2</duration>
        <voice>1</voice>
        <type>eighth</type>
        <stem default-y="-50">down</stem>
        <lyric default-y="-74" number="1">
          <syllabic>end</syllabic>
          <text>дит</text>
        </lyric>
      </note>
      <note default-x="197">
        <pitch>
          <step>B</step>
          <octave>3</octave>
        </pitch>
        <duration>4</duration>
        <voice>1</voice>
        <type>quarter</type>
        <stem default-y="-55">down</stem>
        <lyric default-y="-74" number="1">
          <syllabic>begin</syllabic>
          <text>Ва</text>
        </lyric>
      </note>
      <note default-x="284">
        <pitch>
          <step>B</step>
          <octave>3</octave>
        </pitch>
        <duration>2</duration>
        <voice>1</voice>
        <type>eighth</type>
        <stem default-y="15">up</stem>
        <beam number="1">begin</beam>
        <notations>
          <slur bezier-x="15" bezier-y="-14" default-x="6" default-y="-33" number="1" placement="below" type="start"/>
        </notations>
        <lyric default-y="-74" number="1" relative-x="3">
          <syllabic>end</syllabic>
          <text>ня</text>
        </lyric>
      </note>
      <note default-x="338">
        <pitch>
          <step>A</step>
          <octave>3</octave>
        </pitch>
        <duration>2</duration>
        <voice>1</voice>
        <type>eighth</type>
        <stem default-y="10">up</stem>
        <beam number="1">end</beam>
        <notations>
          <slur bezier-x="-16" bezier-y="-13" default-x="6" default-y="-35" number="1" type="stop"/>
        </notations>
      </note>
    </measure>
    <!--=======================================================-->
    <measure number="4" width="447">
      <note default-x="13">
        <pitch>
          <step>C</step>
          <alter>1</alter>
          <octave>4</octave>
        </pitch>
        <duration>1</duration>
        <voice>1</voice>
        <type>16th</type>
        <stem default-y="-50">down</stem>
        <lyric default-y="-74" number="1">
          <syllabic>begin</syllabic>
          <text>ко</text>
        </lyric>
      </note>
      <note default-x="56">
        <pitch>
          <step>C</step>
          <alter>1</alter>
          <octave>4</octave>
        </pitch>
        <duration>1</duration>
        <voice>1</voice>
        <type>16th</type>
        <stem default-y="-50">down</stem>
        <lyric default-y="-74" number="1">
          <syllabic>end</syllabic>
          <text>ня</text>
        </lyric>
      </note>
      <note default-x="99">
        <pitch>
          <step>C</step>
          <alter>1</alter>
          <octave>4</octave>
        </pitch>
        <duration>1</duration>
        <voice>1</voice>
        <type>16th</type>
        <stem default-y="-50">down</stem>
        <lyric default-y="-74" number="1">
          <syllabic>single</syllabic>
          <text>за</text>
        </lyric>
      </note>
      <note default-x="142">
        <pitch>
          <step>B</step>
          <octave>3</octave>
        </pitch>
        <duration>1</duration>
        <voice>1</voice>
        <type>16th</type>
        <stem default-y="-55">down</stem>
        <lyric default-y="-74" number="1">
          <syllabic>begin</syllabic>
          <text>вуз</text>
        </lyric>
      </note>
      <note default-x="185">
        <pitch>
          <step>A</step>
          <octave>3</octave>
        </pitch>
        <duration>4</duration>
        <voice>1</voice>
        <type>quarter</type>
        <stem default-y="10">up</stem>
        <lyric default-y="-74" number="1">
          <syllabic>middle</syllabic>
          <text>деч</text>
        </lyric>
      </note>
      <note default-x="298">
        <pitch>
          <step>A</step>
          <octave>3</octave>
        </pitch>
        <duration>2</duration>
        <voice>1</voice>
        <type>eighth</type>
        <stem default-y="10">up</stem>
        <lyric default-y="-74" number="1">
          <syllabic>end</syllabic>
          <text>ку.</text>
        </lyric>
      </note>
      <note default-x="367">
        <rest/>
        <duration>2</duration>
        <voice>1</voice>
        <type>eighth</type>
      </note>
      <barline location="right">
        <bar-style>light-heavy</bar-style>
      </barline>
    </measure>
  </part>
  <!--=========================================================-->
</score-partwise>
