<?xml version="1.0" encoding="UTF-8" standalone="no"?>
<!DOCTYPE score-partwise PUBLIC "-//Recordare//DTD MusicXML 4.0 Partwise//EN" "http://www.musicxml.org/dtds/partwise.dtd">
<score-partwise version="4.0">
  <identification>
    <encoding>
      <software>Finale v27.3 for Windows</software>
      <encoding-date>2024-05-03</encoding-date>
      <supports attribute="new-system" element="print" type="yes" value="yes"/>
      <supports attribute="new-page" element="print" type="yes" value="yes"/>
      <supports element="accidental" type="yes"/>
      <supports element="beam" type="yes"/>
      <supports element="stem" type="yes"/>
    </encoding>
  </identification>
  <defaults>
    <scaling>
      <millimeters>8.4667</millimeters>
      <tenths>40</tenths>
    </scaling>
    <page-layout>
      <page-height>1320</page-height>
      <page-width>1020</page-width>
      <page-margins type="both">
        <left-margin>60</left-margin>
        <right-margin>60</right-margin>
        <top-margin>60</top-margin>
        <bottom-margin>60</bottom-margin>
      </page-margins>
    </page-layout>
    <system-layout>
      <system-margins>
        <left-margin>0</left-margin>
        <right-margin>0</right-margin>
      </system-margins>
      <system-distance>110</system-distance>
      <top-system-distance>67</top-system-distance>
    </system-layout>
    <appearance>
      <line-width type="stem">0.7682</line-width>
      <line-width type="beam">5</line-width>
      <line-width type="staff">0.7682</line-width>
      <line-width type="light barline">0.7682</line-width>
      <line-width type="heavy barline">5</line-width>
      <line-width type="leger">0.7682</line-width>
      <line-width type="ending">0.7682</line-width>
      <line-width type="wedge">0.7682</line-width>
      <line-width type="enclosure">0.7682</line-width>
      <line-width type="tuplet bracket">0.7682</line-width>
      <note-size type="grace">50</note-size>
      <note-size type="cue">50</note-size>
      <distance type="hyphen">60</distance>
      <distance type="beam">7.5</distance>
    </appearance>
    <music-font font-family="Finale Maestro,engraved" font-size="24"/>
    <word-font font-family="Times New Roman" font-size="12"/>
    <lyric-font font-family="Times New Roman" font-size="12"/>
  </defaults>
  <credit page="1">
    <credit-words default-x="120" default-y="105" valign="top" xml:space="preserve">Зап. 17 грудня 2006 р. Сигидин М. А. у с. Липи Кам’янець-Подільського р-ну Хмельницької обл. 
від Бучацької Ольги Іванівни, 1931 р. н. Розшифр. Єфремова Л. О., № 9.</credit-words>
  </credit>
  <credit page="1">
    <credit-words default-x="302" default-y="1211" font-size="19" valign="top">121. Ой на рікі, на Орданьці (ОК-ХК-03)</credit-words>
  </credit>
  <credit page="1">
    <credit-words default-x="365" default-y="1164" valign="top">70 Наспівно</credit-words>
  </credit>
  <credit page="1">
    <credit-words default-x="151" default-y="687" font-size="17" valign="top" xml:space="preserve">1. Ой на рікі, на Орданьці
Тиха вода стояла,
|: Там пречиста Дєва
Свого Сина й купала.:|
2. Та й купала, викупала,
В чорний кітай завила,
Та й в исільницю, 
Та й в исільницю й вложила,
Та й ризами, 
Та й ризами накрила.
3. Йа в тій вночі серед ночі
Де ся взяло й три воли,
|: Йа ті всі три воли
На то мале Дитя й дихали. :|
4. Йа с півночі на році
З’їхалося три царі,
|: Йа ті всі три царі
На то мале Дитя й дарували. :|</credit-words>
  </credit>
  <credit page="1">
    <credit-words default-x="569" default-y="687" font-size="17" valign="top" xml:space="preserve">5. Йа перший цар (2)
З миром кадило мирував,
Йа другий цар
Сусом Христом називав,
Йа третій цар золотую квіточку
В ручки дав.
6. Та не є тото (2)
Золотая квіточка,
Але є тото 
Цей перший день Рожиства,
По всьому світу,
По всьому миру й радісно.
7. Радуїтися, пане господару,
Йа в своїм дому,
Як ангели (2)
Йа в Божім раю.</credit-words>
  </credit>
  <credit page="1">
    <credit-words default-x="526" default-y="46" valign="top">113</credit-words>
  </credit>
  <part-list>
    <score-part id="P1">
      <part-name print-object="no">MusicXML Part</part-name>
      <group>score</group>
      <score-instrument id="P1-I1">
        <instrument-name>Èíñòðóìåíò 1</instrument-name>
      </score-instrument>
      <midi-instrument id="P1-I1">
        <midi-channel>1</midi-channel>
        <midi-program>1</midi-program>
        <volume>80</volume>
        <pan>0</pan>
      </midi-instrument>
    </score-part>
  </part-list>
  <!--=========================================================-->
  <part id="P1">
    <measure number="1" width="478">
      <print>
        <page-layout>
          <page-height>1320</page-height>
          <page-width>1020</page-width>
          <page-margins>
            <left-margin>116</left-margin>
            <right-margin>60</right-margin>
            <top-margin>60</top-margin>
            <bottom-margin>60</bottom-margin>
          </page-margins>
        </page-layout>
        <system-layout>
          <system-margins>
            <left-margin>60</left-margin>
            <right-margin>0</right-margin>
          </system-margins>
          <top-system-distance>128</top-system-distance>
        </system-layout>
        <measure-numbering>none</measure-numbering>
      </print>
      <attributes>
        <divisions>12</divisions>
        <key>
          <fifths>-2</fifths>
          <mode>major</mode>
        </key>
        <time>
          <beats>5</beats>
          <beat-type>4</beat-type>
        </time>
        <clef>
          <sign>G</sign>
          <line>2</line>
        </clef>
      </attributes>
      <sound tempo="70">
        <swing>
          <straight/>
        </swing>
      </sound>
      <direction placement="above">
        <direction-type>
          <words default-y="21" relative-x="-85">quarter note equals</words>
        </direction-type>
      </direction>
      <note default-x="119">
        <rest/>
        <duration>6</duration>
        <voice>1</voice>
        <type>eighth</type>
      </note>
      <note default-x="157">
        <pitch>
          <step>A</step>
          <octave>3</octave>
        </pitch>
        <duration>3</duration>
        <voice>1</voice>
        <type>16th</type>
        <stem default-y="-20">up</stem>
        <beam number="1">begin</beam>
        <beam number="2">begin</beam>
        <notations>
          <slur bezier-x="16" bezier-y="-10" default-x="6" default-y="-70" number="1" placement="below" type="start"/>
        </notations>
        <lyric default-y="-92" number="1">
          <syllabic>single</syllabic>
          <text>1.</text>
          <elision> </elision>
          <syllabic>single</syllabic>
          <text>Ой</text>
        </lyric>
      </note>
      <note default-x="181">
        <pitch>
          <step>B</step>
          <alter>-1</alter>
          <octave>3</octave>
        </pitch>
        <duration>3</duration>
        <voice>1</voice>
        <type>16th</type>
        <stem default-y="-15">up</stem>
        <beam number="1">end</beam>
        <beam number="2">end</beam>
      </note>
      <note default-x="205">
        <pitch>
          <step>C</step>
          <octave>4</octave>
        </pitch>
        <duration>12</duration>
        <voice>1</voice>
        <type>quarter</type>
        <stem default-y="-15">up</stem>
        <notations>
          <slur bezier-x="-11" bezier-y="-15" default-x="6" default-y="-60" number="1" type="stop"/>
        </notations>
      </note>
      <note default-x="267">
        <pitch>
          <step>D</step>
          <octave>4</octave>
        </pitch>
        <duration>12</duration>
        <voice>1</voice>
        <type>quarter</type>
        <stem default-y="-10">up</stem>
        <lyric default-y="-92" number="1">
          <syllabic>single</syllabic>
          <text>на</text>
        </lyric>
      </note>
      <note default-x="329">
        <pitch>
          <step>B</step>
          <alter>-1</alter>
          <octave>3</octave>
        </pitch>
        <duration>12</duration>
        <voice>1</voice>
        <type>quarter</type>
        <stem default-y="-20">up</stem>
        <lyric default-y="-92" number="1">
          <syllabic>begin</syllabic>
          <text>рі</text>
        </lyric>
      </note>
      <note default-x="391">
        <pitch>
          <step>E</step>
          <alter>-1</alter>
          <octave>4</octave>
        </pitch>
        <duration>4</duration>
        <voice>1</voice>
        <type>eighth</type>
        <time-modification>
          <actual-notes>3</actual-notes>
          <normal-notes>2</normal-notes>
        </time-modification>
        <stem default-y="-5">up</stem>
        <beam number="1">begin</beam>
        <notations>
          <tuplet bracket="yes" number="1" placement="above" type="start"/>
          <slur bezier-x="14" bezier-y="-17" default-x="6" default-y="-50" number="1" placement="below" type="start"/>
        </notations>
        <lyric default-y="-92" number="1">
          <syllabic>end</syllabic>
          <text>кі,</text>
        </lyric>
      </note>
      <note default-x="420">
        <pitch>
          <step>D</step>
          <octave>4</octave>
        </pitch>
        <duration>4</duration>
        <voice>1</voice>
        <type>eighth</type>
        <time-modification>
          <actual-notes>3</actual-notes>
          <normal-notes>2</normal-notes>
        </time-modification>
        <stem default-y="-7">up</stem>
        <beam number="1">continue</beam>
      </note>
      <note default-x="449">
        <pitch>
          <step>C</step>
          <octave>4</octave>
        </pitch>
        <duration>4</duration>
        <voice>1</voice>
        <type>eighth</type>
        <time-modification>
          <actual-notes>3</actual-notes>
          <normal-notes>2</normal-notes>
        </time-modification>
        <stem default-y="-10">up</stem>
        <beam number="1">end</beam>
        <notations>
          <tuplet number="1" type="stop"/>
          <slur bezier-x="-18" bezier-y="-11" default-x="6" default-y="-60" number="1" type="stop"/>
        </notations>
      </note>
    </measure>
    <!--=======================================================-->
    <measure number="2" width="306">
      <attributes>
        <time symbol="common">
          <beats>4</beats>
          <beat-type>4</beat-type>
        </time>
      </attributes>
      <note default-x="47">
        <pitch>
          <step>B</step>
          <alter>-1</alter>
          <octave>3</octave>
        </pitch>
        <duration>12</duration>
        <voice>1</voice>
        <type>quarter</type>
        <stem default-y="-20">up</stem>
        <lyric default-y="-92" number="1">
          <syllabic>single</syllabic>
          <text>на</text>
        </lyric>
      </note>
      <note default-x="108">
        <pitch>
          <step>C</step>
          <octave>4</octave>
        </pitch>
        <duration>12</duration>
        <voice>1</voice>
        <type>quarter</type>
        <stem default-y="-15">up</stem>
        <lyric default-y="-92" number="1">
          <syllabic>begin</syllabic>
          <text>Ор</text>
        </lyric>
      </note>
      <note default-x="169">
        <pitch>
          <step>B</step>
          <alter>-1</alter>
          <octave>3</octave>
        </pitch>
        <duration>12</duration>
        <voice>1</voice>
        <type>quarter</type>
        <stem default-y="-20">up</stem>
        <lyric default-y="-92" number="1">
          <syllabic>middle</syllabic>
          <text>дань</text>
        </lyric>
      </note>
      <note default-x="230">
        <pitch>
          <step>B</step>
          <alter>-1</alter>
          <octave>3</octave>
        </pitch>
        <duration>6</duration>
        <voice>1</voice>
        <type>eighth</type>
        <stem default-y="-20">up</stem>
        <lyric default-y="-92" number="1">
          <syllabic>end</syllabic>
          <text>ці</text>
        </lyric>
      </note>
      <note default-x="268">
        <rest/>
        <duration>6</duration>
        <voice>1</voice>
        <type>eighth</type>
      </note>
    </measure>
    <!--=======================================================-->
    <measure number="3" width="297">
      <print new-system="yes">
        <system-layout>
          <system-distance>72</system-distance>
        </system-layout>
      </print>
      <note default-x="86">
        <pitch>
          <step>E</step>
          <alter>-1</alter>
          <octave>4</octave>
        </pitch>
        <duration>12</duration>
        <voice>1</voice>
        <type>quarter</type>
        <stem default-y="-5">up</stem>
        <lyric default-y="-83" number="1">
          <syllabic>begin</syllabic>
          <text>ти</text>
        </lyric>
      </note>
      <note default-x="133">
        <pitch>
          <step>E</step>
          <alter>-1</alter>
          <octave>4</octave>
        </pitch>
        <duration>12</duration>
        <voice>1</voice>
        <type>quarter</type>
        <stem default-y="-5">up</stem>
        <lyric default-y="-83" number="1">
          <syllabic>end</syllabic>
          <text>ха</text>
        </lyric>
      </note>
      <note default-x="179">
        <pitch>
          <step>E</step>
          <alter>-1</alter>
          <octave>4</octave>
        </pitch>
        <duration>12</duration>
        <voice>1</voice>
        <type>quarter</type>
        <stem default-y="-5">up</stem>
        <lyric default-y="-83" number="1">
          <syllabic>begin</syllabic>
          <text>во</text>
        </lyric>
      </note>
      <note default-x="225">
        <pitch>
          <step>D</step>
          <octave>4</octave>
        </pitch>
        <duration>3</duration>
        <voice>1</voice>
        <type>16th</type>
        <stem default-y="0">up</stem>
        <beam number="1">begin</beam>
        <beam number="2">begin</beam>
        <notations>
          <slur bezier-x="15" bezier-y="-13" default-x="6" default-y="-55" number="1" placement="below" type="start"/>
        </notations>
        <lyric default-y="-83" number="1" relative-x="3">
          <syllabic>end</syllabic>
          <text>да</text>
        </lyric>
      </note>
      <note default-x="243">
        <pitch>
          <step>F</step>
          <octave>4</octave>
        </pitch>
        <duration>3</duration>
        <voice>1</voice>
        <type>16th</type>
        <stem default-y="0">up</stem>
        <beam number="1">continue</beam>
        <beam number="2">continue</beam>
      </note>
      <note default-x="261">
        <pitch>
          <step>E</step>
          <alter>-1</alter>
          <octave>4</octave>
        </pitch>
        <duration>3</duration>
        <voice>1</voice>
        <type>16th</type>
        <stem default-y="0">up</stem>
        <beam number="1">continue</beam>
        <beam number="2">continue</beam>
      </note>
      <note default-x="279">
        <pitch>
          <step>D</step>
          <octave>4</octave>
        </pitch>
        <duration>3</duration>
        <voice>1</voice>
        <type>16th</type>
        <stem default-y="0">up</stem>
        <beam number="1">end</beam>
        <beam number="2">end</beam>
        <notations>
          <slur bezier-x="-15" bezier-y="-13" default-x="6" default-y="-55" number="1" type="stop"/>
        </notations>
      </note>
    </measure>
    <!--=======================================================-->
    <measure number="4" width="225">
      <note default-x="25">
        <pitch>
          <step>D</step>
          <alter>-1</alter>
          <octave>4</octave>
        </pitch>
        <duration>6</duration>
        <voice>1</voice>
        <type>eighth</type>
        <accidental>flat</accidental>
        <stem default-y="-10">up</stem>
        <beam number="1">begin</beam>
        <notations>
          <slur bezier-x="13" bezier-y="-16" default-x="6" default-y="-55" number="1" placement="below" type="start"/>
        </notations>
        <lyric default-y="-83" number="1">
          <syllabic>begin</syllabic>
          <text>сто</text>
        </lyric>
      </note>
      <note default-x="53">
        <pitch>
          <step>C</step>
          <octave>4</octave>
        </pitch>
        <duration>6</duration>
        <voice>1</voice>
        <type>eighth</type>
        <stem default-y="-12">up</stem>
        <beam number="1">continue</beam>
      </note>
      <note default-x="80">
        <pitch>
          <step>B</step>
          <alter>-1</alter>
          <octave>3</octave>
        </pitch>
        <duration>6</duration>
        <voice>1</voice>
        <type>eighth</type>
        <stem default-y="-15">up</stem>
        <beam number="1">end</beam>
        <notations>
          <slur bezier-x="-18" bezier-y="-11" default-x="6" default-y="-65" number="1" type="stop"/>
        </notations>
      </note>
      <note default-x="108">
        <pitch>
          <step>D</step>
          <alter>-1</alter>
          <octave>4</octave>
        </pitch>
        <duration>6</duration>
        <voice>1</voice>
        <type>eighth</type>
        <stem default-y="-10">up</stem>
        <lyric default-y="-83" number="1">
          <syllabic>middle</syllabic>
          <text>я</text>
        </lyric>
      </note>
      <note default-x="138">
        <pitch>
          <step>C</step>
          <octave>4</octave>
        </pitch>
        <duration>18</duration>
        <voice>1</voice>
        <type>quarter</type>
        <dot/>
        <stem default-y="-15">up</stem>
        <lyric default-y="-83" number="1">
          <syllabic>end</syllabic>
          <text>ла.</text>
        </lyric>
      </note>
      <note default-x="197">
        <rest/>
        <duration>6</duration>
        <voice>1</voice>
        <type>eighth</type>
      </note>
    </measure>
    <!--=======================================================-->
    <measure number="5" width="322">
      <barline location="left">
        <bar-style>heavy-light</bar-style>
        <repeat direction="forward" winged="none"/>
      </barline>
      <note default-x="33">
        <pitch>
          <step>C</step>
          <octave>4</octave>
        </pitch>
        <duration>6</duration>
        <voice>1</voice>
        <type>eighth</type>
        <stem default-y="-15">up</stem>
        <lyric default-y="-83" number="1">
          <syllabic>single</syllabic>
          <text>Там</text>
        </lyric>
      </note>
      <note default-x="74">
        <pitch>
          <step>B</step>
          <alter>-1</alter>
          <octave>3</octave>
        </pitch>
        <duration>6</duration>
        <voice>1</voice>
        <type>eighth</type>
        <stem default-y="-20">up</stem>
        <lyric default-y="-83" number="1">
          <syllabic>begin</syllabic>
          <text>пре</text>
        </lyric>
      </note>
      <note default-x="115">
        <pitch>
          <step>C</step>
          <octave>4</octave>
        </pitch>
        <duration>6</duration>
        <voice>1</voice>
        <type>eighth</type>
        <stem default-y="-15">up</stem>
        <lyric default-y="-83" number="1">
          <syllabic>middle</syllabic>
          <text>чис</text>
        </lyric>
      </note>
      <note default-x="153">
        <pitch>
          <step>D</step>
          <octave>4</octave>
        </pitch>
        <duration>6</duration>
        <voice>1</voice>
        <type>eighth</type>
        <stem default-y="-10">up</stem>
        <lyric default-y="-83" number="1">
          <syllabic>end</syllabic>
          <text>та</text>
        </lyric>
      </note>
      <note default-x="190">
        <pitch>
          <step>E</step>
          <alter>-1</alter>
          <octave>4</octave>
        </pitch>
        <duration>12</duration>
        <voice>1</voice>
        <type>quarter</type>
        <stem default-y="-5">up</stem>
        <lyric default-y="-83" number="1">
          <syllabic>begin</syllabic>
          <text>Дє</text>
        </lyric>
      </note>
      <note default-x="243">
        <pitch>
          <step>E</step>
          <alter>-1</alter>
          <octave>4</octave>
        </pitch>
        <duration>3</duration>
        <voice>1</voice>
        <type>16th</type>
        <stem default-y="-5">up</stem>
        <beam number="1">begin</beam>
        <beam number="2">begin</beam>
        <notations>
          <slur bezier-x="10" bezier-y="-15" default-x="6" default-y="-50" number="1" placement="below" type="start"/>
        </notations>
        <lyric default-y="-83" number="1" relative-x="3">
          <syllabic>end</syllabic>
          <text>ва</text>
        </lyric>
      </note>
      <note default-x="265">
        <pitch>
          <step>D</step>
          <octave>4</octave>
        </pitch>
        <duration>3</duration>
        <voice>1</voice>
        <type>16th</type>
        <stem default-y="-7">up</stem>
        <beam number="1">continue</beam>
        <beam number="2">end</beam>
      </note>
      <note default-x="288">
        <pitch>
          <step>C</step>
          <octave>4</octave>
        </pitch>
        <duration>6</duration>
        <voice>1</voice>
        <type>eighth</type>
        <stem default-y="-10">up</stem>
        <beam number="1">end</beam>
        <notations>
          <slur bezier-x="-16" bezier-y="-9" default-x="6" default-y="-60" number="1" type="stop"/>
        </notations>
      </note>
    </measure>
    <!--=======================================================-->
    <measure number="6" width="345">
      <print new-system="yes">
        <system-layout>
          <system-distance>80</system-distance>
        </system-layout>
      </print>
      <note default-x="89">
        <pitch>
          <step>B</step>
          <alter>-1</alter>
          <octave>3</octave>
        </pitch>
        <duration>12</duration>
        <voice>1</voice>
        <type>quarter</type>
        <stem default-y="-20">up</stem>
        <lyric default-y="-96" number="1">
          <syllabic>begin</syllabic>
          <text>сво</text>
        </lyric>
      </note>
      <note default-x="142">
        <pitch>
          <step>B</step>
          <alter>-1</alter>
          <octave>3</octave>
        </pitch>
        <duration>6</duration>
        <voice>1</voice>
        <type>eighth</type>
        <stem default-y="-20">up</stem>
        <notations>
          <slur bezier-x="10" bezier-y="-10" dash-length="7.5" default-x="6" default-y="-65" line-type="dashed" number="1" placement="below" space-length="7.5" type="start"/>
        </notations>
        <lyric default-y="-96" number="1">
          <syllabic>end</syllabic>
          <text>го</text>
        </lyric>
      </note>
      <note default-x="179">
        <pitch>
          <step>B</step>
          <alter>-1</alter>
          <octave>3</octave>
        </pitch>
        <duration>6</duration>
        <voice>1</voice>
        <type>eighth</type>
        <stem default-y="-20">up</stem>
        <notations>
          <slur bezier-x="-10" bezier-y="-10" default-x="6" default-y="-65" number="1" type="stop"/>
        </notations>
      </note>
      <note default-x="215">
        <pitch>
          <step>B</step>
          <alter>-1</alter>
          <octave>3</octave>
        </pitch>
        <duration>12</duration>
        <voice>1</voice>
        <type>quarter</type>
        <stem default-y="-20">up</stem>
        <lyric default-y="-96" number="1">
          <syllabic>begin</syllabic>
          <text>Си</text>
        </lyric>
      </note>
      <note default-x="269">
        <pitch>
          <step>C</step>
          <octave>4</octave>
        </pitch>
        <duration>6</duration>
        <voice>1</voice>
        <type>eighth</type>
        <stem default-y="-15">up</stem>
        <notations>
          <slur bezier-x="9" bezier-y="-14" dash-length="7.5" default-x="6" default-y="-60" line-type="dashed" number="1" placement="below" space-length="7.5" type="start"/>
        </notations>
        <lyric default-y="-96" number="1">
          <syllabic>end</syllabic>
          <text>на</text>
        </lyric>
      </note>
      <note default-x="309">
        <pitch>
          <step>A</step>
          <alter>-1</alter>
          <octave>3</octave>
        </pitch>
        <duration>6</duration>
        <voice>1</voice>
        <type>eighth</type>
        <accidental>flat</accidental>
        <stem default-y="-20">up</stem>
        <notations>
          <slur bezier-x="-14" bezier-y="-8" default-x="6" default-y="-70" number="1" type="stop"/>
        </notations>
        <lyric default-y="-96" number="1">
          <syllabic>single</syllabic>
          <text>й</text>
        </lyric>
      </note>
    </measure>
    <!--=======================================================-->
    <measure number="7" width="260">
      <barline location="left">
        <ending default-y="40" end-length="30" font-size="10" number="1" print-object="yes" system="only-top" type="start">1</ending>
      </barline>
      <note default-x="25">
        <pitch>
          <step>A</step>
          <alter>-1</alter>
          <octave>3</octave>
        </pitch>
        <duration>6</duration>
        <voice>1</voice>
        <type>eighth</type>
        <accidental>flat</accidental>
        <stem default-y="-20">up</stem>
        <notations>
          <slur bezier-x="8" bezier-y="-11" default-x="6" default-y="-70" number="1" placement="below" type="start"/>
        </notations>
        <lyric default-y="-96" number="1">
          <syllabic>begin</syllabic>
          <text>ку</text>
        </lyric>
      </note>
      <note default-x="57">
        <pitch>
          <step>G</step>
          <octave>3</octave>
        </pitch>
        <duration>12</duration>
        <voice>1</voice>
        <type>quarter</type>
        <stem default-y="-20">up</stem>
        <notations>
          <slur bezier-x="-10" bezier-y="-8" default-x="6" default-y="-75" number="1" type="stop"/>
        </notations>
      </note>
      <note default-x="108">
        <pitch>
          <step>A</step>
          <alter>-1</alter>
          <octave>3</octave>
        </pitch>
        <duration>6</duration>
        <voice>1</voice>
        <type>eighth</type>
        <stem default-y="-20">up</stem>
        <lyric default-y="-96" number="1">
          <syllabic>middle</syllabic>
          <text>па</text>
        </lyric>
      </note>
      <note default-x="139">
        <pitch>
          <step>G</step>
          <octave>3</octave>
        </pitch>
        <duration>12</duration>
        <voice>1</voice>
        <type>quarter</type>
        <stem default-y="-20">up</stem>
        <notations>
          <slur bezier-x="18" bezier-y="-9" default-x="6" default-y="-75" number="1" placement="below" type="start"/>
        </notations>
        <lyric default-y="-96" number="1">
          <syllabic>end</syllabic>
          <text>ла.</text>
        </lyric>
      </note>
      <note default-x="190">
        <pitch>
          <step>C</step>
          <octave>4</octave>
        </pitch>
        <duration>12</duration>
        <voice>1</voice>
        <type>quarter</type>
        <stem default-y="-15">up</stem>
        <notations>
          <slur bezier-x="-11" bezier-y="-17" default-x="6" default-y="-60" number="1" type="stop"/>
        </notations>
      </note>
      <barline location="right">
        <bar-style>light-heavy</bar-style>
        <ending number="1" print-object="yes" system="only-top" type="stop"/>
        <repeat direction="backward" winged="none"/>
      </barline>
    </measure>
    <!--=======================================================-->
    <measure number="8" width="239">
      <barline location="left">
        <ending default-y="40" end-length="30" font-size="10" number="2" print-object="yes" system="only-top" type="start">2</ending>
      </barline>
      <note default-x="24">
        <pitch>
          <step>A</step>
          <alter>-1</alter>
          <octave>3</octave>
        </pitch>
        <duration>6</duration>
        <voice>1</voice>
        <type>eighth</type>
        <accidental>flat</accidental>
        <stem default-y="-15">up</stem>
        <beam number="1">begin</beam>
        <notations>
          <slur bezier-x="15" bezier-y="-17" default-x="6" default-y="-70" number="1" placement="below" type="start"/>
        </notations>
        <lyric default-y="-96" number="1">
          <syllabic>single</syllabic>
          <text>/</text>
          <elision> </elision>
          <syllabic>begin</syllabic>
          <text>ку</text>
        </lyric>
      </note>
      <note default-x="55">
        <pitch>
          <step>G</step>
          <octave>3</octave>
        </pitch>
        <duration>6</duration>
        <voice>1</voice>
        <type>eighth</type>
        <stem default-y="-17">up</stem>
        <beam number="1">continue</beam>
      </note>
      <note default-x="86">
        <pitch>
          <step>F</step>
          <octave>3</octave>
        </pitch>
        <duration>6</duration>
        <voice>1</voice>
        <type>eighth</type>
        <stem default-y="-20">up</stem>
        <beam number="1">end</beam>
        <notations>
          <slur bezier-x="-20" bezier-y="-12" default-x="6" default-y="-80" number="1" type="stop"/>
        </notations>
      </note>
      <note default-x="117">
        <pitch>
          <step>A</step>
          <alter>-1</alter>
          <octave>3</octave>
        </pitch>
        <duration>6</duration>
        <voice>1</voice>
        <type>eighth</type>
        <stem default-y="-20">up</stem>
        <lyric default-y="-96" number="1">
          <syllabic>middle</syllabic>
          <text>па</text>
        </lyric>
      </note>
      <note default-x="148">
        <pitch>
          <step>G</step>
          <octave>3</octave>
        </pitch>
        <duration>24</duration>
        <voice>1</voice>
        <type>half</type>
        <stem default-y="-20">up</stem>
        <lyric default-y="-96" number="1">
          <syllabic>end</syllabic>
          <text>ла.</text>
        </lyric>
      </note>
      <barline location="right">
        <bar-style>light-heavy</bar-style>
        <ending number="2" print-object="yes" system="only-top" type="stop"/>
      </barline>
    </measure>
  </part>
  <!--=========================================================-->
</score-partwise>
