<?xml version="1.0" encoding="UTF-8" standalone="no"?>
<!DOCTYPE score-partwise PUBLIC "-//Recordare//DTD MusicXML 4.0 Partwise//EN" "http://www.musicxml.org/dtds/partwise.dtd">
<score-partwise version="4.0">
  <identification>
    <encoding>
      <software>Finale v27.3 for Windows</software>
      <encoding-date>2024-05-20</encoding-date>
      <supports attribute="new-system" element="print" type="yes" value="yes"/>
      <supports attribute="new-page" element="print" type="yes" value="yes"/>
      <supports element="accidental" type="yes"/>
      <supports element="beam" type="yes"/>
      <supports element="stem" type="yes"/>
    </encoding>
  </identification>
  <defaults>
    <scaling>
      <millimeters>8.4667</millimeters>
      <tenths>40</tenths>
    </scaling>
    <page-layout>
      <page-height>1320</page-height>
      <page-width>1020</page-width>
      <page-margins type="both">
        <left-margin>60</left-margin>
        <right-margin>60</right-margin>
        <top-margin>60</top-margin>
        <bottom-margin>60</bottom-margin>
      </page-margins>
    </page-layout>
    <system-layout>
      <system-margins>
        <left-margin>0</left-margin>
        <right-margin>0</right-margin>
      </system-margins>
      <system-distance>110</system-distance>
      <top-system-distance>67</top-system-distance>
    </system-layout>
    <appearance>
      <line-width type="stem">0.7682</line-width>
      <line-width type="beam">5</line-width>
      <line-width type="staff">0.7682</line-width>
      <line-width type="light barline">0.7682</line-width>
      <line-width type="heavy barline">5</line-width>
      <line-width type="leger">0.7682</line-width>
      <line-width type="ending">0.7682</line-width>
      <line-width type="wedge">0.7682</line-width>
      <line-width type="enclosure">0.7682</line-width>
      <line-width type="tuplet bracket">0.7682</line-width>
      <note-size type="grace">50</note-size>
      <note-size type="cue">50</note-size>
      <distance type="hyphen">60</distance>
      <distance type="beam">7.5</distance>
    </appearance>
    <music-font font-family="Finale Maestro,engraved" font-size="24"/>
    <word-font font-family="Times New Roman" font-size="12"/>
    <lyric-font font-family="Times New Roman" font-size="12"/>
  </defaults>
  <credit page="1">
    <credit-words default-x="348" default-y="881" font-size="19" valign="top">145. Пустіт козуню (ОК-ТК-01)</credit-words>
  </credit>
  <credit page="1">
    <credit-words default-x="137" default-y="615" font-size="17" valign="top" xml:space="preserve">1. Пустіт козуню,
Пустіт до хати,
Наша козуня
Загріє п’яти.
Приспів:*
Гоц, коза, тпруц, коза,
Коза з козенятком,
Щоб не ходила
По селі з ягнятком.</credit-words>
  </credit>
  <credit page="1">
    <credit-words default-x="119" default-y="306" valign="top" xml:space="preserve">Зап. 1927 р. Харків В. у с. Княгинин Кам’янець-Подільського р-ну Хмельницької обл. – ІМФЕ, ф. 
6-3, од. зб. 77, арк. 126, № 76.</credit-words>
  </credit>
  <credit page="1">
    <credit-words default-x="116" default-y="84" valign="top">* Цей приспів виконують за кожною строфою пісні. (Л. Є.)</credit-words>
  </credit>
  <credit page="1">
    <credit-words default-x="468" default-y="613" font-size="17" valign="top" xml:space="preserve">2. Пустіт козуню,
Пустіт до груби,
Наша козуня 
Загріє зуби.
3. Пустіт козуню,
Пустіт до миски,
Наша козуня 
Загріє писки.</credit-words>
  </credit>
  <credit page="1">
    <credit-words default-x="722" default-y="610" font-size="17" valign="top" xml:space="preserve">4. Пустіт козуню,
Пустіт до печі,
Наша козуня 
Загріє плечі.</credit-words>
  </credit>
  <credit page="1">
    <credit-words default-x="525" default-y="46" valign="top">130</credit-words>
  </credit>
  <part-list>
    <score-part id="P1">
      <part-name print-object="no">MusicXML Part</part-name>
      <group>score</group>
      <score-instrument id="P1-I1">
        <instrument-name>Èíñòðóìåíò 1</instrument-name>
      </score-instrument>
      <midi-instrument id="P1-I1">
        <midi-channel>1</midi-channel>
        <midi-program>1</midi-program>
        <volume>80</volume>
        <pan>0</pan>
      </midi-instrument>
    </score-part>
  </part-list>
  <!--=========================================================-->
  <part id="P1">
    <measure number="1" width="277">
      <print>
        <page-layout>
          <page-height>1320</page-height>
          <page-width>1020</page-width>
          <page-margins>
            <left-margin>116</left-margin>
            <right-margin>60</right-margin>
            <top-margin>60</top-margin>
            <bottom-margin>60</bottom-margin>
          </page-margins>
        </page-layout>
        <system-layout>
          <system-margins>
            <left-margin>32</left-margin>
            <right-margin>29</right-margin>
          </system-margins>
          <top-system-distance>427</top-system-distance>
        </system-layout>
        <measure-numbering>none</measure-numbering>
      </print>
      <attributes>
        <divisions>2</divisions>
        <key>
          <fifths>1</fifths>
          <mode>major</mode>
        </key>
        <time symbol="common">
          <beats>4</beats>
          <beat-type>4</beat-type>
        </time>
        <clef>
          <sign>G</sign>
          <line>2</line>
        </clef>
      </attributes>
      <sound tempo="96">
        <swing>
          <straight/>
        </swing>
      </sound>
      <note default-x="108">
        <pitch>
          <step>B</step>
          <octave>4</octave>
        </pitch>
        <duration>2</duration>
        <voice>1</voice>
        <type>quarter</type>
        <stem default-y="-55">down</stem>
        <lyric default-y="-75" number="2" relative-x="5">
          <syllabic>single</syllabic>
          <text>1.</text>
          <elision> </elision>
          <syllabic>begin</syllabic>
          <text>Пус</text>
        </lyric>
      </note>
      <note default-x="159">
        <pitch>
          <step>C</step>
          <octave>5</octave>
        </pitch>
        <duration>1</duration>
        <voice>1</voice>
        <type>eighth</type>
        <stem default-y="-50">down</stem>
        <lyric default-y="-75" number="2">
          <syllabic>end</syllabic>
          <text>тіт</text>
        </lyric>
      </note>
      <note default-x="188">
        <pitch>
          <step>B</step>
          <octave>4</octave>
        </pitch>
        <duration>1</duration>
        <voice>1</voice>
        <type>eighth</type>
        <stem default-y="-55">down</stem>
        <lyric default-y="-75" number="2">
          <syllabic>begin</syllabic>
          <text>ко</text>
        </lyric>
      </note>
      <note default-x="215">
        <pitch>
          <step>A</step>
          <octave>4</octave>
        </pitch>
        <duration>2</duration>
        <voice>1</voice>
        <type>quarter</type>
        <stem default-y="10">up</stem>
        <lyric default-y="-75" number="2">
          <syllabic>middle</syllabic>
          <text>зу</text>
        </lyric>
      </note>
      <note default-x="245">
        <pitch>
          <step>G</step>
          <octave>4</octave>
        </pitch>
        <duration>2</duration>
        <voice>1</voice>
        <type>quarter</type>
        <stem default-y="5">up</stem>
        <lyric default-y="-75" number="2">
          <syllabic>end</syllabic>
          <text>ню,</text>
        </lyric>
      </note>
    </measure>
    <!--=======================================================-->
    <measure number="2" width="168">
      <note default-x="13">
        <pitch>
          <step>B</step>
          <octave>4</octave>
        </pitch>
        <duration>2</duration>
        <voice>1</voice>
        <type>quarter</type>
        <stem default-y="-55">down</stem>
        <lyric default-y="-75" number="2">
          <syllabic>begin</syllabic>
          <text>пус</text>
        </lyric>
      </note>
      <note default-x="49">
        <pitch>
          <step>C</step>
          <octave>5</octave>
        </pitch>
        <duration>1</duration>
        <voice>1</voice>
        <type>eighth</type>
        <stem default-y="-50">down</stem>
        <lyric default-y="-75" number="2">
          <syllabic>end</syllabic>
          <text>тіт</text>
        </lyric>
      </note>
      <note default-x="80">
        <pitch>
          <step>B</step>
          <octave>4</octave>
        </pitch>
        <duration>1</duration>
        <voice>1</voice>
        <type>eighth</type>
        <stem default-y="-55">down</stem>
        <lyric default-y="-75" number="2">
          <syllabic>single</syllabic>
          <text>до</text>
        </lyric>
      </note>
      <note default-x="109">
        <pitch>
          <step>A</step>
          <octave>4</octave>
        </pitch>
        <duration>2</duration>
        <voice>1</voice>
        <type>quarter</type>
        <stem default-y="10">up</stem>
        <lyric default-y="-75" number="2">
          <syllabic>begin</syllabic>
          <text>ха</text>
        </lyric>
      </note>
      <note default-x="138">
        <pitch>
          <step>G</step>
          <octave>4</octave>
        </pitch>
        <duration>2</duration>
        <voice>1</voice>
        <type>quarter</type>
        <stem default-y="5">up</stem>
        <lyric default-y="-75" number="2">
          <syllabic>end</syllabic>
          <text>ти,</text>
        </lyric>
      </note>
    </measure>
    <!--=======================================================-->
    <measure number="3" width="168">
      <note default-x="13">
        <pitch>
          <step>E</step>
          <octave>4</octave>
        </pitch>
        <duration>2</duration>
        <voice>1</voice>
        <type>quarter</type>
        <stem default-y="-5">up</stem>
        <lyric default-y="-75" number="2">
          <syllabic>begin</syllabic>
          <text>на</text>
        </lyric>
      </note>
      <note default-x="46">
        <pitch>
          <step>E</step>
          <octave>4</octave>
        </pitch>
        <duration>1</duration>
        <voice>1</voice>
        <type>eighth</type>
        <stem default-y="-5">up</stem>
        <lyric default-y="-75" number="2">
          <syllabic>end</syllabic>
          <text>ша</text>
        </lyric>
      </note>
      <note default-x="78">
        <pitch>
          <step>G</step>
          <octave>4</octave>
        </pitch>
        <duration>1</duration>
        <voice>1</voice>
        <type>eighth</type>
        <stem default-y="5">up</stem>
        <lyric default-y="-75" number="2">
          <syllabic>begin</syllabic>
          <text>ко</text>
        </lyric>
      </note>
      <note default-x="109">
        <pitch>
          <step>A</step>
          <octave>4</octave>
        </pitch>
        <duration>2</duration>
        <voice>1</voice>
        <type>quarter</type>
        <stem default-y="10">up</stem>
        <lyric default-y="-75" number="2">
          <syllabic>middle</syllabic>
          <text>зу</text>
        </lyric>
      </note>
      <note default-x="139">
        <pitch>
          <step>G</step>
          <octave>4</octave>
        </pitch>
        <duration>2</duration>
        <voice>1</voice>
        <type>quarter</type>
        <stem default-y="5">up</stem>
        <lyric default-y="-75" number="2">
          <syllabic>end</syllabic>
          <text>ня</text>
        </lyric>
      </note>
    </measure>
    <!--=======================================================-->
    <measure number="4" width="169">
      <note default-x="13">
        <pitch>
          <step>E</step>
          <octave>4</octave>
        </pitch>
        <duration>2</duration>
        <voice>1</voice>
        <type>quarter</type>
        <stem default-y="-5">up</stem>
        <lyric default-y="-75" number="2">
          <syllabic>begin</syllabic>
          <text>за</text>
        </lyric>
      </note>
      <note default-x="43">
        <pitch>
          <step>E</step>
          <octave>4</octave>
        </pitch>
        <duration>1</duration>
        <voice>1</voice>
        <type>eighth</type>
        <stem default-y="-5">up</stem>
        <lyric default-y="-75" number="2">
          <syllabic>middle</syllabic>
          <text>грі</text>
        </lyric>
      </note>
      <note default-x="72">
        <pitch>
          <step>E</step>
          <octave>4</octave>
        </pitch>
        <duration>1</duration>
        <voice>1</voice>
        <type>eighth</type>
        <stem default-y="-5">up</stem>
        <lyric default-y="-75" number="2">
          <syllabic>end</syllabic>
          <text>є</text>
        </lyric>
      </note>
      <note default-x="106">
        <pitch>
          <step>E</step>
          <octave>4</octave>
        </pitch>
        <duration>2</duration>
        <voice>1</voice>
        <type>quarter</type>
        <stem default-y="-5">up</stem>
        <lyric default-y="-75" number="2">
          <syllabic>begin</syllabic>
          <text>п’я</text>
        </lyric>
      </note>
      <note default-x="139">
        <pitch>
          <step>E</step>
          <octave>4</octave>
        </pitch>
        <duration>2</duration>
        <voice>1</voice>
        <type>quarter</type>
        <stem default-y="-5">up</stem>
        <lyric default-y="-75" number="2">
          <syllabic>end</syllabic>
          <text>ти.</text>
        </lyric>
      </note>
    </measure>
    <!--=======================================================-->
    <measure number="5" width="373">
      <print new-system="yes">
        <system-layout>
          <system-distance>71</system-distance>
        </system-layout>
      </print>
      <barline location="left">
        <bar-style>heavy-light</bar-style>
        <repeat direction="forward" winged="none"/>
      </barline>
      <direction placement="above">
        <direction-type>
          <words default-y="7" relative-x="-5">Приспів</words>
        </direction-type>
      </direction>
      <note default-x="95">
        <pitch>
          <step>B</step>
          <octave>4</octave>
        </pitch>
        <duration>2</duration>
        <voice>1</voice>
        <type>quarter</type>
        <stem default-y="-55">down</stem>
        <lyric default-y="-79" number="2">
          <syllabic>single</syllabic>
          <text>Гоц,</text>
        </lyric>
        <lyric default-y="-102" number="3">
          <syllabic>single</syllabic>
          <text>щоб</text>
        </lyric>
      </note>
      <note default-x="151">
        <pitch>
          <step>B</step>
          <octave>3</octave>
        </pitch>
        <duration>1</duration>
        <voice>1</voice>
        <type>eighth</type>
        <stem default-y="-20">up</stem>
        <lyric default-y="-79" number="2">
          <syllabic>begin</syllabic>
          <text>ко</text>
        </lyric>
        <lyric default-y="-102" number="3">
          <syllabic>single</syllabic>
          <text>не</text>
        </lyric>
      </note>
      <note default-x="190">
        <pitch>
          <step>B</step>
          <octave>3</octave>
        </pitch>
        <duration>1</duration>
        <voice>1</voice>
        <type>eighth</type>
        <stem default-y="-20">up</stem>
        <lyric default-y="-79" number="2">
          <syllabic>end</syllabic>
          <text>за,</text>
        </lyric>
        <lyric default-y="-102" number="3">
          <syllabic>begin</syllabic>
          <text>хо</text>
        </lyric>
      </note>
      <note default-x="237">
        <pitch>
          <step>E</step>
          <octave>4</octave>
        </pitch>
        <duration>2</duration>
        <voice>1</voice>
        <type>quarter</type>
        <stem default-y="-5">up</stem>
        <lyric default-y="-79" number="2">
          <syllabic>single</syllabic>
          <text>тпруц,</text>
        </lyric>
        <lyric default-y="-102" number="3">
          <syllabic>middle</syllabic>
          <text>ди</text>
        </lyric>
      </note>
      <note default-x="298">
        <pitch>
          <step>E</step>
          <octave>4</octave>
        </pitch>
        <duration>1</duration>
        <voice>1</voice>
        <type>eighth</type>
        <stem default-y="-5">up</stem>
        <lyric default-y="-79" number="2">
          <syllabic>begin</syllabic>
          <text>ко</text>
        </lyric>
        <lyric default-y="-102" number="3">
          <syllabic>end</syllabic>
          <text>ла</text>
        </lyric>
      </note>
      <note default-x="335">
        <pitch>
          <step>G</step>
          <octave>4</octave>
        </pitch>
        <duration>1</duration>
        <voice>1</voice>
        <type>eighth</type>
        <stem default-y="5">up</stem>
        <lyric default-y="-79" number="2">
          <syllabic>end</syllabic>
          <text>за,</text>
        </lyric>
      </note>
    </measure>
    <!--=======================================================-->
    <measure number="6" width="290">
      <barline location="left">
        <ending default-y="40" end-length="30" font-size="10" number="1" print-object="yes" system="only-top" type="start">1</ending>
      </barline>
      <note default-x="13">
        <pitch>
          <step>B</step>
          <octave>4</octave>
        </pitch>
        <duration>1</duration>
        <voice>1</voice>
        <type>eighth</type>
        <stem default-y="-55">down</stem>
        <lyric default-y="-79" number="2">
          <syllabic>begin</syllabic>
          <text>ко</text>
        </lyric>
        <lyric default-y="-102" number="3">
          <syllabic>single</syllabic>
          <text>по</text>
        </lyric>
      </note>
      <note default-x="49">
        <pitch>
          <step>B</step>
          <octave>4</octave>
        </pitch>
        <duration>1</duration>
        <voice>1</voice>
        <type>eighth</type>
        <stem default-y="-55">down</stem>
        <lyric default-y="-79" number="2">
          <syllabic>end</syllabic>
          <text>за</text>
        </lyric>
        <lyric default-y="-102" number="3">
          <syllabic>begin</syllabic>
          <text>се</text>
        </lyric>
      </note>
      <note default-x="85">
        <pitch>
          <step>B</step>
          <octave>3</octave>
        </pitch>
        <duration>1</duration>
        <voice>1</voice>
        <type>eighth</type>
        <stem default-y="-20">up</stem>
        <lyric default-y="-79" number="2">
          <syllabic>single</syllabic>
          <text>з</text>
          <elision> </elision>
          <syllabic>begin</syllabic>
          <text>ко</text>
        </lyric>
        <lyric default-y="-102" number="3">
          <syllabic>end</syllabic>
          <text>лі</text>
        </lyric>
      </note>
      <note default-x="121">
        <pitch>
          <step>B</step>
          <octave>3</octave>
        </pitch>
        <duration>1</duration>
        <voice>1</voice>
        <type>eighth</type>
        <stem default-y="-20">up</stem>
        <lyric default-y="-79" number="2">
          <syllabic>middle</syllabic>
          <text>зе</text>
        </lyric>
        <lyric default-y="-102" number="3" relative-x="6">
          <syllabic>single</syllabic>
          <text>з</text>
          <elision> </elision>
          <syllabic>begin</syllabic>
          <text>яг</text>
        </lyric>
      </note>
      <note default-x="158">
        <pitch>
          <step>E</step>
          <octave>4</octave>
        </pitch>
        <duration>2</duration>
        <voice>1</voice>
        <type>quarter</type>
        <stem default-y="-5">up</stem>
        <lyric default-y="-79" number="2">
          <syllabic>middle</syllabic>
          <text>нят</text>
        </lyric>
      </note>
      <note default-x="214">
        <pitch>
          <step>G</step>
          <octave>4</octave>
        </pitch>
        <duration>2</duration>
        <voice>1</voice>
        <type>quarter</type>
        <stem default-y="5">up</stem>
        <lyric default-y="-79" number="2">
          <syllabic>end</syllabic>
          <text>ком,</text>
        </lyric>
      </note>
      <barline location="right">
        <bar-style>light-heavy</bar-style>
        <ending number="1" print-object="yes" system="only-top" type="stop"/>
        <repeat direction="backward" winged="none"/>
      </barline>
    </measure>
    <!--=======================================================-->
    <measure number="7" width="181">
      <barline location="left">
        <ending default-y="40" end-length="30" font-size="10" number="2" print-object="yes" system="only-top" type="start">2</ending>
      </barline>
      <note default-x="13">
        <pitch>
          <step>E</step>
          <octave>4</octave>
        </pitch>
        <duration>2</duration>
        <voice>1</voice>
        <type>quarter</type>
        <stem default-y="-5">up</stem>
        <lyric default-y="-102" number="3">
          <syllabic>middle</syllabic>
          <text>нят</text>
        </lyric>
      </note>
      <note default-x="56">
        <pitch>
          <step>E</step>
          <octave>4</octave>
        </pitch>
        <duration>2</duration>
        <voice>1</voice>
        <type>quarter</type>
        <stem default-y="-5">up</stem>
        <lyric default-y="-102" number="3" relative-x="3">
          <syllabic>end</syllabic>
          <text>ком.</text>
        </lyric>
      </note>
      <note default-x="99">
        <rest/>
        <duration>4</duration>
        <voice>1</voice>
        <type>half</type>
      </note>
      <barline location="right">
        <bar-style>light-heavy</bar-style>
        <ending number="2" print-object="yes" system="only-top" type="stop"/>
      </barline>
    </measure>
  </part>
  <!--=========================================================-->
</score-partwise>
